<?xml version="1.0"?>
<metadata><idinfo><citation><citeinfo><onlink Sync="TRUE"></onlink><origin>REQUIRED: The name of an organization or individual that developed the data set.</origin><pubdate>REQUIRED: The date when the data set is published or otherwise made available for release.</pubdate><title Sync="TRUE">Roads_clip</title><ftname Sync="TRUE">Roads_clip</ftname><geoform Sync="TRUE">vector digital data</geoform></citeinfo></citation><ptcontac><cntinfo><cntpos>Primary Ordway-Swisher GIS contact</cntpos><cntemail>scoates@ufl.edu</cntemail><cntorgp><cntorg>University of Florida</cntorg><cntper>Steve Coates</cntper></cntorgp></cntinfo></ptcontac><descript><abstract>Geospatial data acquired for National Ecological Observation Network (NEON) Domain 3, Southeast, Ordway-Swisher Field Station.  Data provided by contact did not include metadata to describe data creation, history, or attributes.  See contact details for more information.</abstract><purpose>Data used for core site maps of Domain 3 Southeast sites around the Ordway-Swisher, FL.</purpose><langdata Sync="TRUE">en</langdata></descript><timeperd><timeinfo><sngdate><caldate>July 29th 2008</caldate></sngdate></timeinfo><current>publication date</current></timeperd><keywords><theme><themekey>Ordway-Swisher</themekey><themekey>NEON</themekey><themekey>Core Site</themekey><themekey>Domain 3</themekey><themekt>REQUIRED: Reference to a formally registered thesaurus or a similar authoritative source of theme keywords.</themekt></theme></keywords><accconst>Data to be used for NEON purposes only.</accconst><native Sync="TRUE">Microsoft Windows Vista Version 6.1 (Build 7601) Service Pack 1; ESRI ArcCatalog 9.3.1.1850</native><status><progress>REQUIRED: The state of the data set.</progress><update>As needed</update></status><spdom><bounding><westbc Sync="TRUE">-82.044364</westbc><eastbc Sync="TRUE">-81.939112</eastbc><northbc Sync="TRUE">29.738469</northbc><southbc Sync="TRUE">29.652874</southbc></bounding><lboundng><leftbc Sync="TRUE">399006.781250</leftbc><rightbc Sync="TRUE">409109.875000</rightbc><bottombc Sync="TRUE">3280777.000000</bottombc><topbc Sync="TRUE">3290176.000000</topbc></lboundng></spdom><useconst>Data to be used for NEON purposes only.</useconst><natvform Sync="TRUE">Shapefile</natvform><secinfo><secclass>Confidential</secclass></secinfo></idinfo><distInfo><distributor><distorTran><onLineSrc><linkage Sync="TRUE">file://</linkage><protocol Sync="TRUE">Local Area Network</protocol><orDesc Sync="TRUE">002</orDesc></onLineSrc><transSize Sync="TRUE">0.000</transSize></distorTran><distorFormat><formatName Sync="TRUE">Shapefile</formatName></distorFormat></distributor></distInfo><dataqual><lineage><procstep><procdesc Sync="TRUE">Metadata imported.</procdesc><srcused Sync="TRUE">H:\NEON\MetadataFinals\MetadataPrep\3\3_CoreMetadata.shp.xml</srcused><date Sync="TRUE">20080909</date><time Sync="TRUE">21483100</time></procstep><procstep><procdesc>renamed from: os_roads.shp</procdesc></procstep><procstep><procdesc Sync="TRUE">Dataset copied.</procdesc><srcused Sync="TRUE"></srcused><procdate Sync="TRUE">20120214</procdate><proctime Sync="TRUE">09323100</proctime></procstep></lineage></dataqual><Esri><ModDate>20120213</ModDate><ModTime>16321200</ModTime><CreaDate>20191204</CreaDate><CreaTime>21550800</CreaTime><SyncOnce>FALSE</SyncOnce><SyncDate>20120213</SyncDate><SyncTime>16321200</SyncTime><DataProperties><lineage><Process ToolSource="C:\Program Files (x86)\ArcGIS\ArcToolbox\Toolboxes\Analysis Tools.tbx\Clip" Date="20120213" Time="163213">Clip Roads OrdwaySwisher_Boundary E:\Site_GIS_Data\03_Southeast\3_CORE_Ordway\3_RawData\Roads_clip.shp #</Process><Process ToolSource="C:\Program Files (x86)\ArcGIS\ArcToolbox\Toolboxes\Data Management Tools.tbx\Project" Date="20120214" Time="093231">Project Roads_clip E:\Site_GIS_Data\03_Southeast\3_CORE_Ordway\3_RawData\Roads_clip_Project.shp PROJCS['WGS_1984_UTM_Zone_17N',GEOGCS['GCS_WGS_1984',DATUM['D_WGS_1984',SPHEROID['WGS_1984',6378137.0,298.257223563]],PRIMEM['Greenwich',0.0],UNIT['Degree',0.0174532925199433]],PROJECTION['Transverse_Mercator'],PARAMETER['False_Easting',500000.0],PARAMETER['False_Northing',0.0],PARAMETER['Central_Meridian',-81.0],PARAMETER['Scale_Factor',0.9996],PARAMETER['Latitude_Of_Origin',0.0],UNIT['Meter',1.0]] NAD_1983_HARN_To_WGS_1984 PROJCS['NAD_1983_HARN_UTM_Zone_17N',GEOGCS['GCS_North_American_1983_HARN',DATUM['D_North_American_1983_HARN',SPHEROID['GRS_1980',6378137.0,298.257222101]],PRIMEM['Greenwich',0.0],UNIT['Degree',0.0174532925199433]],PROJECTION['Transverse_Mercator'],PARAMETER['False_Easting',500000.0],PARAMETER['False_Northing',0.0],PARAMETER['Central_Meridian',-81.0],PARAMETER['Scale_Factor',0.9996],PARAMETER['Latitude_Of_Origin',0.0],UNIT['Meter',1.0]]</Process></lineage><itemProps><itemLocation><linkage Sync="TRUE">file://\\eco.neoninternal.org\neon\Science\GISData\TOS\TOS_Plot_Data\roads\03_C_OSBS_Roads</linkage><protocol Sync="TRUE">Local Area Network</protocol></itemLocation></itemProps><copyHistory><copy source="N:\Science\GISData\TOS\TOS_Plot_Data\03_Southeast\CORE_OSBS\Site_Information\03_C_OSBS_Roads" dest="\\eco.neoninternal.org\neon\Science\GISData\TOS\TOS_Plot_Data\roads\03_C_OSBS_Roads" date="20191204" time="21550800"></copy></copyHistory></DataProperties></Esri><metainfo><metd Sync="TRUE">20120213</metd><metc><cntinfo><cntperp><cntper>David Barnett</cntper><cntorg>Colorado State University Natural Resource Ecology Laboratory</cntorg></cntperp><cntemail>barnett@nrel.colostate.edu</cntemail><cntaddr><addrtype>REQUIRED: The mailing and/or physical address for the organization or individual.</addrtype><city>REQUIRED: The city of the address.</city><state>REQUIRED: The state or province of the address.</state><postal>REQUIRED: The ZIP or other postal code of the address.</postal></cntaddr><cntvoice>REQUIRED: The telephone number by which individuals can speak to the organization or individual.</cntvoice></cntinfo></metc><metsi><metsc>Confidential</metsc><metshd>Data to be used only with consent of NEON or NEON participating institutions</metshd></metsi><langmeta Sync="TRUE">en</langmeta><metstdn Sync="TRUE">FGDC Content Standards for Digital Geospatial Metadata</metstdn><metstdv Sync="TRUE">FGDC-STD-001-1998</metstdv><mettc Sync="TRUE">local time</mettc><metac>Metadata limited by data associated with original data.  Please see contact for more information and details, not the creator of this metadata document.  </metac><metextns><onlink Sync="TRUE">http://www.esri.com/metadata/esriprof80.html</onlink><metprof Sync="TRUE">ESRI Metadata Profile</metprof></metextns></metainfo><mdDateSt Sync="TRUE">20120213</mdDateSt><spref><horizsys><cordsysn><geogcsn Sync="TRUE">GCS_North_American_1983_HARN</geogcsn><projcsn Sync="TRUE">NAD_1983_HARN_UTM_Zone_17N</projcsn></cordsysn><planar><planci><plance Sync="TRUE">coordinate pair</plance><plandu Sync="TRUE">meters</plandu><coordrep><absres Sync="TRUE">0.000000</absres><ordres Sync="TRUE">0.000000</ordres></coordrep></planci><mapproj><mapprojn Sync="TRUE">Transverse Mercator</mapprojn><transmer><sfctrmer Sync="TRUE">0.999600</sfctrmer><longcm Sync="TRUE">-81.000000</longcm><latprjo Sync="TRUE">0.000000</latprjo><feast Sync="TRUE">500000.000000</feast><fnorth Sync="TRUE">0.000000</fnorth></transmer></mapproj></planar><geodetic><horizdn Sync="TRUE">D_North_American_1983_HARN</horizdn><ellips Sync="TRUE">Geodetic Reference System 80</ellips><semiaxis Sync="TRUE">6378137.000000</semiaxis><denflat Sync="TRUE">298.257222</denflat></geodetic></horizsys></spref><eainfo><overview><dsoverv>Attributes not defined by data provider.  See contact for clarification and details.  </dsoverv></overview><detailed Name="Roads_clip"><attr><attrlabl Sync="TRUE">FID</attrlabl><attalias Sync="TRUE">FID</attalias><attrtype Sync="TRUE">OID</attrtype><attwidth Sync="TRUE">4</attwidth><atprecis Sync="TRUE">0</atprecis><attscale Sync="TRUE">0</attscale><attrdef Sync="TRUE">Internal feature number.</attrdef><attrdefs Sync="TRUE">ESRI</attrdefs><attrdomv><udom Sync="TRUE">Sequential unique whole numbers that are automatically generated.</udom></attrdomv></attr><attr><attrlabl Sync="TRUE">Shape</attrlabl><attalias Sync="TRUE">Shape</attalias><attrtype Sync="TRUE">Geometry</attrtype><attwidth Sync="TRUE">0</attwidth><atprecis Sync="TRUE">0</atprecis><attscale Sync="TRUE">0</attscale><attrdef Sync="TRUE">Feature geometry.</attrdef><attrdefs Sync="TRUE">ESRI</attrdefs><attrdomv><udom Sync="TRUE">Coordinates defining the features.</udom></attrdomv></attr><enttyp><enttypl Sync="TRUE">Roads_clip</enttypl><enttypt Sync="TRUE">Feature Class</enttypt><enttypc Sync="TRUE">0</enttypc></enttyp><attr><attrlabl Sync="TRUE">LENGTH</attrlabl><attalias Sync="TRUE">LENGTH</attalias><attrtype Sync="TRUE">Float</attrtype><attwidth Sync="TRUE">13</attwidth><atnumdec Sync="TRUE">11</atnumdec></attr><attr><attrlabl Sync="TRUE">TYPE</attrlabl><attalias Sync="TRUE">TYPE</attalias><attrtype Sync="TRUE">String</attrtype><attwidth Sync="TRUE">25</attwidth></attr><attr><attrlabl Sync="TRUE">USE</attrlabl><attalias Sync="TRUE">USE</attalias><attrtype Sync="TRUE">String</attrtype><attwidth Sync="TRUE">8</attwidth></attr><attr><attrlabl Sync="TRUE">RD_NAME</attrlabl><attalias Sync="TRUE">RD_NAME</attalias><attrtype Sync="TRUE">String</attrtype><attwidth Sync="TRUE">25</attwidth></attr></detailed></eainfo><dataIdInfo><envirDesc Sync="TRUE">Microsoft Windows Vista Version 6.1 (Build 7601) Service Pack 1; ESRI ArcCatalog 9.3.1.1850</envirDesc><dataLang><languageCode Sync="TRUE" value="en"></languageCode></dataLang><idCitation><resTitle Sync="TRUE">Roads_clip</resTitle><presForm><PresFormCd Sync="TRUE" value="005"></PresFormCd></presForm></idCitation><spatRpType><SpatRepTypCd Sync="TRUE" value="001"></SpatRepTypCd></spatRpType><dataExt><geoEle><GeoBndBox esriExtentType="native"><westBL Sync="TRUE">399006.78125</westBL><eastBL Sync="TRUE">409109.875</eastBL><northBL Sync="TRUE">3290176</northBL><southBL Sync="TRUE">3280777</southBL><exTypeCode Sync="TRUE">1</exTypeCode></GeoBndBox></geoEle></dataExt><geoBox esriExtentType="decdegrees"><westBL Sync="TRUE">-82.044364</westBL><eastBL Sync="TRUE">-81.939112</eastBL><northBL Sync="TRUE">29.738469</northBL><southBL Sync="TRUE">29.652874</southBL><exTypeCode Sync="TRUE">1</exTypeCode></geoBox></dataIdInfo><mdLang><languageCode Sync="TRUE" value="en"></languageCode></mdLang><mdStanName Sync="TRUE">ISO 19115 Geographic Information - Metadata</mdStanName><mdStanVer Sync="TRUE">DIS_ESRI1.0</mdStanVer><mdChar><CharSetCd Sync="TRUE" value="004"></CharSetCd></mdChar><mdHrLv><ScopeCd Sync="TRUE" value="005"></ScopeCd></mdHrLv><mdHrLvName Sync="TRUE">dataset</mdHrLvName><distinfo><stdorder><digform><digtinfo><transize Sync="TRUE">0.000</transize><dssize Sync="TRUE">0.000</dssize></digtinfo></digform></stdorder><distrib><cntinfo><cntperp><cntper>David R Foster</cntper><cntorg>Harvard University</cntorg></cntperp><cntemail>drfoster@fas.harvard.edu</cntemail></cntinfo></distrib><resdesc Sync="TRUE">Downloadable Data</resdesc></distinfo><spdoinfo><direct Sync="TRUE">Vector</direct><ptvctinf><esriterm Name="Roads_clip"><efeatyp Sync="TRUE">Simple</efeatyp><efeageom Sync="TRUE">Polyline</efeageom><esritopo Sync="TRUE">FALSE</esritopo><efeacnt Sync="TRUE">0</efeacnt><spindex Sync="TRUE">FALSE</spindex><linrefer Sync="TRUE">FALSE</linrefer></esriterm><sdtsterm Name="Roads_clip"><sdtstype Sync="TRUE">String</sdtstype><ptvctcnt Sync="TRUE">0</ptvctcnt></sdtsterm></ptvctinf></spdoinfo><refSysInfo><RefSystem><refSysID><identCode Sync="TRUE">NAD_1983_HARN_UTM_Zone_17N</identCode></refSysID></RefSystem></refSysInfo><spatRepInfo><VectSpatRep><topLvl><TopoLevCd Sync="TRUE" value="001"></TopoLevCd></topLvl><geometObjs Name="Roads_clip"><geoObjTyp><GeoObjTypCd Sync="TRUE" value="001"></GeoObjTypCd></geoObjTyp><geoObjCnt Sync="TRUE">0</geoObjCnt></geometObjs></VectSpatRep></spatRepInfo></metadata>
