<?xml version="1.0" encoding="ISO-8859-1"?>
<metadata>
	<idinfo>
		<citation>
			<citeinfo>
				<origin>U.S. Department of Commerce, U.S. Census Bureau, Geography Division</origin>
				<pubdate>2010</pubdate>
				<title>TIGER/Line Shapefile, 2010,  county, Baker County, GA, Current All Lines Shapefile</title>
				<edition>2010</edition>
				<geoform>vector digital data</geoform>
				<onlink>http://www.census.gov/geo/www/tiger</onlink>
				<ftname Sync="TRUE">AllRoads_wgs84</ftname></citeinfo>
		</citation>
		<descript>
			<abstract>The TIGER/Line Files are shapefiles and related database files (.dbf) that are an extract of selected geographic and cartographic information from the U.S. Census Bureau's Master Address File / Topologically Integrated Geographic Encoding and Referencing (MAF/TIGER) Database (MTDB).  The MTDB represents a seamless national file with no overlaps or gaps between parts, however, each TIGER/Line File is designed to stand alone as an independent data set, or they can be combined to cover the entire nation.  Edge refers to the linear topological primitives that make up MTDB.  The All Lines Shapefile contains linear features such as roads, railroads, and hydrography.  Additional attribute data associated with the linear features found in the All Lines Shapefile are available in relationship (.dbf) files that users must download separately.  The All Lines Shapefile contains the geometry and attributes of each topological primitive edge.  Each edge has a unique TIGER/Line identifier (TLID) value.  
</abstract>
			<purpose>In order for others to use the information in the Census MAF/TIGER database in a geographic information system (GIS) or for other geographic applications, the Census Bureau releases to the public extracts of the database in the form of TIGER/Line Shapefiles.</purpose>
			<Subject_Entity>Baker, GA, (13007)</Subject_Entity>
			<langdata Sync="TRUE">en</langdata></descript>
		<timeperd>
			<timeinfo>
				<rngdates>
					<begdate>201001</begdate>
					<enddate>201007</enddate>
				</rngdates>
				<sngdate><caldate>REQUIRED: The year (and optionally month, or month and day) for which the data set corresponds to the ground.</caldate></sngdate></timeinfo>
			<current>Publication Date</current>
		</timeperd>
		<status>
			<progress>Complete</progress>
			<update>TIGER/Line Shapefiles are extracted from the Census MAF/TIGER database.  No changes or updates will be made to this version of the TIGER/Line Shapefiles.  Future releases of TIGER/Line Shapefiles will reflect updates made to the Census MAF/TIGER database.</update>
		</status>
		<spdom>
			<bounding>
				<westbc>-84.641953</westbc>
				<eastbc>-84.140852</eastbc>
				<northbc>31.454761</northbc>
				<southbc>31.078396</southbc>
			</bounding>
		</spdom>
		<keywords>
			<theme>
				<themekt>ISO 19115 Topic Categories</themekt>
				<themekey>transportation</themekey>
				<themekey>inlandWaters</themekey>
				<themekey>boundaries</themekey>
			</theme>
			<theme>
				<themekt>None</themekt>
				<themekey>County or equivalent entity</themekey>
				<themekey>Linear</themekey>
				<themekey>Feature</themekey>
				<themekey>Address Range</themekey>
				<themekey>Street Centerline</themekey>
				<themekey>Road Feature</themekey>
				<themekey>Roads</themekey>
				<themekey>Hydrography</themekey>
			</theme>
			<place>
				<placekt>INCITS.38-200x (R2004),INCITS.31-200x (R2007),INCITS.454-200x,INCITS 455-200x,INCITS 446-2008</placekt>
				<placekey>United States</placekey>
				<placekey>U.S.</placekey>
				<placekey>County or Equivalent Entity</placekey>
				<placekey>Baker</placekey>
				<placekey>13007</placekey>
			</place>
		</keywords>
		<accconst>None</accconst>
		<useconst>The TIGER/Line Shapefile products are not copyrighted however TIGER/Line and Census TIGER are registered trademarks of the U.S. Census Bureau.  These products are free to use in a product or publication, however acknowledgement must be given to the U.S. Census Bureau as the source.
The horizontal spatial accuracy information present in these files is provided for the purposes of statistical analysis and census operations only.  No warranty, expressed or implied is made with regard to the accuracy of the spatial accuracy, and no liability is assumed by the U.S. Government in general or the U.S. Census Bureau, specifically as to the spatial or attribute accuracy of the data.  The TIGER/Line Shapefiles may not be suitable for high-precision measurement applications such as engineering problems, property transfers, or other uses that might require highly accurate measurements of the earth's surface.Coordinates in the TIGER/Line shapefiles have six implied decimal places, but the positional accuracy of these coordinates is not as great as the six decimal places suggest.</useconst>
		<Title_13_Restrictions>Yes, the data are free from Title 13 restrictions</Title_13_Restrictions>
		<ptcontac>
			<cntinfo>
				<cntorgp>
					<cntorg>U.S. Department of Commerce, U.S. Census Bureau, Geography Division, Geographic Products Branch</cntorg>
				</cntorgp>
				<cntaddr>
					<addrtype>Mailing address</addrtype>
					<address>4600 Silver Hill Road, Stop 7400</address>
					<city>Washington</city>
					<state>DC</state>
					<postal>20233-7400</postal>
					<country>United States</country>
				</cntaddr>
				<cntvoice>301-763-1128</cntvoice>
				<cntfax>301-763-4710</cntfax>
				<cntemail>geo.tiger@census.gov</cntemail>
			</cntinfo>
		</ptcontac>
		<native Sync="TRUE">Microsoft Windows Vista Version 6.1 (Build 7601) Service Pack 1; ESRI ArcCatalog 9.3.1.1850</native><natvform Sync="TRUE">Shapefile</natvform></idinfo>
	<Data_Set_Character_Set>8859part1</Data_Set_Character_Set>
	<Data_Set_Language>eng</Data_Set_Language>
	<dataqual>
		<attracc>
			<attraccr>Accurate against Federal Information Processing Standards (FIPS), FIPS Publication 6-4, and FIPS-55 at the 100% level for the codes and base names.  The remaining attribute information has been examined but has not been fully tested for accuracy.</attraccr>
		</attracc>
		<logic>There may be some inconsistencies in feature names along features.  An anomaly exists with the sporadic occurrence of road segments comprising a complete chain with different MAF/TIGER Feature Census Class Code (MTFCC) values assigned.  This problem could affect applications that use the MTFCC values for network analysis, routing, or for assigning symbology to a feature when creating a map.
The Census Bureau performed automated tests to ensure logical consistency and limits of shapefiles.  Node/geometry and topology relationships are collected or generated to satisfy topological edit requirements.  These requirements include:
(1) Complete chains must begin and end at nodes.
(2) Complete chains must connect to each other at nodes.
(3) Complete chains do not extend through nodes.
(4) Left and right polygons are defined for each complete chain element and are consistent throughout the extract process.
(5) The chains representing the limits of the files are free of gaps.</logic>
		<complete>Data completeness of the TIGER/Line Shapefiles reflects the contents of the Census MAF/TIGER database at the time the TIGER/Line Shapefiles were created.</complete>
		<posacc>
			<horizpa>
				<horizpar>The Census Bureau uses Global Positioning System (GPS) coordinates at road centerline intersections to evaluate the horizontal spatial accuracy of source files that may be used to realign road features in the MAF/TIGER database and test the horizontal spatial accuracy of the road features in the TIGER/Line Shapefiles.  The test compares a survey-grade GPS coordinate to its associated road centerline intersection in the TIGER/Line Shapefiles.  The test is based on an independent collection of GPS coordinates for a random sample of road intersections from a centerline file that meet certain criteria.  The points are referred to as the sample points and are gathered through a private contractor working for the Census Bureau.  Since the collection method uses survey-quality GPS-based field techniques, the resulting control points are considered 'ground truth' against which the TIGER road centerline intersection coordinates are compared.  The distances between the coordinates are calculated and the Census Bureau determines the Circular Error 95% (CE95).  That is, the accuracy of the file in meters with 95% confidence.  The CE95 can be calculated from the mean and standard deviation by using the formula: mean of differences plus (2.65 times the standard deviation).  CE95 results reported for each file tested are determined using a spreadsheet with embedded statistical formula.  The use and applicability of the spreadsheet and its embedded formula have been verified by Census Bureau statisticians.  The basis of the calculation is the use of the root mean square error (RMSE).  This is the method as stated in the U.S. Government's Federal Geographic Data Committee Standard FGDC-STD-007.3-1998, Geospatial Positioning Accuracy Standards.  Part 3: National Standard for Spatial Data Accuracy.  The results of using this measure of accuracy are in compliance with Federal Spatial Data requirements.  In terms of the Census Bureau application, the dataset coordinate values are those taken from the centerline file and the coordinate values from an independent source of higher accuracy are those acquired through the Census Bureau's contractor.  Please note that the horizontal spatial accuracy, where reported, refers only to the realigned road features identified as matched to the positionally accurate source file with that accuracy.  It is not the spatial accuracy of the TIGER/Line Shapefile as a whole.</horizpar>
				<qhorizpa>
					<horizpav>2.43 meters for 2699</horizpav>
					<horizpae>The Census Bureau uses root mean square error (RMSE) as stated in the FGDC-STD-007. 3-1998, Geospatial Positioning Accuracy Standards, Part 3: National Standard for Spatial Data Accuracy.</horizpae></qhorizpa>
				<qhorizpa>
					<horizpav>6.774 meters for 542</horizpav>
					<horizpae>The Census Bureau uses root mean square error (RMSE) as stated in the FGDC-STD-007. 3-1998, Geospatial Positioning Accuracy Standards, Part 3: National Standard for Spatial Data Accuracy.</horizpae></qhorizpa>
				<qhorizpa>
					<horizpav>7.267 meters for 722</horizpav>
					<horizpae>The Census Bureau uses root mean square error (RMSE) as stated in the FGDC-STD-007. 3-1998, Geospatial Positioning Accuracy Standards, Part 3: National Standard for Spatial Data Accuracy.</horizpae></qhorizpa>
			</horizpa>
		</posacc>
		<lineage>
			<srcinfo>
				<srccite>
					<citeinfo>
						<origin>U.S. Department of Commerce, U.S. Census Bureau, Geography Division</origin>
						<pubdate>Unpublished material</pubdate>
						<title>Census MAF/TIGER database</title>
					</citeinfo>
				</srccite>
				<typesrc>online</typesrc>
				<srctime>
					<timeinfo>
						<rngdates>
							<begdate>201001</begdate>
							<enddate>201007</enddate>
						</rngdates>
					</timeinfo>
					<srccurr>Publication Date</srccurr>
				</srctime>
				<srccitea>MAF/TIGER</srccitea>
				<srccontr>The selected geographic and cartographic information (line segments) are derived from the U.S. Census Bureau's Master Address File Topologically Integrated Geographic Encoding and Referencing (MAF/TIGER) database.</srccontr>
			</srcinfo>
			<srcinfo>
				<srccite>
					<citeinfo>
						<origin>542
				Georgia
				Georgia  Department Of Community Affairs</origin>
						<pubdate>19970101</pubdate>
						<title>Georgia Department of Transportation</title>
					</citeinfo>
				</srccite>
				<typesrc>DLT</typesrc>
				<srctime>
					<timeinfo>
						<rngdates>
							<begdate>19970101</begdate>
							<enddate>19970101</enddate>
						</rngdates>
					</timeinfo>
					<srccurr>Publication Date</srccurr>
				</srctime>
				<srccitea>None</srccitea>
				<srccontr>Coordinates to realign selected road features in the Census MAF/TIGER database.</srccontr>
			</srcinfo><srcinfo>
				<srccite>
					<citeinfo>
						<origin>542
				Georgia
				Georgia  Department Of Community Affairs</origin>
						<pubdate>19970101</pubdate>
						<title>Georgia Department of Transportation</title>
					</citeinfo>
				</srccite>
				<typesrc>DLT</typesrc>
				<srctime>
					<timeinfo>
						<rngdates>
							<begdate>19970101</begdate>
							<enddate>19970101</enddate>
						</rngdates>
					</timeinfo>
					<srccurr>Publication Date</srccurr>
				</srctime>
				<srccitea>None</srccitea>
				<srccontr>Coordinates to realign selected hydrographic features in the Census MAF/TIGER database.</srccontr>
			</srcinfo><srcinfo>
				<srccite>
					<citeinfo>
						<origin>542
				Georgia
				Georgia  Department Of Community Affairs</origin>
						<pubdate>19970101</pubdate>
						<title>Georgia Department of Transportation</title>
					</citeinfo>
				</srccite>
				<typesrc>DLT</typesrc>
				<srctime>
					<timeinfo>
						<rngdates>
							<begdate>19970101</begdate>
							<enddate>19970101</enddate>
						</rngdates>
					</timeinfo>
					<srccurr>Publication Date</srccurr>
				</srctime>
				<srccitea>None</srccitea>
				<srccontr>Coordinates to realign selected railroad features in the Census MAF/TIGER database.</srccontr>
			</srcinfo><srcinfo>
				<srccite>
					<citeinfo>
						<origin>722
				Georgia
				Georgia  Department Of Community Affairs</origin>
						<pubdate>19970101</pubdate>
						<title>Georgia Department of Transportation</title>
					</citeinfo>
				</srccite>
				<typesrc>DLT</typesrc>
				<srctime>
					<timeinfo>
						<rngdates>
							<begdate>19970101</begdate>
							<enddate>19970101</enddate>
						</rngdates>
					</timeinfo>
					<srccurr>Publication Date</srccurr>
				</srctime>
				<srccitea>None</srccitea>
				<srccontr>Coordinates to realign selected road features in the Census MAF/TIGER database.</srccontr>
			</srcinfo><srcinfo>
				<srccite>
					<citeinfo>
						<origin>722
				Georgia
				Georgia  Department Of Community Affairs</origin>
						<pubdate>19970101</pubdate>
						<title>Georgia Department of Transportation</title>
					</citeinfo>
				</srccite>
				<typesrc>DLT</typesrc>
				<srctime>
					<timeinfo>
						<rngdates>
							<begdate>19970101</begdate>
							<enddate>19970101</enddate>
						</rngdates>
					</timeinfo>
					<srccurr>Publication Date</srccurr>
				</srctime>
				<srccitea>None</srccitea>
				<srccontr>Coordinates to realign selected hydrographic features in the Census MAF/TIGER database.</srccontr>
			</srcinfo><srcinfo>
				<srccite>
					<citeinfo>
						<origin>722
				Georgia
				Georgia  Department Of Community Affairs</origin>
						<pubdate>19970101</pubdate>
						<title>Georgia Department of Transportation</title>
					</citeinfo>
				</srccite>
				<typesrc>DLT</typesrc>
				<srctime>
					<timeinfo>
						<rngdates>
							<begdate>19970101</begdate>
							<enddate>19970101</enddate>
						</rngdates>
					</timeinfo>
					<srccurr>Publication Date</srccurr>
				</srctime>
				<srccitea>None</srccitea>
				<srccontr>Coordinates to realign selected railroad features in the Census MAF/TIGER database.</srccontr>
			</srcinfo><srcinfo>
				<srccite>
					<citeinfo>
						<origin>2699
				Dougherty County
				Planning and Development Services</origin>
						<pubdate>Unknown</pubdate>
						<title>Dougherty County, GA</title>
					</citeinfo>
				</srccite>
				<typesrc>email</typesrc>
				<srctime>
					<timeinfo>
						<rngdates>
							<begdate>Unknown</begdate>
							<enddate>Unknown</enddate>
						</rngdates>
					</timeinfo>
					<srccurr>Unknown</srccurr>
				</srctime>
				<srccitea>None</srccitea>
				<srccontr>Coordinates to realign selected road features in the Census MAF/TIGER database.</srccontr>
			</srcinfo><srcinfo>
				<srccite>
					<citeinfo>
						<origin>2699
				Dougherty County
				Planning and Development Services</origin>
						<pubdate>Unknown</pubdate>
						<title>Dougherty County, GA</title>
					</citeinfo>
				</srccite>
				<typesrc>email</typesrc>
				<srctime>
					<timeinfo>
						<rngdates>
							<begdate>Unknown</begdate>
							<enddate>Unknown</enddate>
						</rngdates>
					</timeinfo>
					<srccurr>Unknown</srccurr>
				</srctime>
				<srccitea>None</srccitea>
				<srccontr>Coordinates to realign selected hydrographic features in the Census MAF/TIGER database.</srccontr>
			</srcinfo><srcinfo>
				<srccite>
					<citeinfo>
						<origin>2699
				Dougherty County
				Planning and Development Services</origin>
						<pubdate>Unknown</pubdate>
						<title>Dougherty County, GA</title>
					</citeinfo>
				</srccite>
				<typesrc>email</typesrc>
				<srctime>
					<timeinfo>
						<rngdates>
							<begdate>Unknown</begdate>
							<enddate>Unknown</enddate>
						</rngdates>
					</timeinfo>
					<srccurr>Unknown</srccurr>
				</srctime>
				<srccitea>None</srccitea>
				<srccontr>Coordinates to realign selected railroad features in the Census MAF/TIGER database.</srccontr>
			</srcinfo><srcinfo>
				<srccite>
					<citeinfo>
						<origin>4987
				USGS - National Hydrography Dataset
				Coordination and Requirements (C&amp;R)</origin>
						<pubdate>Unknown</pubdate>
						<title>National Hydrography Dataset - High Res.</title>
					</citeinfo>
				</srccite>
				<typesrc>Internet Download</typesrc>
				<srctime>
					<timeinfo>
						<rngdates>
							<begdate>Unknown</begdate>
							<enddate>Unknown</enddate>
						</rngdates>
					</timeinfo>
					<srccurr>Unknown</srccurr>
				</srctime>
				<srccitea>None</srccitea>
				<srccontr>Coordinates to realign selected hydrographic features in the Census MAF/TIGER database.</srccontr>
			</srcinfo><srcinfo>
				<srccite>
					<citeinfo>
						<origin>7190
				Census Bureau - Geography Division
				US Census Bureau - Geo Div - LFGPB</origin>
						<pubdate>Unknown</pubdate>
						<title>2010 ADCAN GPS Feature Updates</title>
					</citeinfo>
				</srccite>
				<typesrc>Unknown</typesrc>
				<srctime>
					<timeinfo>
						<rngdates>
							<begdate>Unknown</begdate>
							<enddate>Unknown</enddate>
						</rngdates>
					</timeinfo>
					<srccurr>Unknown</srccurr>
				</srctime>
				<srccitea>None</srccitea>
				<srccontr>Coordinates to realign selected road features in the Census MAF/TIGER database.</srccontr>
			</srcinfo><srcinfo>
				<srccite>
					<citeinfo>
						<origin>7191
				Census Bureau - Geography Division
				US Census Bureau - Geo Div - LFGPB</origin>
						<pubdate>Unknown</pubdate>
						<title>2010 ADCAN Manual Feature Updates</title>
					</citeinfo>
				</srccite>
				<typesrc>Unknown</typesrc>
				<srctime>
					<timeinfo>
						<rngdates>
							<begdate>Unknown</begdate>
							<enddate>Unknown</enddate>
						</rngdates>
					</timeinfo>
					<srccurr>Unknown</srccurr>
				</srctime>
				<srccitea>None</srccitea>
				<srccontr>Coordinates to realign selected road features in the Census MAF/TIGER database.</srccontr>
			</srcinfo>
			<procstep>
				<procdesc>TIGER/Line Shapefiles are extracted from the Census MAF/TIGER database by nation, state, county, and entity.  Census MAF/TIGER data for all of the aforementioned geographic entities are then distributed among the shapefiles each containing attributes for line, polygon, or landmark geographic data. </procdesc>
				<srcused>Census MAF/TIGER</srcused>
				<procdate>2010</procdate>
			</procstep>
			<procstep><procdesc Sync="TRUE">Dataset copied.</procdesc><srcused Sync="TRUE"></srcused><procdate Sync="TRUE">20111208</procdate><proctime Sync="TRUE">11301400</proctime></procstep><procstep><procdesc Sync="TRUE">Dataset moved.</procdesc><srcused Sync="TRUE">G:\NEON_GIS\NEON_Internal_Data\Site_GIS_Data\03_Southeast\3_REL_JonesCenter\03_RawData\Exclusions\Roads_wgs84_Clip</srcused><procdate Sync="TRUE">20111208</procdate><proctime Sync="TRUE">11445500</proctime></procstep></lineage>
	</dataqual>
	<spdoinfo>
		<indspref>Federal Information Processing Standards (FIPS), ANSI, and feature names.</indspref>
		<direct>Vector</direct>
		<ptvctinf><esriterm><efeatyp Sync="TRUE">Simple</efeatyp><efeageom code="3" Sync="TRUE"></efeageom><esritopo Sync="TRUE">FALSE</esritopo><efeacnt Sync="TRUE">0</efeacnt><spindex Sync="TRUE">FALSE</spindex><linrefer Sync="TRUE">FALSE</linrefer></esriterm></ptvctinf></spdoinfo>
	<spref>
		<horizsys>
			<geodetic>
				<horizdn>North American Datum of 1983 in the 48 contiguous states, the District of Columbia, Alaska, Hawaii, Puerto Rico, the Virgin Islands of the United States, and the Pacific Island Areas.</horizdn>
				<ellips>Geodetic Reference System 80</ellips>
				<semiaxis>6378137</semiaxis>
				<denflat>298257</denflat>
			</geodetic>
			<cordsysn><geogcsn Sync="TRUE">GCS_WGS_1984</geogcsn><projcsn Sync="TRUE">WGS_1984_UTM_Zone_16N</projcsn></cordsysn><planar><planci><plance Sync="TRUE">coordinate pair</plance><plandu Sync="TRUE">meters</plandu><coordrep><absres Sync="TRUE">0.000000</absres><ordres Sync="TRUE">0.000000</ordres></coordrep></planci></planar></horizsys>
	</spref>
	<eainfo>
		<detailed Name="JERC_Roads">
			<enttyp>
				<enttypl>EDGES.shp</enttypl>
				<enttypd>Current All Lines County-based</enttypd>
				<enttypds>U.S. Census Bureau</enttypds>
				<enttypt Sync="TRUE">Feature Class</enttypt><enttypc Sync="TRUE">0</enttypc></enttyp>
			<attr><attrlabl Sync="TRUE">FID</attrlabl><attalias Sync="TRUE">FID</attalias><attrtype Sync="TRUE">OID</attrtype><attwidth Sync="TRUE">4</attwidth><atprecis Sync="TRUE">0</atprecis><attscale Sync="TRUE">0</attscale><attrdef Sync="TRUE">Internal feature number.</attrdef><attrdefs Sync="TRUE">ESRI</attrdefs><attrdomv><udom Sync="TRUE">Sequential unique whole numbers that are automatically generated.</udom></attrdomv></attr><attr><attrlabl Sync="TRUE">Shape</attrlabl><attalias Sync="TRUE">Shape</attalias><attrtype Sync="TRUE">Geometry</attrtype><attwidth Sync="TRUE">0</attwidth><atprecis Sync="TRUE">0</atprecis><attscale Sync="TRUE">0</attscale><attrdef Sync="TRUE">Feature geometry.</attrdef><attrdefs Sync="TRUE">ESRI</attrdefs><attrdomv><udom Sync="TRUE">Coordinates defining the features.</udom></attrdomv></attr><attr>
				<attrlabl>STATEFP</attrlabl>
				<attrdef>Current state Federal Information Processing Standards (FIPS)
                 code</attrdef>
				<attrdefs>U.S. Census Bureau</attrdefs>
				<attrdomv>
					<codesetd>
						<codesetn>INCITS.38-200x (R2004), Codes for the Identification of
                      the States, the District of Columbia, Puerto Rico, and the
                      Insular Areas of the United States (Formerly FIPS 5-2)</codesetn>
						<codesets>U.S. Census Bureau</codesets>
					</codesetd>
				</attrdomv>
				<attalias Sync="TRUE">STATEFP</attalias><attrtype Sync="TRUE">String</attrtype><attwidth Sync="TRUE">2</attwidth><atprecis Sync="TRUE">0</atprecis><attscale Sync="TRUE">0</attscale></attr>
			<attr>
				<attrlabl>COUNTYFP</attrlabl>
				<attrdef>Current county Federal Information Processing Standards (FIPS)
                 code</attrdef>
				<attrdefs>U.S. Census Bureau</attrdefs>
				<attrdomv>
					<codesetd>
						<codesetn>INCITS.31-200x (R2007), Codes for the Identification of
                      the Counties and Equivalent Areas of the United States,
                      Puerto Rico, and the Insular Areas of the United States
                      (Formerly FIPS 6-4)</codesetn>
						<codesets>U.S. Census Bureau</codesets>
					</codesetd>
				</attrdomv>
				<attalias Sync="TRUE">COUNTYFP</attalias><attrtype Sync="TRUE">String</attrtype><attwidth Sync="TRUE">3</attwidth><atprecis Sync="TRUE">0</atprecis><attscale Sync="TRUE">0</attscale></attr>
			<attr>
				<attrlabl>TLID</attrlabl>
				<attrdef>Permanent edge ID</attrdef>
				<attrdefs>U.S. Census Bureau</attrdefs>
				<attrdomv>
					<rdom>
						<rdommin>100001</rdommin>
						<rdommax>9999999999</rdommax>
					</rdom>
				</attrdomv>
				<attalias Sync="TRUE">TLID</attalias><attrtype Sync="TRUE">Double</attrtype><attwidth Sync="TRUE">10</attwidth><atprecis Sync="TRUE">10</atprecis><attscale Sync="TRUE">0</attscale></attr>
			<attr>
				<attrlabl>TFIDL</attrlabl>
				<attrdef>Permanent face ID on the left of the edge</attrdef>
				<attrdefs>U.S. Census Bureau</attrdefs>
				<attrdomv>
					<udom>data are unavailable</udom>
				</attrdomv>
				<attalias Sync="TRUE">TFIDL</attalias><attrtype Sync="TRUE">Double</attrtype><attwidth Sync="TRUE">10</attwidth><atprecis Sync="TRUE">10</atprecis><attscale Sync="TRUE">0</attscale></attr>
			<attr>
				<attrlabl>TFIDR</attrlabl>
				<attrdef>Permanent face ID on the right of the edge</attrdef>
				<attrdefs>U.S. Census Bureau</attrdefs>
				<attrdomv>
					<udom>data are unavailable</udom>
				</attrdomv>
				<attalias Sync="TRUE">TFIDR</attalias><attrtype Sync="TRUE">Double</attrtype><attwidth Sync="TRUE">10</attwidth><atprecis Sync="TRUE">10</atprecis><attscale Sync="TRUE">0</attscale></attr>
			<attr>
				<attrlabl>MTFCC</attrlabl>
				<attrdef>MAF/TIGER feature class code of the primary feature for the edge</attrdef>
				<attrdefs>U.S. Census Bureau</attrdefs>
				<attrdomv>
					<edom>
						<edomv>C3023</edomv>
						<edomvd>Island</edomvd>
						<edomvds>U.S. Census Bureau</edomvds>
					</edom>
					<edom>
						<edomv>C3024</edomv>
						<edomvd>Levee</edomvd>
						<edomvds>U.S. Census Bureau</edomvds>
					</edom>
					<edom>
						<edomv>C3027</edomv>
						<edomvd>Dam</edomvd>
						<edomvds>U.S. Census Bureau</edomvds>
					</edom>
					<edom>
						<edomv>H1100</edomv>
						<edomvd>Connector</edomvd>
						<edomvds>U.S. Census Bureau</edomvds>
					</edom>
					<edom>
						<edomv>H3010</edomv>
						<edomvd>Stream/River</edomvd>
						<edomvds>U.S. Census Bureau</edomvds>
					</edom>
					<edom>
						<edomv>H3013</edomv>
						<edomvd>Braided Stream</edomvd>
						<edomvds>U.S. Census Bureau</edomvds>
					</edom>
					<edom>
						<edomv>H3020</edomv>
						<edomvd>Canal, Ditch or Aqueduct</edomvd>
						<edomvds>U.S. Census Bureau</edomvds>
					</edom>
					<edom>
						<edomv>K2432</edomv>
						<edomvd>Pier/Dock</edomvd>
						<edomvds>U.S. Census Bureau</edomvds>
					</edom>
					<edom>
						<edomv>K2451</edomv>
						<edomvd>Airport or Airfield</edomvd>
						<edomvds>U.S. Census Bureau</edomvds>
					</edom>
					<edom>
						<edomv>K2459</edomv>
						<edomvd>Runway/Taxiway</edomvd>
						<edomvds>U.S. Census Bureau</edomvds>
					</edom>
					<edom>
						<edomv>L4010</edomv>
						<edomvd>Pipeline</edomvd>
						<edomvds>U.S. Census Bureau</edomvds>
					</edom>
					<edom>
						<edomv>L4020</edomv>
						<edomvd>Powerline</edomvd>
						<edomvds>U.S. Census Bureau</edomvds>
					</edom>
					<edom>
						<edomv>L4031</edomv>
						<edomvd>Aerial Tramway/Ski Lift</edomvd>
						<edomvds>U.S. Census Bureau</edomvds>
					</edom>
					<edom>
						<edomv>L4040</edomv>
						<edomvd>Conveyor</edomvd>
						<edomvds>U.S. Census Bureau</edomvds>
					</edom>
					<edom>
						<edomv>L4110</edomv>
						<edomvd>Fence Line</edomvd>
						<edomvds>U.S. Census Bureau</edomvds>
					</edom>
					<edom>
						<edomv>L4121</edomv>
						<edomvd>Ridge Line</edomvd>
						<edomvds>U.S. Census Bureau</edomvds>
					</edom>
					<edom>
						<edomv>L4125</edomv>
						<edomvd>Cliff/Escarpment</edomvd>
						<edomvds>U.S. Census Bureau</edomvds>
					</edom>
					<edom>
						<edomv>L4130</edomv>
						<edomvd>Point-to-Point Line</edomvd>
						<edomvds>U.S. Census Bureau</edomvds>
					</edom>
					<edom>
						<edomv>L4140</edomv>
						<edomvd>Property/Parcel Line (Including PLSS)</edomvd>
						<edomvds>U.S. Census Bureau</edomvds>
					</edom>
					<edom>
						<edomv>L4165</edomv>
						<edomvd>Ferry Crossing</edomvd>
						<edomvds>U.S. Census Bureau</edomvds>
					</edom>
					<edom>
						<edomv>P0001</edomv>
						<edomvd>Nonvisible Linear Legal/Statistical Boundary</edomvd>
						<edomvds>U.S. Census Bureau</edomvds>
					</edom>
					<edom>
						<edomv>P0002</edomv>
						<edomvd>Perennial Shoreline</edomvd>
						<edomvds>U.S. Census Bureau</edomvds>
					</edom>
					<edom>
						<edomv>P0003</edomv>
						<edomvd>Intermittent Shoreline</edomvd>
						<edomvds>U.S. Census Bureau</edomvds>
					</edom>
					<edom>
						<edomv>P0004</edomv>
						<edomvd>Other non-visible bounding Edge (e.g., Census water
                    boundary, boundary of an areal feature)</edomvd>
						<edomvds>U.S. Census Bureau</edomvds>
					</edom>
					<edom>
						<edomv>R1011</edomv>
						<edomvd>Railroad Feature (Main, Spur, or Yard)</edomvd>
						<edomvds>U.S. Census Bureau</edomvds>
					</edom>
					<edom>
						<edomv>R1051</edomv>
						<edomvd>Carline, Streetcar Track, Monorail, Other Mass Transit Rail)</edomvd>
						<edomvds>U.S. Census Bureau</edomvds>
					</edom>
					<edom>
						<edomv>R1052</edomv>
						<edomvd>Cog Rail Line, Incline Rail Line, Tram</edomvd>
						<edomvds>U.S. Census Bureau</edomvds>
					</edom>
					<edom>
						<edomv>S1100</edomv>
						<edomvd>Primary Road</edomvd>
						<edomvds>U.S. Census Bureau</edomvds>
					</edom>
					<edom>
						<edomv>S1200</edomv>
						<edomvd>Secondary Road</edomvd>
						<edomvds>U.S. Census Bureau</edomvds>
					</edom>
					<edom>
						<edomv>S1400</edomv>
						<edomvd>Local Neighborhood Road, Rural Road, City Street</edomvd>
						<edomvds>U.S. Census Bureau</edomvds>
					</edom>
					<edom>
						<edomv>S1500</edomv>
						<edomvd>Vehicular Trail (4WD)</edomvd>
						<edomvds>U.S. Census Bureau</edomvds>
					</edom>
					<edom>
						<edomv>S1630</edomv>
						<edomvd>Ramp</edomvd>
						<edomvds>U.S. Census Bureau</edomvds>
					</edom>
					<edom>
						<edomv>S1640</edomv>
						<edomvd>Service Drive usually along a limited access highway</edomvd>
						<edomvds>U.S. Census Bureau</edomvds>
					</edom>
					<edom>
						<edomv>S1710</edomv>
						<edomvd>Walkway/Pedestrian Trail</edomvd>
						<edomvds>U.S. Census Bureau</edomvds>
					</edom>
					<edom>
						<edomv>S1720</edomv>
						<edomvd>Stairway</edomvd>
						<edomvds>U.S. Census Bureau</edomvds>
					</edom>
					<edom>
						<edomv>S1730</edomv>
						<edomvd>Alley</edomvd>
						<edomvds>U.S. Census Bureau</edomvds>
					</edom>
					<edom>
						<edomv>S1740</edomv>
						<edomvd>Private Road for service vehicles (logging, oil, fields,
                    ranches, etc.)</edomvd>
						<edomvds>U.S. Census Bureau</edomvds>
					</edom>
					<edom>
						<edomv>S1750</edomv>
						<edomvd>Private Driveway</edomvd>
						<edomvds>U.S. Census Bureau</edomvds>
					</edom>
					<edom>
						<edomv>S1780</edomv>
						<edomvd>Parking Lot Road</edomvd>
						<edomvds>U.S. Census Bureau</edomvds>
					</edom>
					<edom>
						<edomv>S1820</edomv>
						<edomvd>Bike Path or Trail</edomvd>
						<edomvds>U.S. Census Bureau</edomvds>
					</edom>
					<edom>
						<edomv>S1830</edomv>
						<edomvd>Bridle Path</edomvd>
						<edomvds>U.S. Census Bureau</edomvds>
					</edom>
				</attrdomv>
				<attalias Sync="TRUE">MTFCC</attalias><attrtype Sync="TRUE">String</attrtype><attwidth Sync="TRUE">5</attwidth><atprecis Sync="TRUE">0</atprecis><attscale Sync="TRUE">0</attscale></attr>
			<attr>
				<attrlabl>FULLNAME</attrlabl>
				<attrdef>Concatenation of expanded text for prefix qualifier, prefix
                 direction, prefix type, base name, suffix type, suffix
                 direction, and suffix qualifier (as available) with a space
                 between each expanded text field</attrdef>
				<attrdefs>U.S. Census Bureau</attrdefs>
				<attrdomv>
					<udom>data are unavailable</udom>
				</attrdomv>
				<attalias Sync="TRUE">FULLNAME</attalias><attrtype Sync="TRUE">String</attrtype><attwidth Sync="TRUE">100</attwidth><atprecis Sync="TRUE">0</atprecis><attscale Sync="TRUE">0</attscale></attr>
			<attr>
				<attrlabl>SMID</attrlabl>
				<attrdef>Spatial metadata identifier</attrdef>
				<attrdefs>U.S. Census Bureau</attrdefs>
				<attrdomv>
					<edom>
						<edomv>1</edomv>
						<edomvd>Spatial MID is positive, non-zero number</edomvd>
						<edomvds>U.S. Census Bureau</edomvds>
					</edom>
				</attrdomv>
				<attalias Sync="TRUE">SMID</attalias><attrtype Sync="TRUE">String</attrtype><attwidth Sync="TRUE">22</attwidth><atprecis Sync="TRUE">0</atprecis><attscale Sync="TRUE">0</attscale></attr>
			<attr>
				<attrlabl>LFROMADD</attrlabl>
				<attrdef>From house number associated with the most inclusive address
                 range on the left side of the edge</attrdef>
				<attrdefs>U.S. Census Bureau</attrdefs>
				<attrdomv>
					<udom>data are unavailable</udom>
				</attrdomv>
				<attalias Sync="TRUE">LFROMADD</attalias><attrtype Sync="TRUE">String</attrtype><attwidth Sync="TRUE">12</attwidth><atprecis Sync="TRUE">0</atprecis><attscale Sync="TRUE">0</attscale></attr>
			<attr>
				<attrlabl>LTOADD</attrlabl>
				<attrdef>To house number associated with the most inclusive address
                 range on the left side of the edge</attrdef>
				<attrdefs>U.S. Census Bureau</attrdefs>
				<attrdomv>
					<udom>data are unavailable</udom>
				</attrdomv>
				<attalias Sync="TRUE">LTOADD</attalias><attrtype Sync="TRUE">String</attrtype><attwidth Sync="TRUE">12</attwidth><atprecis Sync="TRUE">0</atprecis><attscale Sync="TRUE">0</attscale></attr>
			<attr>
				<attrlabl>RFROMADD</attrlabl>
				<attrdef>From house number associated with the most inclusive address
                 range on the right side of the edge</attrdef>
				<attrdefs>U.S. Census Bureau</attrdefs>
				<attrdomv>
					<udom>data are unavailable</udom>
				</attrdomv>
				<attalias Sync="TRUE">RFROMADD</attalias><attrtype Sync="TRUE">String</attrtype><attwidth Sync="TRUE">12</attwidth><atprecis Sync="TRUE">0</atprecis><attscale Sync="TRUE">0</attscale></attr>
			<attr>
				<attrlabl>RTOADD</attrlabl>
				<attrdef>To house number associated with the most inclusive address
                 range on the right side of the edge</attrdef>
				<attrdefs>U.S. Census Bureau</attrdefs>
				<attrdomv>
					<udom>data are unavailable</udom>
				</attrdomv>
				<attalias Sync="TRUE">RTOADD</attalias><attrtype Sync="TRUE">String</attrtype><attwidth Sync="TRUE">12</attwidth><atprecis Sync="TRUE">0</atprecis><attscale Sync="TRUE">0</attscale></attr>
			<attr>
				<attrlabl>ZIPL</attrlabl>
				<attrdef>ZIP code associated with the most inclusive address range on
                 the left side</attrdef>
				<attrdefs>U.S. Census Bureau</attrdefs>
				<attrdomv>
					<rdom>
						<rdommin>00500</rdommin>
						<rdommax>99999</rdommax>
					</rdom>
				</attrdomv>
				<attalias Sync="TRUE">ZIPL</attalias><attrtype Sync="TRUE">String</attrtype><attwidth Sync="TRUE">5</attwidth><atprecis Sync="TRUE">0</atprecis><attscale Sync="TRUE">0</attscale></attr>
			<attr>
				<attrlabl>ZIPR</attrlabl>
				<attrdef>ZIP code associated with the most inclusive address range on
                 the right side</attrdef>
				<attrdefs>U.S. Census Bureau</attrdefs>
				<attrdomv>
					<rdom>
						<rdommin>00500</rdommin>
						<rdommax>99999</rdommax>
					</rdom>
				</attrdomv>
				<attalias Sync="TRUE">ZIPR</attalias><attrtype Sync="TRUE">String</attrtype><attwidth Sync="TRUE">5</attwidth><atprecis Sync="TRUE">0</atprecis><attscale Sync="TRUE">0</attscale></attr>
			<attr>
				<attrlabl>FEATCAT</attrlabl>
				<attrdef>General feature classification category</attrdef>
				<attrdefs>U.S. Census Bureau</attrdefs>
				<attrdomv>
					<edom>
						<edomv>C</edomv>
						<edomvd>Miscellaneous Topographic Feature Name</edomvd>
						<edomvds>U.S. Census Bureau</edomvds>
					</edom>
					<edom>
						<edomv>H</edomv>
						<edomvd>Hydrographic Feature Name</edomvd>
						<edomvds>U.S. Census Bureau</edomvds>
					</edom>
					<edom>
						<edomv>K</edomv>
						<edomvd>Living Quarters, Workplace Locations, Group Quarters,
                    Special Places, Building Names</edomvd>
						<edomvds>U.S. Census Bureau</edomvds>
					</edom>
					<edom>
						<edomv>L</edomv>
						<edomvd>Miscellaneous Linear Feature Name</edomvd>
						<edomvds>U.S. Census Bureau</edomvds>
					</edom>
					<edom>
						<edomv>R</edomv>
						<edomvd>Rail Feature Name</edomvd>
						<edomvds>U.S. Census Bureau</edomvds>
					</edom>
					<edom>
						<edomv>S</edomv>
						<edomvd>Street/Road/Path/Trail Name</edomvd>
						<edomvds>U.S. Census Bureau</edomvds>
					</edom>
				</attrdomv>
				<attalias Sync="TRUE">FEATCAT</attalias><attrtype Sync="TRUE">String</attrtype><attwidth Sync="TRUE">1</attwidth><atprecis Sync="TRUE">0</atprecis><attscale Sync="TRUE">0</attscale></attr>
			<attr>
				<attrlabl>HYDROFLG</attrlabl>
				<attrdef>Hydrography feature indicator</attrdef>
				<attrdefs>U.S. Census Bureau</attrdefs>
				<attrdomv>
					<edom>
						<edomv>N</edomv>
						<edomvd>No</edomvd>
						<edomvds>U.S. Census Bureau</edomvds>
					</edom>
					<edom>
						<edomv>Y</edomv>
						<edomvd>Yes</edomvd>
						<edomvds>U.S. Census Bureau</edomvds>
					</edom>
				</attrdomv>
				<attalias Sync="TRUE">HYDROFLG</attalias><attrtype Sync="TRUE">String</attrtype><attwidth Sync="TRUE">1</attwidth><atprecis Sync="TRUE">0</atprecis><attscale Sync="TRUE">0</attscale></attr>
			<attr>
				<attrlabl>RAILFLG</attrlabl>
				<attrdef>Rail feature indicator</attrdef>
				<attrdefs>U.S. Census Bureau</attrdefs>
				<attrdomv>
					<edom>
						<edomv>N</edomv>
						<edomvd>No</edomvd>
						<edomvds>U.S. Census Bureau</edomvds>
					</edom>
					<edom>
						<edomv>Y</edomv>
						<edomvd>Yes</edomvd>
						<edomvds>U.S. Census Bureau</edomvds>
					</edom>
				</attrdomv>
				<attalias Sync="TRUE">RAILFLG</attalias><attrtype Sync="TRUE">String</attrtype><attwidth Sync="TRUE">1</attwidth><atprecis Sync="TRUE">0</atprecis><attscale Sync="TRUE">0</attscale></attr>
			<attr>
				<attrlabl>ROADFLG</attrlabl>
				<attrdef>Road feature indicator</attrdef>
				<attrdefs>U.S. Census Bureau</attrdefs>
				<attrdomv>
					<edom>
						<edomv>N</edomv>
						<edomvd>No</edomvd>
						<edomvds>U.S. Census Bureau</edomvds>
					</edom>
					<edom>
						<edomv>Y</edomv>
						<edomvd>Yes</edomvd>
						<edomvds>U.S. Census Bureau</edomvds>
					</edom>
				</attrdomv>
				<attalias Sync="TRUE">ROADFLG</attalias><attrtype Sync="TRUE">String</attrtype><attwidth Sync="TRUE">1</attwidth><atprecis Sync="TRUE">0</atprecis><attscale Sync="TRUE">0</attscale></attr>
			<attr>
				<attrlabl>OLFFLG</attrlabl>
				<attrdef>Other linear feature indicator</attrdef>
				<attrdefs>U.S. Census Bureau</attrdefs>
				<attrdomv>
					<edom>
						<edomv>N</edomv>
						<edomvd>No</edomvd>
						<edomvds>U.S. Census Bureau</edomvds>
					</edom>
					<edom>
						<edomv>Y</edomv>
						<edomvd>Yes</edomvd>
						<edomvds>U.S. Census Bureau</edomvds>
					</edom>
				</attrdomv>
				<attalias Sync="TRUE">OLFFLG</attalias><attrtype Sync="TRUE">String</attrtype><attwidth Sync="TRUE">1</attwidth><atprecis Sync="TRUE">0</atprecis><attscale Sync="TRUE">0</attscale></attr>
			<attr>
				<attrlabl>PASSFLG</attrlabl>
				<attrdef>Special passage flag</attrdef>
				<attrdefs>U.S. Census Bureau</attrdefs>
				<attrdomv>
					<edom>
						<edomv>B</edomv>
						<edomvd>Bridge</edomvd>
						<edomvds>U.S. Census Bureau</edomvds>
					</edom>
					<edom>
						<edomv>F</edomv>
						<edomvd>Ford</edomvd>
						<edomvds>U.S. Census Bureau</edomvds>
					</edom>
					<edom>
						<edomv>T</edomv>
						<edomvd>Tunnel</edomvd>
						<edomvds>U.S. Census Bureau</edomvds>
					</edom>
				</attrdomv>
				<attalias Sync="TRUE">PASSFLG</attalias><attrtype Sync="TRUE">String</attrtype><attwidth Sync="TRUE">1</attwidth><atprecis Sync="TRUE">0</atprecis><attscale Sync="TRUE">0</attscale></attr>
			<attr>
				<attrlabl>DIVROAD</attrlabl>
				<attrdef>Divided road flag</attrdef>
				<attrdefs>U.S. Census Bureau</attrdefs>
				<attrdomv>
					<edom>
						<edomv>N</edomv>
						<edomvd>Not separated</edomvd>
						<edomvds>U.S. Census Bureau</edomvds>
					</edom>
					<edom>
						<edomv>Y</edomv>
						<edomvd>Separated</edomvd>
						<edomvds>U.S. Census Bureau</edomvds>
					</edom>
				</attrdomv>
				<attalias Sync="TRUE">DIVROAD</attalias><attrtype Sync="TRUE">String</attrtype><attwidth Sync="TRUE">1</attwidth><atprecis Sync="TRUE">0</atprecis><attscale Sync="TRUE">0</attscale></attr>
			<attr>
				<attrlabl>EXTTYP</attrlabl>
				<attrdef>Extension type</attrdef>
				<attrdefs>U.S. Census Bureau</attrdefs>
				<attrdomv>
					<edom>
						<edomv>B</edomv>
						<edomvd>Automated feature extension to lengthen existing physical
                    feature for block delineation</edomvd>
						<edomvds>U.S. Census Bureau</edomvds>
					</edom>
					<edom>
						<edomv>C</edomv>
						<edomvd>Nonvisible centerline of area enclosed by corridor boundary</edomvd>
						<edomvds>U.S. Census Bureau</edomvds>
					</edom>
					<edom>
						<edomv>I</edomv>
						<edomvd>Irregular feature extension, determined manually, to
                    lengthen existing physical feature</edomvd>
						<edomvds>U.S. Census Bureau</edomvds>
					</edom>
					<edom>
						<edomv>M</edomv>
						<edomvd> Automated closure extension for cartographic products</edomvd>
						<edomvds>U.S. Census Bureau</edomvds>
					</edom>
					<edom>
						<edomv>N</edomv>
						<edomvd>Not a feature extension</edomvd>
						<edomvds>U.S. Census Bureau</edomvds>
					</edom>
					<edom>
						<edomv>S</edomv>
						<edomvd>Nonvisible separation line used with offset and corridor
                    boundaries</edomvd>
						<edomvds>U.S. Census Bureau</edomvds>
					</edom>
				</attrdomv>
				<attalias Sync="TRUE">EXTTYP</attalias><attrtype Sync="TRUE">String</attrtype><attwidth Sync="TRUE">1</attwidth><atprecis Sync="TRUE">0</atprecis><attscale Sync="TRUE">0</attscale></attr>
			<attr>
				<attrlabl>TTYP</attrlabl>
				<attrdef>Track type</attrdef>
				<attrdefs>U.S. Census Bureau</attrdefs>
				<attrdomv>
					<edom>
						<edomv>M</edomv>
						<edomvd>Main</edomvd>
						<edomvds>U.S. Census Bureau</edomvds>
					</edom>
					<edom>
						<edomv>O</edomv>
						<edomvd>Other Rail Features</edomvd>
						<edomvds>U.S. Census Bureau</edomvds>
					</edom>
					<edom>
						<edomv>S</edomv>
						<edomvd>Spur</edomvd>
						<edomvds>U.S. Census Bureau</edomvds>
					</edom>
					<edom>
						<edomv>Y</edomv>
						<edomvd>Yard</edomvd>
						<edomvds>U.S. Census Bureau</edomvds>
					</edom>
				</attrdomv>
				<attalias Sync="TRUE">TTYP</attalias><attrtype Sync="TRUE">String</attrtype><attwidth Sync="TRUE">1</attwidth><atprecis Sync="TRUE">0</atprecis><attscale Sync="TRUE">0</attscale></attr>
			<attr>
				<attrlabl>DECKEDROAD</attrlabl>
				<attrdef>Decked road indicator</attrdef>
				<attrdefs>U.S. Census Bureau</attrdefs>
				<attrdomv>
					<edom>
						<edomv>A</edomv>
						<edomvd>Rail above</edomvd>
						<edomvds>U.S. Census Bureau</edomvds>
					</edom>
					<edom>
						<edomv>B</edomv>
						<edomvd>Rail below</edomvd>
						<edomvds>U.S. Census Bureau</edomvds>
					</edom>
					<edom>
						<edomv>H</edomv>
						<edomvd>Road above a different road (allow MTFCCs to vary)</edomvd>
						<edomvds>U.S. Census Bureau</edomvds>
					</edom>
					<edom>
						<edomv>N</edomv>
						<edomvd>Not Decked</edomvd>
						<edomvds>U.S. Census Bureau</edomvds>
					</edom>
					<edom>
						<edomv>R</edomv>
						<edomvd>One road split between several different levels (MTFCC
                    cannot vary)</edomvd>
						<edomvds>U.S. Census Bureau</edomvds>
					</edom>
				</attrdomv>
				<attalias Sync="TRUE">DECKEDROAD</attalias><attrtype Sync="TRUE">String</attrtype><attwidth Sync="TRUE">1</attwidth><atprecis Sync="TRUE">0</atprecis><attscale Sync="TRUE">0</attscale></attr>
			<attr>
				<attrlabl>ARTPATH</attrlabl>
				<attrdef>Artificial path indicator</attrdef>
				<attrdefs>U.S. Census Bureau</attrdefs>
				<attrdomv>
					<edom>
						<edomv>C</edomv>
						<edomvd>Census or Local Artificial Path</edomvd>
						<edomvds>U.S. Census Bureau</edomvds>
					</edom>
					<edom>
						<edomv>N</edomv>
						<edomvd>Not an Artificial Path (default)</edomvd>
						<edomvds>U.S. Census Bureau</edomvds>
					</edom>
					<edom>
						<edomv>U</edomv>
						<edomvd>USGS Artificial Path or Connector Inside Water</edomvd>
						<edomvds>U.S. Census Bureau</edomvds>
					</edom>
				</attrdomv>
				<attalias Sync="TRUE">ARTPATH</attalias><attrtype Sync="TRUE">String</attrtype><attwidth Sync="TRUE">1</attwidth><atprecis Sync="TRUE">0</atprecis><attscale Sync="TRUE">0</attscale></attr>
			<attr>
				<attrlabl>PERSIST</attrlabl>
				<attrdef>Hydrographic persistence flag</attrdef>
				<attrdefs>U.S. Census Bureau</attrdefs>
				<attrdomv>
					<edom>
						<edomv>I</edomv>
						<edomvd>Intermittent</edomvd>
						<edomvds>U.S. Census Bureau</edomvds>
					</edom>
					<edom>
						<edomv>P</edomv>
						<edomvd>Perennial</edomvd>
						<edomvds>U.S. Census Bureau</edomvds>
					</edom>
				</attrdomv>
				<attalias Sync="TRUE">PERSIST</attalias><attrtype Sync="TRUE">String</attrtype><attwidth Sync="TRUE">1</attwidth><atprecis Sync="TRUE">0</atprecis><attscale Sync="TRUE">0</attscale></attr>
			<attr>
				<attrlabl>GCSEFLG</attrlabl>
				<attrdef>Short lines flag for geographic corridors</attrdef>
				<attrdefs>U.S. Census Bureau</attrdefs>
				<attrdomv>
					<edom>
						<edomv>C</edomv>
						<edomvd>Closure</edomvd>
						<edomvds>U.S. Census Bureau</edomvds>
					</edom>
					<edom>
						<edomv>N</edomv>
						<edomvd>Indicates the edge is not a short edge</edomvd>
						<edomvds>U.S. Census Bureau</edomvds>
					</edom>
					<edom>
						<edomv>T</edomv>
						<edomvd>Traverses corridor</edomvd>
						<edomvds>U.S. Census Bureau</edomvds>
					</edom>
				</attrdomv>
				<attalias Sync="TRUE">GCSEFLG</attalias><attrtype Sync="TRUE">String</attrtype><attwidth Sync="TRUE">1</attwidth><atprecis Sync="TRUE">0</atprecis><attscale Sync="TRUE">0</attscale></attr>
			<attr>
				<attrlabl>OFFSETL</attrlabl>
				<attrdef>Left offset flag</attrdef>
				<attrdefs>U.S. Census Bureau</attrdefs>
				<attrdomv>
					<codesetd>
						<codesetn>data are unavailable</codesetn>
						<codesets>data are unavailable</codesets>
					</codesetd>
				</attrdomv>
				<attalias Sync="TRUE">OFFSETL</attalias><attrtype Sync="TRUE">String</attrtype><attwidth Sync="TRUE">1</attwidth><atprecis Sync="TRUE">0</atprecis><attscale Sync="TRUE">0</attscale></attr>
			<attr>
				<attrlabl>OFFSETR</attrlabl>
				<attrdef>Right offset flag</attrdef>
				<attrdefs>U.S. Census Bureau</attrdefs>
				<attrdomv>
					<codesetd>
						<codesetn>data are unavailable</codesetn>
						<codesets>data are unavailable</codesets>
					</codesetd>
				</attrdomv>
				<attalias Sync="TRUE">OFFSETR</attalias><attrtype Sync="TRUE">String</attrtype><attwidth Sync="TRUE">1</attwidth><atprecis Sync="TRUE">0</atprecis><attscale Sync="TRUE">0</attscale></attr>
			<attr>
				<attrlabl>TNIDF</attrlabl>
				<attrdef>From TIGER node identifier</attrdef>
				<attrdefs>U.S. Census Bureau</attrdefs>
				<attrdomv>
					<codesetd>
						<codesetn>data are unavailable</codesetn>
						<codesets>data are unavailable</codesets>
					</codesetd>
				</attrdomv>
				<attalias Sync="TRUE">TNIDF</attalias><attrtype Sync="TRUE">Double</attrtype><attwidth Sync="TRUE">10</attwidth><atprecis Sync="TRUE">10</atprecis><attscale Sync="TRUE">0</attscale></attr>
			<attr>
				<attrlabl>TNIDT</attrlabl>
				<attrdef>To TIGER node identifier</attrdef>
				<attrdefs>U.S. Census Bureau</attrdefs>
				<attrdomv>
					<codesetd>
						<codesetn>data are unavailable</codesetn>
						<codesets>data are unavailable</codesets>
					</codesetd>
				</attrdomv>
				<attalias Sync="TRUE">TNIDT</attalias><attrtype Sync="TRUE">Double</attrtype><attwidth Sync="TRUE">10</attwidth><atprecis Sync="TRUE">10</atprecis><attscale Sync="TRUE">0</attscale></attr>
			<attr><attrlabl Sync="TRUE">RDSCODE</attrlabl><attalias Sync="TRUE">RDSCODE</attalias><attrtype Sync="TRUE">SmallInteger</attrtype><attwidth Sync="TRUE">2</attwidth><atprecis Sync="TRUE">2</atprecis><attscale Sync="TRUE">0</attscale></attr><attr><attrlabl Sync="TRUE">OWNER</attrlabl><attalias Sync="TRUE">OWNER</attalias><attrtype Sync="TRUE">String</attrtype><attwidth Sync="TRUE">13</attwidth><atprecis Sync="TRUE">0</atprecis><attscale Sync="TRUE">0</attscale></attr><attr><attrlabl Sync="TRUE">RDSCLASS</attrlabl><attalias Sync="TRUE">RDSCLASS</attalias><attrtype Sync="TRUE">String</attrtype><attwidth Sync="TRUE">9</attwidth><atprecis Sync="TRUE">0</atprecis><attscale Sync="TRUE">0</attscale></attr><attr><attrlabl Sync="TRUE">RDSTYPE</attrlabl><attalias Sync="TRUE">RDSTYPE</attalias><attrtype Sync="TRUE">String</attrtype><attwidth Sync="TRUE">13</attwidth><atprecis Sync="TRUE">0</atprecis><attscale Sync="TRUE">0</attscale></attr></detailed>
	</eainfo>
	<distinfo>
		<distrib>
			<cntinfo>
				<cntorgp>
					<cntorg>U.S. Department of Commerce, U.S. Census Bureau, Geography Division, Geographic Products Branch</cntorg>
				</cntorgp>
				<cntaddr>
					<addrtype>Mailing address</addrtype>
					<address>4600 Silver Hill Road, Stop 7400</address>
					<city>Washington</city>
					<state>DC</state>
					<postal>20233-7400</postal>
					<country>United States</country>
				</cntaddr>
				<cntvoice>301-763-1128</cntvoice>
				<cntfax>301-763-4710</cntfax>
				<cntemail>geo.tiger@census.gov</cntemail>
			</cntinfo>
		</distrib>
		<distliab>No warranty, expressed or implied is made with regard to the accuracy of these data, and no liability is assumed by the U.S. Government in general or the U.S. Census Bureau in specific as to the spatial or attribute accuracy of the data.  The act of distribution shall not constitute any such warranty and no responsibility is assumed by the U.S. government in the use of these files.  The boundary information in the TIGER/Line Shapefiles is for statistical data collection and tabulation purposes only; their depiction and designation for statistical purposes do not constitute a determination of jurisdictional authority or rights of ownership or entitlement and they are not legal land descriptions.</distliab>
		<stdorder>
			<digform>
				<digtinfo>
					<formname>TGRSHP (compressed)</formname>
					<filedec>PK-ZIP, version 1.93 A or higher</filedec>
					<transize Sync="TRUE">0.000</transize><dssize Sync="TRUE">0.000</dssize></digtinfo>
				<digtopt>
					<onlinopt>
						<computer>
							<networka>
								<networkr>http://www.census.gov/geo/www/tiger</networkr>
							</networka>
						</computer>
					</onlinopt>
					<offoptn>
						<offmedia>DVD-ROM (Only if offered offline)</offmedia>
						<recfmt>ISO 9660</recfmt>
					</offoptn>
				</digtopt>
			</digform>
			<fees>The online copy of the TIGER/Line files may be accessed without charge.</fees>
			<ordering>To obtain more information about ordering TIGER/Line shapefiles visit http://www.census.gov/geo/www/tiger </ordering>
		</stdorder>
		<techpreq>The TIGER/Line shapefiles contain geographic data only and do not include display mapping software or statistical data.  For information on how to use the TIGER/Line shapefile data with specific software package users shall contact the company that produced the software.</techpreq>
		<resdesc Sync="TRUE">Downloadable Data</resdesc></distinfo>
	<metainfo>
		<metd>20100507</metd>
		<metc>
			<cntinfo>
				<cntorgp>
					<cntorg>U.S. Department of Commerce, U.S. Census Bureau, Geography Division, Geographic Products Branch</cntorg>
					<cntper>REQUIRED: The person responsible for the metadata information.</cntper></cntorgp>
				<cntaddr>
					<addrtype>Mailing address</addrtype>
					<address>4600 Silver Hill Road, Stop 7400</address>
					<city>Washington</city>
					<state>DC</state>
					<postal>20233-7400</postal>
					<country>United States</country>
				</cntaddr>
				<cntvoice>301-763-1128</cntvoice>
				<cntfax>301-763-4710</cntfax>
				<cntemail>geo.tiger@census.gov</cntemail>
			</cntinfo>
		</metc>
		<metstdn>FGDC Content Standards for Digital Geospatial Metadata</metstdn>
		<metstdv>FGDC-STD-001-1998</metstdv>
		<Metadata_Character_Set>8859part1</Metadata_Character_Set>
		<Metadata_File_Identifier>tl_2010_13007_edges.shp.xml</Metadata_File_Identifier>
		<Metadata_Language>eng</Metadata_Language>
		<langmeta Sync="TRUE">en</langmeta><mettc Sync="TRUE">local time</mettc></metainfo>
	<Esri><CreaDate>20191204</CreaDate><CreaTime>21554700</CreaTime><SyncOnce>FALSE</SyncOnce><DataProperties><lineage><Process ToolSource="C:\Program Files (x86)\ArcGIS\ArcToolbox\Toolboxes\Data Management Tools.tbx\Project" Date="20111208" Time="113014">Project tl_2010_13007_edges G:\NEON_GIS\NEON_Internal_Data\Site_GIS_Data\03_Southeast\3_REL_JonesCenter\03_RawData\Exclusions\Roads_wgs84.shp PROJCS['WGS_1984_UTM_Zone_16N',GEOGCS['GCS_WGS_1984',DATUM['D_WGS_1984',SPHEROID['WGS_1984',6378137.0,298.257223563]],PRIMEM['Greenwich',0.0],UNIT['Degree',0.0174532925199433]],PROJECTION['Transverse_Mercator'],PARAMETER['False_Easting',500000.0],PARAMETER['False_Northing',0.0],PARAMETER['Central_Meridian',-87.0],PARAMETER['Scale_Factor',0.9996],PARAMETER['Latitude_Of_Origin',0.0],UNIT['Meter',1.0]] NAD_1983_To_WGS_1984_5 GEOGCS['GCS_North_American_1983',DATUM['D_North_American_1983',SPHEROID['GRS_1980',6378137.0,298.257222101]],PRIMEM['Greenwich',0.0],UNIT['Degree',0.0174532925199433]]</Process><Process ToolSource="C:\Program Files (x86)\ArcGIS\ArcToolbox\Toolboxes\Analysis Tools.tbx\Clip" Date="20111208" Time="113635">Clip Roads_wgs84 JERC_Boundary_wgs84 G:\NEON_GIS\NEON_Internal_Data\Site_GIS_Data\03_Southeast\3_REL_JonesCenter\03_RawData\Exclusions\Roads_wgs84_Clip.shp #</Process><Process ToolSource="C:\Program Files (x86)\ArcGIS\ArcToolbox\Toolboxes\Data Management Tools.tbx\Merge" Date="20111220" Time="091026">Merge Roads_wgs84_Clip;internal_roads_wgs84 G:\NEON_GIS\NEON_Internal_Data\Site_GIS_Data\03_Southeast\3_REL_JonesCenter\03_RawData\Exclusions\Final_Exclusion_Layers\AllRoads_wgs84.shp "STATEFP 'STATEFP' true true false 2 Text 0 0 ,First,#,Roads_wgs84_Clip,STATEFP,-1,-1;COUNTYFP 'COUNTYFP' true true false 3 Text 0 0 ,First,#,Roads_wgs84_Clip,COUNTYFP,-1,-1;TLID 'TLID' true true false 10 Double 0 10 ,First,#,Roads_wgs84_Clip,TLID,-1,-1;TFIDL 'TFIDL' true true false 10 Double 0 10 ,First,#,Roads_wgs84_Clip,TFIDL,-1,-1;TFIDR 'TFIDR' true true false 10 Double 0 10 ,First,#,Roads_wgs84_Clip,TFIDR,-1,-1;MTFCC 'MTFCC' true true false 5 Text 0 0 ,First,#,Roads_wgs84_Clip,MTFCC,-1,-1;FULLNAME 'FULLNAME' true true false 100 Text 0 0 ,First,#,Roads_wgs84_Clip,FULLNAME,-1,-1;SMID 'SMID' true true false 22 Text 0 0 ,First,#,Roads_wgs84_Clip,SMID,-1,-1;LFROMADD 'LFROMADD' true true false 12 Text 0 0 ,First,#,Roads_wgs84_Clip,LFROMADD,-1,-1;LTOADD 'LTOADD' true true false 12 Text 0 0 ,First,#,Roads_wgs84_Clip,LTOADD,-1,-1;RFROMADD 'RFROMADD' true true false 12 Text 0 0 ,First,#,Roads_wgs84_Clip,RFROMADD,-1,-1;RTOADD 'RTOADD' true true false 12 Text 0 0 ,First,#,Roads_wgs84_Clip,RTOADD,-1,-1;ZIPL 'ZIPL' true true false 5 Text 0 0 ,First,#,Roads_wgs84_Clip,ZIPL,-1,-1;ZIPR 'ZIPR' true true false 5 Text 0 0 ,First,#,Roads_wgs84_Clip,ZIPR,-1,-1;FEATCAT 'FEATCAT' true true false 1 Text 0 0 ,First,#,Roads_wgs84_Clip,FEATCAT,-1,-1;HYDROFLG 'HYDROFLG' true true false 1 Text 0 0 ,First,#,Roads_wgs84_Clip,HYDROFLG,-1,-1;RAILFLG 'RAILFLG' true true false 1 Text 0 0 ,First,#,Roads_wgs84_Clip,RAILFLG,-1,-1;ROADFLG 'ROADFLG' true true false 1 Text 0 0 ,First,#,Roads_wgs84_Clip,ROADFLG,-1,-1;OLFFLG 'OLFFLG' true true false 1 Text 0 0 ,First,#,Roads_wgs84_Clip,OLFFLG,-1,-1;PASSFLG 'PASSFLG' true true false 1 Text 0 0 ,First,#,Roads_wgs84_Clip,PASSFLG,-1,-1;DIVROAD 'DIVROAD' true true false 1 Text 0 0 ,First,#,Roads_wgs84_Clip,DIVROAD,-1,-1;EXTTYP 'EXTTYP' true true false 1 Text 0 0 ,First,#,Roads_wgs84_Clip,EXTTYP,-1,-1;TTYP 'TTYP' true true false 1 Text 0 0 ,First,#,Roads_wgs84_Clip,TTYP,-1,-1;DECKEDROAD 'DECKEDROAD' true true false 1 Text 0 0 ,First,#,Roads_wgs84_Clip,DECKEDROAD,-1,-1;ARTPATH 'ARTPATH' true true false 1 Text 0 0 ,First,#,Roads_wgs84_Clip,ARTPATH,-1,-1;PERSIST 'PERSIST' true true false 1 Text 0 0 ,First,#,Roads_wgs84_Clip,PERSIST,-1,-1;GCSEFLG 'GCSEFLG' true true false 1 Text 0 0 ,First,#,Roads_wgs84_Clip,GCSEFLG,-1,-1;OFFSETL 'OFFSETL' true true false 1 Text 0 0 ,First,#,Roads_wgs84_Clip,OFFSETL,-1,-1;OFFSETR 'OFFSETR' true true false 1 Text 0 0 ,First,#,Roads_wgs84_Clip,OFFSETR,-1,-1;TNIDF 'TNIDF' true true false 10 Double 0 10 ,First,#,Roads_wgs84_Clip,TNIDF,-1,-1;TNIDT 'TNIDT' true true false 10 Double 0 10 ,First,#,Roads_wgs84_Clip,TNIDT,-1,-1;RDSCODE 'RDSCODE' true true false 2 Short 0 2 ,First,#,internal_roads_wgs84,RDSCODE,-1,-1;OWNER 'OWNER' true true false 13 Text 0 0 ,First,#,internal_roads_wgs84,OWNER,-1,-1;RDSCLASS 'RDSCLASS' true true false 9 Text 0 0 ,First,#,internal_roads_wgs84,RDSCLASS,-1,-1;RDSTYPE 'RDSTYPE' true true false 13 Text 0 0 ,First,#,internal_roads_wgs84,RDSTYPE,-1,-1"</Process><Process ToolSource="c:\program files (x86)\arcgis\desktop10.0\ArcToolbox\Toolboxes\Analysis Tools.tbx\Clip" Date="20121227" Time="102806">Clip A:\NEON_INTERNAL_DATA\Site_GIS_Data_03162012\03_Southeast\3_REL_JonesCenter\03_RawData\Exclusions\Final_Exclusion_Layers\AllRoads_wgs84.shp L:\SpatialData\Domain03\D03_Rel_Jones\JERC_FSU_Boundary_NEON.shp "A:\NEON_INTERNAL_DATA\Site_GIS_Data_03162012\03_Southeast\3_REL_JonesCenter\03_RawData\New Folder\JERC_Roads.shp" #</Process></lineage><itemProps><itemName Sync="TRUE">JERC_Roads</itemName><imsContentType Sync="TRUE">002</imsContentType><itemSize Sync="TRUE">0.000</itemSize><itemLocation><linkage Sync="TRUE">file://\\eco.neoninternal.org\neon\Science\GISData\TOS\TOS_Plot_Data\roads\03_R_JERC_Roads</linkage><protocol Sync="TRUE">Local Area Network</protocol></itemLocation></itemProps><coordRef><type Sync="TRUE">Projected</type><geogcsn Sync="TRUE">GCS_WGS_1984</geogcsn><csUnits Sync="TRUE">Linear Unit: Meter (1.000000)</csUnits><projcsn Sync="TRUE">WGS_1984_UTM_Zone_16N</projcsn><peXml Sync="TRUE">&lt;ProjectedCoordinateSystem xsi:type='typens:ProjectedCoordinateSystem' xmlns:xsi='http://www.w3.org/2001/XMLSchema-instance' xmlns:xs='http://www.w3.org/2001/XMLSchema' xmlns:typens='http://www.esri.com/schemas/ArcGIS/10.0'&gt;&lt;WKT&gt;PROJCS[&amp;quot;WGS_1984_UTM_Zone_16N&amp;quot;,GEOGCS[&amp;quot;GCS_WGS_1984&amp;quot;,DATUM[&amp;quot;D_WGS_1984&amp;quot;,SPHEROID[&amp;quot;WGS_1984&amp;quot;,6378137.0,298.257223563]],PRIMEM[&amp;quot;Greenwich&amp;quot;,0.0],UNIT[&amp;quot;Degree&amp;quot;,0.0174532925199433]],PROJECTION[&amp;quot;Transverse_Mercator&amp;quot;],PARAMETER[&amp;quot;False_Easting&amp;quot;,500000.0],PARAMETER[&amp;quot;False_Northing&amp;quot;,0.0],PARAMETER[&amp;quot;Central_Meridian&amp;quot;,-87.0],PARAMETER[&amp;quot;Scale_Factor&amp;quot;,0.9996],PARAMETER[&amp;quot;Latitude_Of_Origin&amp;quot;,0.0],UNIT[&amp;quot;Meter&amp;quot;,1.0],AUTHORITY[&amp;quot;EPSG&amp;quot;,32616]]&lt;/WKT&gt;&lt;XOrigin&gt;-5120900&lt;/XOrigin&gt;&lt;YOrigin&gt;-9998100&lt;/YOrigin&gt;&lt;XYScale&gt;450445547.3910538&lt;/XYScale&gt;&lt;ZOrigin&gt;-100000&lt;/ZOrigin&gt;&lt;ZScale&gt;10000&lt;/ZScale&gt;&lt;MOrigin&gt;-100000&lt;/MOrigin&gt;&lt;MScale&gt;10000&lt;/MScale&gt;&lt;XYTolerance&gt;0.001&lt;/XYTolerance&gt;&lt;ZTolerance&gt;0.001&lt;/ZTolerance&gt;&lt;MTolerance&gt;0.001&lt;/MTolerance&gt;&lt;HighPrecision&gt;true&lt;/HighPrecision&gt;&lt;WKID&gt;32616&lt;/WKID&gt;&lt;/ProjectedCoordinateSystem&gt;</peXml></coordRef><copyHistory><copy source="N:\Science\GISData\TOS\TOS_Plot_Data\03_Southeast\REL2_JERC\Site_Information\03_R_JERC_Roads" dest="\\eco.neoninternal.org\neon\Science\GISData\TOS\TOS_Plot_Data\roads\03_R_JERC_Roads" date="20191204" time="21554700"></copy></copyHistory></DataProperties><SyncDate>20121227</SyncDate><SyncTime>10280600</SyncTime><ModDate>20121227</ModDate><ModTime>10280600</ModTime></Esri><distInfo><distributor><distorTran><onLineSrc><linkage Sync="TRUE">file://\\nascifs01\neon_gis\NEON_GIS\NEON_Internal_Data\Site_GIS_Data\03_Southeast\3_REL_JonesCenter\03_RawData\Exclusions\Final_Exclusion_Layers\AllRoads_wgs84.shp</linkage><protocol Sync="TRUE">Local Area Network</protocol><orDesc Sync="TRUE">002</orDesc></onLineSrc><transSize Sync="TRUE">0.000</transSize></distorTran><distorFormat><formatName Sync="TRUE">Shapefile</formatName></distorFormat></distributor><distFormat><formatName Sync="TRUE">Shapefile</formatName></distFormat><distTranOps><transSize Sync="TRUE">0.000</transSize></distTranOps></distInfo><dataIdInfo><envirDesc Sync="TRUE">Microsoft Windows 7 Version 6.1 (Build 7601) Service Pack 1; ESRI ArcGIS 10.0.3.3600</envirDesc><dataLang><languageCode Sync="TRUE" value="eng"></languageCode><countryCode value="USA" Sync="TRUE"></countryCode></dataLang><idCitation><resTitle Sync="TRUE">JERC_Roads</resTitle><presForm><PresFormCd Sync="TRUE" value="005"></PresFormCd></presForm></idCitation><spatRpType><SpatRepTypCd Sync="TRUE" value="001"></SpatRepTypCd></spatRpType></dataIdInfo><mdLang><languageCode Sync="TRUE" value="eng"></languageCode><countryCode value="USA" Sync="TRUE"></countryCode></mdLang><mdStanName Sync="TRUE">ISO 19115 Geographic Information - Metadata</mdStanName><mdStanVer Sync="TRUE">DIS_ESRI1.0</mdStanVer><mdChar><CharSetCd Sync="TRUE" value="006"></CharSetCd></mdChar><mdHrLv><ScopeCd Sync="TRUE" value="005"></ScopeCd></mdHrLv><mdHrLvName Sync="TRUE">dataset</mdHrLvName><refSysInfo><RefSystem><refSysID><identCode Sync="TRUE" value="32616">WGS_1984_UTM_Zone_16N</identCode><idCodeSpace Sync="TRUE">EPSG</idCodeSpace><idVersion Sync="TRUE">7.4.1</idVersion></refSysID></RefSystem></refSysInfo><spatRepInfo><VectSpatRep><geometObjs Name="JERC_Roads"><geoObjTyp><GeoObjTypCd value="002" Sync="TRUE"></GeoObjTypCd></geoObjTyp><geoObjCnt Sync="TRUE">0</geoObjCnt></geometObjs><topLvl><TopoLevCd value="001" Sync="TRUE"></TopoLevCd></topLvl></VectSpatRep></spatRepInfo><mdDateSt Sync="TRUE">20121227</mdDateSt></metadata>
