<?xml version="1.0"?>
<!--<!DOCTYPE metadata SYSTEM "http://www.esri.com/metadata/esriprof80.dtd">-->
<metadata xml:lang="en"><Esri><CreaDate>20191204</CreaDate><CreaTime>21553600</CreaTime><SyncOnce>FALSE</SyncOnce><DataProperties><lineage><Process Name="DefineProjection_2" ToolSource="C:\Program Files\ArcGIS\ArcToolbox\Toolboxes\Data Management Tools.tbx\DefineProjection" Date="20051025" Time="132043">DefineProjection K:\DWP\Infrastructure\Roads\roads_open.shp PROJCS['NAD_1927_UTM_Zone_17N',GEOGCS['GCS_North_American_1927',DATUM['D_North_American_1927',SPHEROID['Clarke_1866',6378206.4,294.9786982]],PRIMEM['Greenwich',0.0],UNIT['Degree',0.0174532925199433]],PROJECTION['Transverse_Mercator'],PARAMETER['False_Easting',500000.0],PARAMETER['False_Northing',0.0],PARAMETER['Central_Meridian',-81.0],PARAMETER['Scale_Factor',0.9996],PARAMETER['Latitude_Of_Origin',0.0],UNIT['Meter',1.0]] K:\DWP\Infrastructure\Roads\roads_open.shp</Process><Process Name="Merge_2" ToolSource="C:\Program Files\ArcGIS\ArcToolbox\Toolboxes\Data Management Tools.tbx\Merge" Date="20090211" Time="111234">Merge roads_openCopy;Exportclosed3;Exportclosed2;Exportclosed_maintained K:\DWP\Infrastructure\Roads\roads_openCopy_Merge2.shp "ROAD__ ROAD__ true false false 16 Text 0 0 ,First,#,roads_openCopy,ROAD__,-1,-1;LENGTH LENGTH true false false 16 Double 3 15 ,First,#,roads_openCopy,LENGTH,-1,-1,Exportclosed3,LENGTH,-1,-1,Exportclosed2,LENGTH,-1,-1;COMMENTS COMMENTS true false false 254 Text 0 0 ,First,#,roads_openCopy,COMMENTS,-1,-1;Z006_MANAG Z006_MANAG true false false 16 Text 0 0 ,First,#,roads_openCopy,Z006_MANAG,-1,-1,Exportclosed3,Z006_MANAG,-1,-1,Exportclosed2,Z006_MANAG,-1,-1;FNODE_ FNODE_ true false false 11 Double 0 11 ,First,#,Exportclosed3,FNODE_,-1,-1,Exportclosed2,FNODE_,-1,-1;TNODE_ TNODE_ true false false 11 Double 0 11 ,First,#,Exportclosed3,TNODE_,-1,-1,Exportclosed2,TNODE_,-1,-1;LPOLY_ LPOLY_ true false false 11 Double 0 11 ,First,#,Exportclosed3,LPOLY_,-1,-1,Exportclosed2,LPOLY_,-1,-1;RPOLY_ RPOLY_ true false false 11 Double 0 11 ,First,#,Exportclosed3,RPOLY_,-1,-1,Exportclosed2,RPOLY_,-1,-1;DWPROADS_ DWPROADS_ true false false 11 Double 0 11 ,First,#,Exportclosed3,DWPROADS_,-1,-1,Exportclosed2,DWPROADS_,-1,-1;DWPROADS_I DWPROADS_I true false false 11 Double 0 11 ,First,#,Exportclosed3,DWPROADS_I,-1,-1,Exportclosed2,DWPROADS_I,-1,-1;DWP_RDS3_ DWP_RDS3_ true false false 11 Double 0 11 ,First,#,Exportclosed3,DWP_RDS3_,-1,-1,Exportclosed2,DWP_RDS3_,-1,-1;DWP_RDS3_I DWP_RDS3_I true false false 11 Double 0 11 ,First,#,Exportclosed3,DWP_RDS3_I,-1,-1,Exportclosed2,DWP_RDS3_I,-1,-1;ITEM004 ITEM004 true false false 19 Double 6 18 ,First,#,Exportclosed3,ITEM004,-1,-1,Exportclosed2,ITEM004,-1,-1;ITEM003 ITEM003 true false false 19 Double 6 18 ,First,#,Exportclosed3,ITEM003,-1,-1,Exportclosed2,ITEM003,-1,-1;ITEM002 ITEM002 true false false 19 Double 6 18 ,First,#,Exportclosed3,ITEM002,-1,-1,Exportclosed2,ITEM002,-1,-1;ITEM001 ITEM001 true false false 19 Double 6 18 ,First,#,Exportclosed3,ITEM001,-1,-1,Exportclosed2,ITEM001,-1,-1;DWP_RDS2_ DWP_RDS2_ true false false 19 Double 6 18 ,First,#,Exportclosed3,DWP_RDS2_,-1,-1,Exportclosed2,DWP_RDS2_,-1,-1;DWP_RDS2_I DWP_RDS2_I true false false 19 Double 6 18 ,First,#,Exportclosed3,DWP_RDS2_I,-1,-1,Exportclosed2,DWP_RDS2_I,-1,-1;GPS GPS true false false 2 Text 0 0 ,First,#,Exportclosed3,GPS,-1,-1,Exportclosed2,GPS,-1,-1;MAP1 MAP1 true false false 6 Text 0 0 ,First,#,Exportclosed3,MAP1,-1,-1,Exportclosed2,MAP1,-1,-1;MAP1_A MAP1_A true false false 2 Text 0 0 ,First,#,Exportclosed3,MAP1_A,-1,-1,Exportclosed2,MAP1_A,-1,-1;MAP1_B MAP1_B true false false 2 Text 0 0 ,First,#,Exportclosed3,MAP1_B,-1,-1,Exportclosed2,MAP1_B,-1,-1;MAP1_C MAP1_C true false false 2 Text 0 0 ,First,#,Exportclosed3,MAP1_C,-1,-1,Exportclosed2,MAP1_C,-1,-1;MAP1_D MAP1_D true false false 2 Text 0 0 ,First,#,Exportclosed3,MAP1_D,-1,-1,Exportclosed2,MAP1_D,-1,-1;MAP3 MAP3 true false false 2 Text 0 0 ,First,#,Exportclosed3,MAP3,-1,-1,Exportclosed2,MAP3,-1,-1;MAP2_1 MAP2_1 true false false 2 Text 0 0 ,First,#,Exportclosed3,MAP2_1,-1,-1,Exportclosed2,MAP2_1,-1,-1;MAP2_2 MAP2_2 true false false 2 Text 0 0 ,First,#,Exportclosed3,MAP2_2,-1,-1,Exportclosed2,MAP2_2,-1,-1;FINAL FINAL true false false 5 Text 0 0 ,First,#,Exportclosed3,FINAL,-1,-1,Exportclosed2,FINAL,-1,-1;ID ID true false false 8 Long 0 8 ,First,#,Exportclosed_maintained,ID,-1,-1"</Process><Process ToolSource="c:\program files (x86)\arcgis\desktop10.0\ArcToolbox\Toolboxes\Data Management Tools.tbx\Project" Date="20140218" Time="133431">Project Disney_Rds_Open "A:\TOS\TOS_Plot_Data\03_Southeast\REL1_DSNY\Site_Information\Host Data\Disney_Rds_Open_WGSUTM.shp" PROJCS['WGS_1984_UTM_Zone_17N',GEOGCS['GCS_WGS_1984',DATUM['D_WGS_1984',SPHEROID['WGS_1984',6378137.0,298.257223563]],PRIMEM['Greenwich',0.0],UNIT['Degree',0.0174532925199433]],PROJECTION['Transverse_Mercator'],PARAMETER['False_Easting',500000.0],PARAMETER['False_Northing',0.0],PARAMETER['Central_Meridian',-81.0],PARAMETER['Scale_Factor',0.9996],PARAMETER['Latitude_Of_Origin',0.0],UNIT['Meter',1.0]] NAD_1927_To_WGS_1984_1 PROJCS['NAD_1927_UTM_Zone_17N',GEOGCS['GCS_North_American_1927',DATUM['D_North_American_1927',SPHEROID['Clarke_1866',6378206.4,294.9786982]],PRIMEM['Greenwich',0.0],UNIT['Degree',0.0174532925199433]],PROJECTION['Transverse_Mercator'],PARAMETER['False_Easting',500000.0],PARAMETER['False_Northing',0.0],PARAMETER['Central_Meridian',-81.0],PARAMETER['Scale_Factor',0.9996],PARAMETER['Latitude_Of_Origin',0.0],UNIT['Meter',1.0]]</Process></lineage><itemProps><itemLocation><linkage Sync="TRUE">file://\\eco.neoninternal.org\neon\Science\GISData\TOS\TOS_Plot_Data\roads\03_R_DSNY_Roads_local</linkage><protocol Sync="TRUE">Local Area Network</protocol></itemLocation></itemProps><copyHistory><copy source="N:\Science\GISData\TOS\TOS_Plot_Data\03_Southeast\REL1_DSNY\Site_Information\03_R_DSNY_Roads_local" dest="\\eco.neoninternal.org\neon\Science\GISData\TOS\TOS_Plot_Data\roads\03_R_DSNY_Roads_local" date="20191204" time="21553600"></copy></copyHistory></DataProperties><SyncDate>20110127</SyncDate><SyncTime>15001900</SyncTime><ModDate>20110127</ModDate><ModTime>15001900</ModTime><ArcGISFormat>1.0</ArcGISFormat><ArcGISstyle>FGDC CSDGM Metadata</ArcGISstyle></Esri><idinfo><citation><citeinfo><onlink Sync="TRUE">\\nascifs01\NEON_GIS\NEON_GIS\NEON_Internal_Data\Site_GIS_Data\03_Southeast\REL_Disney\03_RawData\2ndDataCollection\roads_open2009.shp</onlink><origin>REQUIRED: The name of an organization or individual that developed the data set.</origin><pubdate>REQUIRED: The date when the data set is published or otherwise made available for release.</pubdate><title Sync="TRUE">roads_open2009</title><ftname Sync="TRUE">roads_open2009</ftname><geoform Sync="TRUE">vector digital data</geoform></citeinfo></citation><native Sync="TRUE">Microsoft Windows XP Version 5.1 (Build 2600) Service Pack 3; ESRI ArcCatalog 9.3.1.3000</native><descript><langdata Sync="TRUE">en</langdata><abstract>REQUIRED: A brief narrative summary of the data set.</abstract><purpose>REQUIRED: A summary of the intentions with which the data set was developed.</purpose></descript><timeperd><current>REQUIRED: The basis on which the time period of content information is determined.</current><timeinfo><sngdate><caldate>REQUIRED: The year (and optionally month, or month and day) for which the data set corresponds to the ground.</caldate></sngdate></timeinfo></timeperd><status><progress>REQUIRED: The state of the data set.</progress><update>REQUIRED: The frequency with which changes and additions are made to the data set after the initial data set is completed.</update></status><spdom><bounding><westbc Sync="TRUE">-81.453174</westbc><eastbc Sync="TRUE">-81.378387</eastbc><northbc Sync="TRUE">28.144100</northbc><southbc Sync="TRUE">28.028966</southbc></bounding><lboundng><leftbc Sync="TRUE">455501.000000</leftbc><rightbc Sync="TRUE">462805.242480</rightbc><bottombc Sync="TRUE">3100321.944183</bottombc><topbc Sync="TRUE">3113050.908920</topbc></lboundng></spdom><keywords><theme><themekt>REQUIRED: Reference to a formally registered thesaurus or a similar authoritative source of theme keywords.</themekt><themekey>REQUIRED: Common-use word or phrase used to describe the subject of the data set.</themekey></theme></keywords><accconst>REQUIRED: Restrictions and legal prerequisites for accessing the data set.</accconst><useconst>REQUIRED: Restrictions and legal prerequisites for using the data set after access is granted.</useconst><natvform Sync="TRUE">Shapefile</natvform></idinfo><distInfo><distributor><distorTran><onLineSrc><linkage Sync="TRUE">file://\\nascifs01\NEON_GIS\NEON_GIS\NEON_Internal_Data\Site_GIS_Data\03_Southeast\REL_Disney\03_RawData\2ndDataCollection\roads_open2009.shp</linkage><protocol Sync="TRUE">Local Area Network</protocol><orDesc Sync="TRUE">002</orDesc></onLineSrc><transSize Sync="TRUE">0.035</transSize></distorTran><distorFormat><formatName Sync="TRUE">Shapefile</formatName></distorFormat></distributor></distInfo><dataqual><lineage><procstep><procdesc Sync="TRUE">Dataset copied.</procdesc><srcused Sync="TRUE">K:\DWP\Infrastructure\Roads\roads_open</srcused><date Sync="TRUE">20090211</date><time Sync="TRUE">10554800</time></procstep><procstep><procdesc Sync="TRUE">Dataset copied.</procdesc><srcused Sync="TRUE"></srcused><procdate Sync="TRUE">20100609</procdate><proctime Sync="TRUE">11513200</proctime></procstep></lineage></dataqual><dataIdInfo><envirDesc Sync="TRUE">Microsoft Windows XP Version 5.1 (Build 2600) Service Pack 3; ESRI ArcCatalog 9.3.1.3000</envirDesc><dataLang><languageCode Sync="TRUE" value="en"></languageCode></dataLang><idCitation><resTitle Sync="TRUE">roads_open2009</resTitle><presForm><PresFormCd Sync="TRUE" value="005"></PresFormCd></presForm></idCitation><spatRpType><SpatRepTypCd Sync="TRUE" value="001"></SpatRepTypCd></spatRpType><dataExt><geoEle><GeoBndBox esriExtentType="native"><westBL Sync="TRUE">455501</westBL><eastBL Sync="TRUE">462805.24248</eastBL><northBL Sync="TRUE">3113050.90892</northBL><southBL Sync="TRUE">3100321.944183</southBL><exTypeCode Sync="TRUE">1</exTypeCode></GeoBndBox></geoEle></dataExt><geoBox esriExtentType="decdegrees"><westBL Sync="TRUE">-81.453174</westBL><eastBL Sync="TRUE">-81.378387</eastBL><northBL Sync="TRUE">28.1441</northBL><southBL Sync="TRUE">28.028966</southBL><exTypeCode Sync="TRUE">1</exTypeCode></geoBox></dataIdInfo><metainfo><langmeta Sync="TRUE">en</langmeta><metstdn Sync="TRUE">FGDC Content Standards for Digital Geospatial Metadata</metstdn><metstdv Sync="TRUE">FGDC-STD-001-1998</metstdv><mettc Sync="TRUE">local time</mettc><metc><cntinfo><cntorgp><cntper>REQUIRED: The person responsible for the metadata information.</cntper><cntorg>REQUIRED: The organization responsible for the metadata information.</cntorg></cntorgp><cntaddr><addrtype>REQUIRED: The mailing and/or physical address for the organization or individual.</addrtype><city>REQUIRED: The city of the address.</city><state>REQUIRED: The state or province of the address.</state><postal>REQUIRED: The ZIP or other postal code of the address.</postal></cntaddr><cntvoice>REQUIRED: The telephone number by which individuals can speak to the organization or individual.</cntvoice></cntinfo></metc><metd Sync="TRUE">20110127</metd><metextns><onlink Sync="TRUE">http://www.esri.com/metadata/esriprof80.html</onlink><metprof Sync="TRUE">ESRI Metadata Profile</metprof></metextns></metainfo><mdLang><languageCode Sync="TRUE" value="en"></languageCode></mdLang><mdStanName Sync="TRUE">ISO 19115 Geographic Information - Metadata</mdStanName><mdStanVer Sync="TRUE">DIS_ESRI1.0</mdStanVer><mdChar><CharSetCd Sync="TRUE" value="004"></CharSetCd></mdChar><mdHrLv><ScopeCd Sync="TRUE" value="005"></ScopeCd></mdHrLv><mdHrLvName Sync="TRUE">dataset</mdHrLvName><distinfo><resdesc Sync="TRUE">Downloadable Data</resdesc><stdorder><digform><digtinfo><transize Sync="TRUE">0.035</transize><dssize Sync="TRUE">0.035</dssize></digtinfo></digform></stdorder></distinfo><spdoinfo><direct Sync="TRUE">Vector</direct><ptvctinf><esriterm Name="roads_open2009"><efeatyp Sync="TRUE">Simple</efeatyp><efeageom Sync="TRUE">Polyline</efeageom><esritopo Sync="TRUE">FALSE</esritopo><efeacnt Sync="TRUE">57</efeacnt><spindex Sync="TRUE">TRUE</spindex><linrefer Sync="TRUE">FALSE</linrefer></esriterm><sdtsterm Name="roads_open2009"><sdtstype Sync="TRUE">String</sdtstype><ptvctcnt Sync="TRUE">57</ptvctcnt></sdtsterm></ptvctinf></spdoinfo><spref><horizsys><cordsysn><geogcsn Sync="TRUE">GCS_North_American_1927</geogcsn><projcsn Sync="TRUE">NAD_1927_UTM_Zone_17N</projcsn></cordsysn><planar><planci><plance Sync="TRUE">coordinate pair</plance><plandu Sync="TRUE">meters</plandu><coordrep><absres Sync="TRUE">0.000000</absres><ordres Sync="TRUE">0.000000</ordres></coordrep></planci><gridsys><gridsysn Sync="TRUE">Universal Transverse Mercator</gridsysn><utm><utmzone Sync="TRUE">17</utmzone><transmer><sfctrmer Sync="TRUE">0.999600</sfctrmer><longcm Sync="TRUE">-81.000000</longcm><latprjo Sync="TRUE">0.000000</latprjo><feast Sync="TRUE">500000.000000</feast><fnorth Sync="TRUE">0.000000</fnorth></transmer></utm></gridsys></planar><geodetic><horizdn Sync="TRUE">North American Datum of 1927</horizdn><ellips Sync="TRUE">Clarke 1866</ellips><semiaxis Sync="TRUE">6378206.400000</semiaxis><denflat Sync="TRUE">294.978698</denflat></geodetic></horizsys></spref><refSysInfo><RefSystem><refSysID><identCode Sync="TRUE">NAD_1927_UTM_Zone_17N</identCode></refSysID></RefSystem></refSysInfo><spatRepInfo><VectSpatRep><topLvl><TopoLevCd Sync="TRUE" value="001"></TopoLevCd></topLvl><geometObjs Name="roads_open2009"><geoObjTyp><GeoObjTypCd Sync="TRUE" value="001"></GeoObjTypCd></geoObjTyp><geoObjCnt Sync="TRUE">57</geoObjCnt></geometObjs></VectSpatRep></spatRepInfo><eainfo><detailed Name="roads_open2009"><enttyp><enttypl Sync="TRUE">roads_open2009</enttypl><enttypt Sync="TRUE">Feature Class</enttypt><enttypc Sync="TRUE">57</enttypc></enttyp><attr><attrlabl Sync="TRUE">FID</attrlabl><attalias Sync="TRUE">FID</attalias><attrtype Sync="TRUE">OID</attrtype><attwidth Sync="TRUE">4</attwidth><atprecis Sync="TRUE">0</atprecis><attscale Sync="TRUE">0</attscale><attrdef Sync="TRUE">Internal feature number.</attrdef><attrdefs Sync="TRUE">ESRI</attrdefs><attrdomv><udom Sync="TRUE">Sequential unique whole numbers that are automatically generated.</udom></attrdomv></attr><attr><attrlabl Sync="TRUE">Shape</attrlabl><attalias Sync="TRUE">Shape</attalias><attrtype Sync="TRUE">Geometry</attrtype><attwidth Sync="TRUE">0</attwidth><atprecis Sync="TRUE">0</atprecis><attscale Sync="TRUE">0</attscale><attrdef Sync="TRUE">Feature geometry.</attrdef><attrdefs Sync="TRUE">ESRI</attrdefs><attrdomv><udom Sync="TRUE">Coordinates defining the features.</udom></attrdomv></attr><attr><attrlabl Sync="TRUE">ROAD__</attrlabl><attalias Sync="TRUE">ROAD__</attalias><attrtype Sync="TRUE">String</attrtype><attwidth Sync="TRUE">16</attwidth></attr><attr><attrlabl Sync="TRUE">LENGTH</attrlabl><attalias Sync="TRUE">LENGTH</attalias><attrtype Sync="TRUE">Number</attrtype><attwidth Sync="TRUE">16</attwidth><atnumdec Sync="TRUE">3</atnumdec></attr><attr><attrlabl Sync="TRUE">COMMENTS</attrlabl><attalias Sync="TRUE">COMMENTS</attalias><attrtype Sync="TRUE">String</attrtype><attwidth Sync="TRUE">254</attwidth></attr><attr><attrlabl Sync="TRUE">Z006_MANAG</attrlabl><attalias Sync="TRUE">Z006_MANAG</attalias><attrtype Sync="TRUE">String</attrtype><attwidth Sync="TRUE">16</attwidth></attr><attr><attrlabl Sync="TRUE">FNODE_</attrlabl><attalias Sync="TRUE">FNODE_</attalias><attrtype Sync="TRUE">Number</attrtype><attwidth Sync="TRUE">11</attwidth></attr><attr><attrlabl Sync="TRUE">TNODE_</attrlabl><attalias Sync="TRUE">TNODE_</attalias><attrtype Sync="TRUE">Number</attrtype><attwidth Sync="TRUE">11</attwidth></attr><attr><attrlabl Sync="TRUE">LPOLY_</attrlabl><attalias Sync="TRUE">LPOLY_</attalias><attrtype Sync="TRUE">Number</attrtype><attwidth Sync="TRUE">11</attwidth></attr><attr><attrlabl Sync="TRUE">RPOLY_</attrlabl><attalias Sync="TRUE">RPOLY_</attalias><attrtype Sync="TRUE">Number</attrtype><attwidth Sync="TRUE">11</attwidth></attr><attr><attrlabl Sync="TRUE">DWPROADS_</attrlabl><attalias Sync="TRUE">DWPROADS_</attalias><attrtype Sync="TRUE">Number</attrtype><attwidth Sync="TRUE">11</attwidth></attr><attr><attrlabl Sync="TRUE">DWPROADS_I</attrlabl><attalias Sync="TRUE">DWPROADS_I</attalias><attrtype Sync="TRUE">Number</attrtype><attwidth Sync="TRUE">11</attwidth></attr><attr><attrlabl Sync="TRUE">DWP_RDS3_</attrlabl><attalias Sync="TRUE">DWP_RDS3_</attalias><attrtype Sync="TRUE">Number</attrtype><attwidth Sync="TRUE">11</attwidth></attr><attr><attrlabl Sync="TRUE">DWP_RDS3_I</attrlabl><attalias Sync="TRUE">DWP_RDS3_I</attalias><attrtype Sync="TRUE">Number</attrtype><attwidth Sync="TRUE">11</attwidth></attr><attr><attrlabl Sync="TRUE">ITEM004</attrlabl><attalias Sync="TRUE">ITEM004</attalias><attrtype Sync="TRUE">Number</attrtype><attwidth Sync="TRUE">19</attwidth><atnumdec Sync="TRUE">6</atnumdec></attr><attr><attrlabl Sync="TRUE">ITEM003</attrlabl><attalias Sync="TRUE">ITEM003</attalias><attrtype Sync="TRUE">Number</attrtype><attwidth Sync="TRUE">19</attwidth><atnumdec Sync="TRUE">6</atnumdec></attr><attr><attrlabl Sync="TRUE">ITEM002</attrlabl><attalias Sync="TRUE">ITEM002</attalias><attrtype Sync="TRUE">Number</attrtype><attwidth Sync="TRUE">19</attwidth><atnumdec Sync="TRUE">6</atnumdec></attr><attr><attrlabl Sync="TRUE">ITEM001</attrlabl><attalias Sync="TRUE">ITEM001</attalias><attrtype Sync="TRUE">Number</attrtype><attwidth Sync="TRUE">19</attwidth><atnumdec Sync="TRUE">6</atnumdec></attr><attr><attrlabl Sync="TRUE">DWP_RDS2_</attrlabl><attalias Sync="TRUE">DWP_RDS2_</attalias><attrtype Sync="TRUE">Number</attrtype><attwidth Sync="TRUE">19</attwidth><atnumdec Sync="TRUE">6</atnumdec></attr><attr><attrlabl Sync="TRUE">DWP_RDS2_I</attrlabl><attalias Sync="TRUE">DWP_RDS2_I</attalias><attrtype Sync="TRUE">Number</attrtype><attwidth Sync="TRUE">19</attwidth><atnumdec Sync="TRUE">6</atnumdec></attr><attr><attrlabl Sync="TRUE">GPS</attrlabl><attalias Sync="TRUE">GPS</attalias><attrtype Sync="TRUE">String</attrtype><attwidth Sync="TRUE">2</attwidth></attr><attr><attrlabl Sync="TRUE">MAP1</attrlabl><attalias Sync="TRUE">MAP1</attalias><attrtype Sync="TRUE">String</attrtype><attwidth Sync="TRUE">6</attwidth></attr><attr><attrlabl Sync="TRUE">MAP1_A</attrlabl><attalias Sync="TRUE">MAP1_A</attalias><attrtype Sync="TRUE">String</attrtype><attwidth Sync="TRUE">2</attwidth></attr><attr><attrlabl Sync="TRUE">MAP1_B</attrlabl><attalias Sync="TRUE">MAP1_B</attalias><attrtype Sync="TRUE">String</attrtype><attwidth Sync="TRUE">2</attwidth></attr><attr><attrlabl Sync="TRUE">MAP1_C</attrlabl><attalias Sync="TRUE">MAP1_C</attalias><attrtype Sync="TRUE">String</attrtype><attwidth Sync="TRUE">2</attwidth></attr><attr><attrlabl Sync="TRUE">MAP1_D</attrlabl><attalias Sync="TRUE">MAP1_D</attalias><attrtype Sync="TRUE">String</attrtype><attwidth Sync="TRUE">2</attwidth></attr><attr><attrlabl Sync="TRUE">MAP3</attrlabl><attalias Sync="TRUE">MAP3</attalias><attrtype Sync="TRUE">String</attrtype><attwidth Sync="TRUE">2</attwidth></attr><attr><attrlabl Sync="TRUE">MAP2_1</attrlabl><attalias Sync="TRUE">MAP2_1</attalias><attrtype Sync="TRUE">String</attrtype><attwidth Sync="TRUE">2</attwidth></attr><attr><attrlabl Sync="TRUE">MAP2_2</attrlabl><attalias Sync="TRUE">MAP2_2</attalias><attrtype Sync="TRUE">String</attrtype><attwidth Sync="TRUE">2</attwidth></attr><attr><attrlabl Sync="TRUE">FINAL</attrlabl><attalias Sync="TRUE">FINAL</attalias><attrtype Sync="TRUE">String</attrtype><attwidth Sync="TRUE">5</attwidth></attr><attr><attrlabl Sync="TRUE">ID</attrlabl><attalias Sync="TRUE">ID</attalias><attrtype Sync="TRUE">Number</attrtype><attwidth Sync="TRUE">8</attwidth></attr><attr><attrlabl Sync="TRUE">Status</attrlabl><attalias Sync="TRUE">Status</attalias><attrtype Sync="TRUE">String</attrtype><attwidth Sync="TRUE">20</attwidth></attr></detailed></eainfo><mdDateSt Sync="TRUE">20110127</mdDateSt></metadata>
