<?xml version="1.0"?>
<!--<!DOCTYPE metadata SYSTEM "http://www.esri.com/metadata/esriprof80.dtd">-->
<metadata xml:lang="en"><Esri><CreaDate>20191204</CreaDate><CreaTime>21553000</CreaTime><SyncOnce>FALSE</SyncOnce><DataProperties><lineage><Process Name="DefineProjection_2" ToolSource="C:\Program Files\ArcGIS\ArcToolbox\Toolboxes\Data Management Tools.tbx\DefineProjection" Date="20051025" Time="132043">DefineProjection K:\DWP\Infrastructure\Roads\roads_open.shp PROJCS['NAD_1927_UTM_Zone_17N',GEOGCS['GCS_North_American_1927',DATUM['D_North_American_1927',SPHEROID['Clarke_1866',6378206.4,294.9786982]],PRIMEM['Greenwich',0.0],UNIT['Degree',0.0174532925199433]],PROJECTION['Transverse_Mercator'],PARAMETER['False_Easting',500000.0],PARAMETER['False_Northing',0.0],PARAMETER['Central_Meridian',-81.0],PARAMETER['Scale_Factor',0.9996],PARAMETER['Latitude_Of_Origin',0.0],UNIT['Meter',1.0]] K:\DWP\Infrastructure\Roads\roads_open.shp</Process><Process Name="Merge_2" ToolSource="C:\Program Files\ArcGIS\ArcToolbox\Toolboxes\Data Management Tools.tbx\Merge" Date="20090211" Time="111234">Merge roads_openCopy;Exportclosed3;Exportclosed2;Exportclosed_maintained K:\DWP\Infrastructure\Roads\roads_openCopy_Merge2.shp "ROAD__ ROAD__ true false false 16 Text 0 0 ,First,#,roads_openCopy,ROAD__,-1,-1;LENGTH LENGTH true false false 16 Double 3 15 ,First,#,roads_openCopy,LENGTH,-1,-1,Exportclosed3,LENGTH,-1,-1,Exportclosed2,LENGTH,-1,-1;COMMENTS COMMENTS true false false 254 Text 0 0 ,First,#,roads_openCopy,COMMENTS,-1,-1;Z006_MANAG Z006_MANAG true false false 16 Text 0 0 ,First,#,roads_openCopy,Z006_MANAG,-1,-1,Exportclosed3,Z006_MANAG,-1,-1,Exportclosed2,Z006_MANAG,-1,-1;FNODE_ FNODE_ true false false 11 Double 0 11 ,First,#,Exportclosed3,FNODE_,-1,-1,Exportclosed2,FNODE_,-1,-1;TNODE_ TNODE_ true false false 11 Double 0 11 ,First,#,Exportclosed3,TNODE_,-1,-1,Exportclosed2,TNODE_,-1,-1;LPOLY_ LPOLY_ true false false 11 Double 0 11 ,First,#,Exportclosed3,LPOLY_,-1,-1,Exportclosed2,LPOLY_,-1,-1;RPOLY_ RPOLY_ true false false 11 Double 0 11 ,First,#,Exportclosed3,RPOLY_,-1,-1,Exportclosed2,RPOLY_,-1,-1;DWPROADS_ DWPROADS_ true false false 11 Double 0 11 ,First,#,Exportclosed3,DWPROADS_,-1,-1,Exportclosed2,DWPROADS_,-1,-1;DWPROADS_I DWPROADS_I true false false 11 Double 0 11 ,First,#,Exportclosed3,DWPROADS_I,-1,-1,Exportclosed2,DWPROADS_I,-1,-1;DWP_RDS3_ DWP_RDS3_ true false false 11 Double 0 11 ,First,#,Exportclosed3,DWP_RDS3_,-1,-1,Exportclosed2,DWP_RDS3_,-1,-1;DWP_RDS3_I DWP_RDS3_I true false false 11 Double 0 11 ,First,#,Exportclosed3,DWP_RDS3_I,-1,-1,Exportclosed2,DWP_RDS3_I,-1,-1;ITEM004 ITEM004 true false false 19 Double 6 18 ,First,#,Exportclosed3,ITEM004,-1,-1,Exportclosed2,ITEM004,-1,-1;ITEM003 ITEM003 true false false 19 Double 6 18 ,First,#,Exportclosed3,ITEM003,-1,-1,Exportclosed2,ITEM003,-1,-1;ITEM002 ITEM002 true false false 19 Double 6 18 ,First,#,Exportclosed3,ITEM002,-1,-1,Exportclosed2,ITEM002,-1,-1;ITEM001 ITEM001 true false false 19 Double 6 18 ,First,#,Exportclosed3,ITEM001,-1,-1,Exportclosed2,ITEM001,-1,-1;DWP_RDS2_ DWP_RDS2_ true false false 19 Double 6 18 ,First,#,Exportclosed3,DWP_RDS2_,-1,-1,Exportclosed2,DWP_RDS2_,-1,-1;DWP_RDS2_I DWP_RDS2_I true false false 19 Double 6 18 ,First,#,Exportclosed3,DWP_RDS2_I,-1,-1,Exportclosed2,DWP_RDS2_I,-1,-1;GPS GPS true false false 2 Text 0 0 ,First,#,Exportclosed3,GPS,-1,-1,Exportclosed2,GPS,-1,-1;MAP1 MAP1 true false false 6 Text 0 0 ,First,#,Exportclosed3,MAP1,-1,-1,Exportclosed2,MAP1,-1,-1;MAP1_A MAP1_A true false false 2 Text 0 0 ,First,#,Exportclosed3,MAP1_A,-1,-1,Exportclosed2,MAP1_A,-1,-1;MAP1_B MAP1_B true false false 2 Text 0 0 ,First,#,Exportclosed3,MAP1_B,-1,-1,Exportclosed2,MAP1_B,-1,-1;MAP1_C MAP1_C true false false 2 Text 0 0 ,First,#,Exportclosed3,MAP1_C,-1,-1,Exportclosed2,MAP1_C,-1,-1;MAP1_D MAP1_D true false false 2 Text 0 0 ,First,#,Exportclosed3,MAP1_D,-1,-1,Exportclosed2,MAP1_D,-1,-1;MAP3 MAP3 true false false 2 Text 0 0 ,First,#,Exportclosed3,MAP3,-1,-1,Exportclosed2,MAP3,-1,-1;MAP2_1 MAP2_1 true false false 2 Text 0 0 ,First,#,Exportclosed3,MAP2_1,-1,-1,Exportclosed2,MAP2_1,-1,-1;MAP2_2 MAP2_2 true false false 2 Text 0 0 ,First,#,Exportclosed3,MAP2_2,-1,-1,Exportclosed2,MAP2_2,-1,-1;FINAL FINAL true false false 5 Text 0 0 ,First,#,Exportclosed3,FINAL,-1,-1,Exportclosed2,FINAL,-1,-1;ID ID true false false 8 Long 0 8 ,First,#,Exportclosed_maintained,ID,-1,-1"</Process><Process ToolSource="C:\Program Files\ArcGIS\ArcToolbox\Toolboxes\Data Management Tools.tbx\Project" Date="20100713" Time="082324">Project roads_open2009 "C:\Bs Files\LWR GIS\DWP\roads_open2009_Project83.shp" PROJCS['NAD_1983_UTM_Zone_17N',GEOGCS['GCS_North_American_1983',DATUM['D_North_American_1983',SPHEROID['GRS_1980',6378137.0,298.257222101]],PRIMEM['Greenwich',0.0],UNIT['Degree',0.0174532925199433]],PROJECTION['Transverse_Mercator'],PARAMETER['False_Easting',500000.0],PARAMETER['False_Northing',0.0],PARAMETER['Central_Meridian',-81.0],PARAMETER['Scale_Factor',0.9996],PARAMETER['Latitude_Of_Origin',0.0],UNIT['Meter',1.0]] NAD_1927_To_NAD_1983_NADCON PROJCS['NAD_1927_UTM_Zone_17N',GEOGCS['GCS_North_American_1927',DATUM['D_North_American_1927',SPHEROID['Clarke_1866',6378206.4,294.9786982]],PRIMEM['Greenwich',0.0],UNIT['Degree',0.0174532925199433]],PROJECTION['Transverse_Mercator'],PARAMETER['False_Easting',500000.0],PARAMETER['False_Northing',0.0],PARAMETER['Central_Meridian',-81.0],PARAMETER['Scale_Factor',0.9996],PARAMETER['Latitude_Of_Origin',0.0],UNIT['Meter',1.0]]</Process></lineage><itemProps><itemName Sync="TRUE">all_roads</itemName><imsContentType Sync="TRUE">002</imsContentType><nativeExtBox><westBL Sync="TRUE">455938.475322</westBL><eastBL Sync="TRUE">462432.943138</eastBL><southBL Sync="TRUE">3100564.435603</southBL><northBL Sync="TRUE">3113236.572397</northBL><exTypeCode Sync="TRUE">1</exTypeCode></nativeExtBox><itemSize Sync="TRUE">0.066</itemSize><itemLocation><linkage Sync="TRUE">file://\\eco.neoninternal.org\neon\Science\GISData\TOS\TOS_Plot_Data\roads\03_R_DSNY_Road_names</linkage><protocol Sync="TRUE">Local Area Network</protocol></itemLocation></itemProps><coordRef><type Sync="TRUE">Projected</type><geogcsn Sync="TRUE">GCS_North_American_1983</geogcsn><csUnits Sync="TRUE">Linear Unit: Meter (1.000000)</csUnits><projcsn Sync="TRUE">NAD_1983_UTM_Zone_17N</projcsn><peXml Sync="TRUE">&lt;ProjectedCoordinateSystem xsi:type='typens:ProjectedCoordinateSystem' xmlns:xsi='http://www.w3.org/2001/XMLSchema-instance' xmlns:xs='http://www.w3.org/2001/XMLSchema' xmlns:typens='http://www.esri.com/schemas/ArcGIS/10.1'&gt;&lt;WKT&gt;PROJCS[&amp;quot;NAD_1983_UTM_Zone_17N&amp;quot;,GEOGCS[&amp;quot;GCS_North_American_1983&amp;quot;,DATUM[&amp;quot;D_North_American_1983&amp;quot;,SPHEROID[&amp;quot;GRS_1980&amp;quot;,6378137.0,298.257222101]],PRIMEM[&amp;quot;Greenwich&amp;quot;,0.0],UNIT[&amp;quot;Degree&amp;quot;,0.0174532925199433]],PROJECTION[&amp;quot;Transverse_Mercator&amp;quot;],PARAMETER[&amp;quot;False_Easting&amp;quot;,500000.0],PARAMETER[&amp;quot;False_Northing&amp;quot;,0.0],PARAMETER[&amp;quot;Central_Meridian&amp;quot;,-81.0],PARAMETER[&amp;quot;Scale_Factor&amp;quot;,0.9996],PARAMETER[&amp;quot;Latitude_Of_Origin&amp;quot;,0.0],UNIT[&amp;quot;Meter&amp;quot;,1.0],AUTHORITY[&amp;quot;EPSG&amp;quot;,26917]]&lt;/WKT&gt;&lt;XOrigin&gt;-5120900&lt;/XOrigin&gt;&lt;YOrigin&gt;-9998100&lt;/YOrigin&gt;&lt;XYScale&gt;450445547.3910538&lt;/XYScale&gt;&lt;ZOrigin&gt;-100000&lt;/ZOrigin&gt;&lt;ZScale&gt;10000&lt;/ZScale&gt;&lt;MOrigin&gt;-100000&lt;/MOrigin&gt;&lt;MScale&gt;10000&lt;/MScale&gt;&lt;XYTolerance&gt;0.001&lt;/XYTolerance&gt;&lt;ZTolerance&gt;0.001&lt;/ZTolerance&gt;&lt;MTolerance&gt;0.001&lt;/MTolerance&gt;&lt;HighPrecision&gt;true&lt;/HighPrecision&gt;&lt;WKID&gt;26917&lt;/WKID&gt;&lt;LatestWKID&gt;26917&lt;/LatestWKID&gt;&lt;/ProjectedCoordinateSystem&gt;</peXml></coordRef><copyHistory><copy source="N:\Science\GISData\TOS\TOS_Plot_Data\03_Southeast\REL1_DSNY\Site_Information\03_R_DSNY_Road_names" dest="\\eco.neoninternal.org\neon\Science\GISData\TOS\TOS_Plot_Data\roads\03_R_DSNY_Road_names" date="20191204" time="21553000"></copy></copyHistory></DataProperties><SyncDate>20140912</SyncDate><SyncTime>14310300</SyncTime><ModDate>20140912</ModDate><ModTime>14310300</ModTime><ArcGISFormat>1.0</ArcGISFormat><ArcGISstyle>XTools Pro Metadata</ArcGISstyle></Esri><idinfo><citation><citeinfo><onlink Sync="TRUE"></onlink><origin>REQUIRED: The name of an organization or individual that developed the data set.</origin><pubdate>REQUIRED: The date when the data set is published or otherwise made available for release.</pubdate><title Sync="TRUE">roads_openCopy_Merge2</title><ftname Sync="TRUE">roads_openCopy_Merge2</ftname><geoform Sync="TRUE">vector digital data</geoform></citeinfo></citation><native Sync="TRUE">Microsoft Windows XP Version 5.1 (Build 2600) Service Pack 3; ESRI ArcCatalog 9.2.6.1500</native><descript><langdata Sync="TRUE">en</langdata><abstract>REQUIRED: A brief narrative summary of the data set.</abstract><purpose>REQUIRED: A summary of the intentions with which the data set was developed.</purpose></descript><timeperd><current>REQUIRED: The basis on which the time period of content information is determined.</current><timeinfo><sngdate><caldate>REQUIRED: The year (and optionally month, or month and day) for which the data set corresponds to the ground.</caldate></sngdate></timeinfo></timeperd><status><progress>REQUIRED: The state of the data set.</progress><update>REQUIRED: The frequency with which changes and additions are made to the data set after the initial data set is completed.</update></status><spdom><bounding><westbc Sync="TRUE">REQUIRED: Western-most coordinate of the limit of coverage expressed in longitude.</westbc><eastbc Sync="TRUE">REQUIRED: Eastern-most coordinate of the limit of coverage expressed in longitude.</eastbc><northbc Sync="TRUE">REQUIRED: Northern-most coordinate of the limit of coverage expressed in latitude.</northbc><southbc Sync="TRUE">REQUIRED: Southern-most coordinate of the limit of coverage expressed in latitude.</southbc></bounding></spdom><keywords><theme><themekt>REQUIRED: Reference to a formally registered thesaurus or a similar authoritative source of theme keywords.</themekt><themekey>REQUIRED: Common-use word or phrase used to describe the subject of the data set.</themekey></theme></keywords><accconst>REQUIRED: Restrictions and legal prerequisites for accessing the data set.</accconst><useconst>REQUIRED: Restrictions and legal prerequisites for using the data set after access is granted.</useconst><natvform Sync="TRUE">Shapefile</natvform></idinfo><distInfo><distributor><distorTran><onLineSrc><linkage Sync="TRUE">file://</linkage><protocol Sync="TRUE">Local Area Network</protocol><orDesc Sync="TRUE">002</orDesc></onLineSrc><transSize Sync="TRUE">0.000</transSize></distorTran><distorFormat><formatName Sync="TRUE">Shapefile</formatName></distorFormat></distributor><distFormat><formatName Sync="TRUE">Shapefile</formatName></distFormat><distTranOps><transSize Sync="TRUE">0.066</transSize></distTranOps></distInfo><dataqual><lineage><procstep><procdesc Sync="TRUE">Dataset copied.</procdesc><srcused Sync="TRUE">K:\DWP\Infrastructure\Roads\roads_open</srcused><date Sync="TRUE">20090211</date><time Sync="TRUE">10554800</time></procstep><procstep><procdesc Sync="TRUE">Dataset copied.</procdesc><srcused Sync="TRUE"></srcused><procdate Sync="TRUE">20100609</procdate><proctime Sync="TRUE">11513200</proctime></procstep><procstep><procdesc Sync="TRUE">Dataset copied.</procdesc><srcused Sync="TRUE"></srcused><procdate Sync="TRUE">20100713</procdate><proctime Sync="TRUE">08232400</proctime></procstep></lineage></dataqual><dataIdInfo><envirDesc Sync="TRUE">Microsoft Windows 7 Version 6.1 (Build 7601) Service Pack 1; Esri ArcGIS 10.1.1.3300</envirDesc><dataLang><languageCode Sync="TRUE" value="eng"></languageCode><countryCode value="USA" Sync="TRUE"></countryCode></dataLang><idCitation><resTitle Sync="TRUE">all_roads</resTitle><presForm><PresFormCd Sync="TRUE" value="005"></PresFormCd></presForm></idCitation><spatRpType><SpatRepTypCd Sync="TRUE" value="001"></SpatRepTypCd></spatRpType><dataExt><geoEle><GeoBndBox esriExtentType="search"><exTypeCode Sync="TRUE">1</exTypeCode><westBL Sync="TRUE">-81.448728</westBL><eastBL Sync="TRUE">-81.382184</eastBL><northBL Sync="TRUE">28.144210</northBL><southBL Sync="TRUE">28.029619</southBL></GeoBndBox></geoEle></dataExt></dataIdInfo><metainfo><langmeta Sync="TRUE">en</langmeta><metstdn Sync="TRUE">FGDC Content Standards for Digital Geospatial Metadata</metstdn><metstdv Sync="TRUE">FGDC-STD-001-1998</metstdv><mettc Sync="TRUE">local time</mettc><metc><cntinfo><cntorgp><cntper>REQUIRED: The person responsible for the metadata information.</cntper><cntorg>REQUIRED: The organization responsible for the metadata information.</cntorg></cntorgp><cntaddr><addrtype>REQUIRED: The mailing and/or physical address for the organization or individual.</addrtype><city>REQUIRED: The city of the address.</city><state>REQUIRED: The state or province of the address.</state><postal>REQUIRED: The ZIP or other postal code of the address.</postal></cntaddr><cntvoice>REQUIRED: The telephone number by which individuals can speak to the organization or individual.</cntvoice></cntinfo></metc><metd Sync="TRUE">20090211</metd></metainfo><mdLang><languageCode Sync="TRUE" value="eng"></languageCode><countryCode value="USA" Sync="TRUE"></countryCode></mdLang><mdStanName Sync="TRUE">ISO 19115 Geographic Information - Metadata</mdStanName><mdStanVer Sync="TRUE">DIS_ESRI1.0</mdStanVer><mdChar><CharSetCd Sync="TRUE" value="004"></CharSetCd></mdChar><mdHrLv><ScopeCd Sync="TRUE" value="005"></ScopeCd></mdHrLv><mdHrLvName Sync="TRUE">dataset</mdHrLvName><distinfo><resdesc Sync="TRUE">Downloadable Data</resdesc><stdorder><digform><digtinfo><transize Sync="TRUE">0.000</transize><dssize Sync="TRUE">0.000</dssize></digtinfo></digform></stdorder></distinfo><spdoinfo><direct Sync="TRUE">Vector</direct><ptvctinf><esriterm Name="all_roads"><efeatyp Sync="TRUE">Simple</efeatyp><efeageom code="3" Sync="TRUE"></efeageom><esritopo Sync="TRUE">FALSE</esritopo><efeacnt Sync="TRUE">46</efeacnt><spindex Sync="TRUE">TRUE</spindex><linrefer Sync="TRUE">FALSE</linrefer></esriterm></ptvctinf></spdoinfo><spref><horizsys><cordsysn><geogcsn Sync="TRUE">GCS_North_American_1927</geogcsn><projcsn Sync="TRUE">NAD_1927_UTM_Zone_17N</projcsn></cordsysn><planar><planci><plance Sync="TRUE">coordinate pair</plance><plandu Sync="TRUE">meters</plandu><coordrep><absres Sync="TRUE">0.000000</absres><ordres Sync="TRUE">0.000000</ordres></coordrep></planci></planar><geodetic><horizdn Sync="TRUE">North American Datum of 1927</horizdn><ellips Sync="TRUE">Clarke 1866</ellips><semiaxis Sync="TRUE">6378206.400000</semiaxis><denflat Sync="TRUE">294.978698</denflat></geodetic></horizsys></spref><refSysInfo><RefSystem><refSysID><identCode Sync="TRUE" code="26917">NAD_1927_UTM_Zone_17N</identCode><idCodeSpace Sync="TRUE">EPSG</idCodeSpace><idVersion Sync="TRUE">7.11.2</idVersion></refSysID></RefSystem></refSysInfo><spatRepInfo><VectSpatRep><geometObjs Name="all_roads"><geoObjTyp><GeoObjTypCd value="002" Sync="TRUE"></GeoObjTypCd></geoObjTyp><geoObjCnt Sync="TRUE">46</geoObjCnt></geometObjs><topLvl><TopoLevCd value="001" Sync="TRUE"></TopoLevCd></topLvl></VectSpatRep></spatRepInfo><eainfo><detailed Name="all_roads"><enttyp><enttypl Sync="TRUE">all_roads</enttypl><enttypt Sync="TRUE">Feature Class</enttypt><enttypc Sync="TRUE">46</enttypc></enttyp><attr><attrlabl Sync="TRUE">FID</attrlabl><attalias Sync="TRUE">FID</attalias><attrtype Sync="TRUE">OID</attrtype><attwidth Sync="TRUE">4</attwidth><atprecis Sync="TRUE">0</atprecis><attscale Sync="TRUE">0</attscale><attrdef Sync="TRUE">Internal feature number.</attrdef><attrdefs Sync="TRUE">ESRI</attrdefs><attrdomv><udom Sync="TRUE">Sequential unique whole numbers that are automatically generated.</udom></attrdomv></attr><attr><attrlabl Sync="TRUE">Shape</attrlabl><attalias Sync="TRUE">Shape</attalias><attrtype Sync="TRUE">Geometry</attrtype><attwidth Sync="TRUE">0</attwidth><atprecis Sync="TRUE">0</atprecis><attscale Sync="TRUE">0</attscale><attrdef Sync="TRUE">Feature geometry.</attrdef><attrdefs Sync="TRUE">ESRI</attrdefs><attrdomv><udom Sync="TRUE">Coordinates defining the features.</udom></attrdomv></attr><attr><attrlabl Sync="TRUE">LENGTH</attrlabl><attalias Sync="TRUE">LENGTH</attalias><attrtype Sync="TRUE">Double</attrtype><attwidth Sync="TRUE">16</attwidth><atprecis Sync="TRUE">15</atprecis><attscale Sync="TRUE">3</attscale></attr><attr><attrlabl Sync="TRUE">Status</attrlabl><attalias Sync="TRUE">Status</attalias><attrtype Sync="TRUE">String</attrtype><attwidth Sync="TRUE">20</attwidth><atprecis Sync="TRUE">0</atprecis><attscale Sync="TRUE">0</attscale></attr><attr><attrlabl Sync="TRUE">Name</attrlabl><attalias Sync="TRUE">Name</attalias><attrtype Sync="TRUE">String</attrtype><attwidth Sync="TRUE">50</attwidth><atprecis Sync="TRUE">0</atprecis><attscale Sync="TRUE">0</attscale></attr></detailed></eainfo><mdDateSt Sync="TRUE">20140912</mdDateSt></metadata>
