<?xml version="1.0" encoding="UTF-8"?>
<metadata xml:lang="en"><Esri><CreaDate>20191204</CreaDate><CreaTime>21564000</CreaTime><ArcGISFormat>1.0</ArcGISFormat><SyncOnce>FALSE</SyncOnce><DataProperties><itemProps><itemLocation><linkage Sync="TRUE">file://\\eco.neoninternal.org\neon\Science\GISData\TOS\TOS_Plot_Data\roads\05_C_UNDE_Roads</linkage><protocol Sync="TRUE">Local Area Network</protocol></itemLocation></itemProps><copyHistory><copy source="N:\Science\GISData\TOS\TOS_Plot_Data\05_GrLakes\CORE_UNDE\Site_Information\05_C_UNDE_Roads" dest="\\eco.neoninternal.org\neon\Science\GISData\TOS\TOS_Plot_Data\roads\05_C_UNDE_Roads" date="20191204" time="21564000"></copy></copyHistory><lineage><Process ToolSource="C:\Program Files (x86)\ArcGIS\ArcToolbox\Toolboxes\Data Management Tools.tbx\Project" Date="20111220" Time="160420">Project roadsnad27 G:\NEON_GIS\NEON_Internal_Data\Site_GIS_Data\05_GrLakes\5_CORE_UNDERC\5_RawData\Exclusions\roadsnad27_to_wgs84.shp PROJCS['WGS_1984_UTM_Zone_16N',GEOGCS['GCS_WGS_1984',DATUM['D_WGS_1984',SPHEROID['WGS_1984',6378137.0,298.257223563]],PRIMEM['Greenwich',0.0],UNIT['Degree',0.0174532925199433]],PROJECTION['Transverse_Mercator'],PARAMETER['False_Easting',500000.0],PARAMETER['False_Northing',0.0],PARAMETER['Central_Meridian',-87.0],PARAMETER['Scale_Factor',0.9996],PARAMETER['Latitude_Of_Origin',0.0],UNIT['Meter',1.0]] NAD_1927_To_WGS_1984_5 PROJCS['NAD_1927_UTM_Zone_16N',GEOGCS['GCS_North_American_1927',DATUM['D_North_American_1927',SPHEROID['Clarke_1866',6378206.4,294.9786982]],PRIMEM['Greenwich',0.0],UNIT['Degree',0.0174532925199433]],PROJECTION['Transverse_Mercator'],PARAMETER['False_Easting',500000.0],PARAMETER['False_Northing',0.0],PARAMETER['Central_Meridian',-87.0],PARAMETER['Scale_Factor',0.9996],PARAMETER['Latitude_Of_Origin',0.0],UNIT['Meter',1.0]]</Process><Process ToolSource="C:\Program Files (x86)\ArcGIS\ArcToolbox\Toolboxes\Data Management Tools.tbx\Merge" Date="20111220" Time="160509">Merge roadsnad27_to_wgs84;Roads_wgs84 G:\NEON_GIS\NEON_Internal_Data\Site_GIS_Data\05_GrLakes\5_CORE_UNDERC\5_RawData\Exclusions\All_Roads_wgs84.shp "COMMENT 'COMMENT' true true false 32 Text 0 0 ,First,#,roadsnad27_to_wgs84,COMMENT,-1,-1;DISTANCE 'DISTANCE' true true false 16 Double 0 16 ,First,#,roadsnad27_to_wgs84,DISTANCE,-1,-1;STATEFP 'STATEFP' true true false 2 Text 0 0 ,First,#,Roads_wgs84,STATEFP,-1,-1;COUNTYFP 'COUNTYFP' true true false 3 Text 0 0 ,First,#,Roads_wgs84,COUNTYFP,-1,-1;TLID 'TLID' true true false 10 Double 0 10 ,First,#,Roads_wgs84,TLID,-1,-1;TFIDL 'TFIDL' true true false 10 Double 0 10 ,First,#,Roads_wgs84,TFIDL,-1,-1;TFIDR 'TFIDR' true true false 10 Double 0 10 ,First,#,Roads_wgs84,TFIDR,-1,-1;MTFCC 'MTFCC' true true false 5 Text 0 0 ,First,#,Roads_wgs84,MTFCC,-1,-1;FULLNAME 'FULLNAME' true true false 100 Text 0 0 ,First,#,Roads_wgs84,FULLNAME,-1,-1;SMID 'SMID' true true false 22 Text 0 0 ,First,#,Roads_wgs84,SMID,-1,-1;LFROMADD 'LFROMADD' true true false 12 Text 0 0 ,First,#,Roads_wgs84,LFROMADD,-1,-1;LTOADD 'LTOADD' true true false 12 Text 0 0 ,First,#,Roads_wgs84,LTOADD,-1,-1;RFROMADD 'RFROMADD' true true false 12 Text 0 0 ,First,#,Roads_wgs84,RFROMADD,-1,-1;RTOADD 'RTOADD' true true false 12 Text 0 0 ,First,#,Roads_wgs84,RTOADD,-1,-1;ZIPL 'ZIPL' true true false 5 Text 0 0 ,First,#,Roads_wgs84,ZIPL,-1,-1;ZIPR 'ZIPR' true true false 5 Text 0 0 ,First,#,Roads_wgs84,ZIPR,-1,-1;FEATCAT 'FEATCAT' true true false 1 Text 0 0 ,First,#,Roads_wgs84,FEATCAT,-1,-1;HYDROFLG 'HYDROFLG' true true false 1 Text 0 0 ,First,#,Roads_wgs84,HYDROFLG,-1,-1;RAILFLG 'RAILFLG' true true false 1 Text 0 0 ,First,#,Roads_wgs84,RAILFLG,-1,-1;ROADFLG 'ROADFLG' true true false 1 Text 0 0 ,First,#,Roads_wgs84,ROADFLG,-1,-1;OLFFLG 'OLFFLG' true true false 1 Text 0 0 ,First,#,Roads_wgs84,OLFFLG,-1,-1;PASSFLG 'PASSFLG' true true false 1 Text 0 0 ,First,#,Roads_wgs84,PASSFLG,-1,-1;DIVROAD 'DIVROAD' true true false 1 Text 0 0 ,First,#,Roads_wgs84,DIVROAD,-1,-1;EXTTYP 'EXTTYP' true true false 1 Text 0 0 ,First,#,Roads_wgs84,EXTTYP,-1,-1;TTYP 'TTYP' true true false 1 Text 0 0 ,First,#,Roads_wgs84,TTYP,-1,-1;DECKEDROAD 'DECKEDROAD' true true false 1 Text 0 0 ,First,#,Roads_wgs84,DECKEDROAD,-1,-1;ARTPATH 'ARTPATH' true true false 1 Text 0 0 ,First,#,Roads_wgs84,ARTPATH,-1,-1;PERSIST 'PERSIST' true true false 1 Text 0 0 ,First,#,Roads_wgs84,PERSIST,-1,-1;GCSEFLG 'GCSEFLG' true true false 1 Text 0 0 ,First,#,Roads_wgs84,GCSEFLG,-1,-1;OFFSETL 'OFFSETL' true true false 1 Text 0 0 ,First,#,Roads_wgs84,OFFSETL,-1,-1;OFFSETR 'OFFSETR' true true false 1 Text 0 0 ,First,#,Roads_wgs84,OFFSETR,-1,-1;TNIDF 'TNIDF' true true false 10 Double 0 10 ,First,#,Roads_wgs84,TNIDF,-1,-1;TNIDT 'TNIDT' true true false 10 Double 0 10 ,First,#,Roads_wgs84,TNIDT,-1,-1"</Process><Process ToolSource="C:\Program Files (x86)\ArcGIS\ArcToolbox\Toolboxes\Analysis Tools.tbx\Clip" Date="20111220" Time="161859">Clip All_Roads_wgs84 UNDERC_boundary G:\NEON_GIS\NEON_Internal_Data\Site_GIS_Data\05_GrLakes\5_CORE_UNDERC\5_RawData\Exclusions\All_Roads_wgs84_Clip.shp #</Process></lineage></DataProperties><SyncDate>20111220</SyncDate><SyncTime>16185800</SyncTime><ModDate>20111220</ModDate><ModTime>16185800</ModTime></Esri><idinfo><citation><citeinfo><onlink Sync="TRUE">\\nascifs01\neon_gis\NEON_GIS\NEON_Internal_Data\Site_GIS_Data\05_GrLakes\5_CORE_UNDERC\5_RawData\Exclusions\All_Roads_wgs84_Clip.shp</onlink><origin>REQUIRED: The name of an organization or individual that developed the data set.</origin><pubdate>REQUIRED: The date when the data set is published or otherwise made available for release.</pubdate><title Sync="TRUE">All_Roads_wgs84_Clip</title><ftname Sync="TRUE">All_Roads_wgs84_Clip</ftname><geoform Sync="TRUE">vector digital data</geoform></citeinfo></citation><native Sync="TRUE">Microsoft Windows Vista Version 6.1 (Build 7601) Service Pack 1; ESRI ArcCatalog 9.3.1.1850</native><descript><langdata Sync="TRUE">en</langdata><abstract>REQUIRED: A brief narrative summary of the data set.</abstract><purpose>REQUIRED: A summary of the intentions with which the data set was developed.</purpose></descript><timeperd><current>REQUIRED: The basis on which the time period of content information is determined.</current><timeinfo><sngdate><caldate>REQUIRED: The year (and optionally month, or month and day) for which the data set corresponds to the ground.</caldate></sngdate></timeinfo></timeperd><status><progress>REQUIRED: The state of the data set.</progress><update>REQUIRED: The frequency with which changes and additions are made to the data set after the initial data set is completed.</update></status><spdom><bounding><westbc Sync="TRUE">REQUIRED: Western-most coordinate of the limit of coverage expressed in longitude.</westbc><eastbc Sync="TRUE">REQUIRED: Eastern-most coordinate of the limit of coverage expressed in longitude.</eastbc><northbc Sync="TRUE">REQUIRED: Northern-most coordinate of the limit of coverage expressed in latitude.</northbc><southbc Sync="TRUE">REQUIRED: Southern-most coordinate of the limit of coverage expressed in latitude.</southbc></bounding></spdom><keywords><theme><themekt>REQUIRED: Reference to a formally registered thesaurus or a similar authoritative source of theme keywords.</themekt><themekey>REQUIRED: Common-use word or phrase used to describe the subject of the data set.</themekey></theme></keywords><accconst>REQUIRED: Restrictions and legal prerequisites for accessing the data set.</accconst><useconst>REQUIRED: Restrictions and legal prerequisites for using the data set after access is granted.</useconst><natvform Sync="TRUE">Shapefile</natvform></idinfo><distInfo><distributor><distorTran><onLineSrc><linkage Sync="TRUE">file://\\nascifs01\neon_gis\NEON_GIS\NEON_Internal_Data\Site_GIS_Data\05_GrLakes\5_CORE_UNDERC\5_RawData\Exclusions\All_Roads_wgs84_Clip.shp</linkage><protocol Sync="TRUE">Local Area Network</protocol><orDesc Sync="TRUE">002</orDesc></onLineSrc><transSize Sync="TRUE">0.000</transSize></distorTran><distorFormat><formatName Sync="TRUE">Shapefile</formatName></distorFormat></distributor></distInfo><dataqual><lineage><procstep><procdesc Sync="TRUE">Dataset copied.</procdesc><srcused Sync="TRUE"></srcused><procdate Sync="TRUE">20111220</procdate><proctime Sync="TRUE">16042000</proctime></procstep></lineage></dataqual><dataIdInfo><envirDesc Sync="TRUE">Microsoft Windows Vista Version 6.1 (Build 7601) Service Pack 1; ESRI ArcCatalog 9.3.1.1850</envirDesc><dataLang><languageCode Sync="TRUE" value="en"></languageCode></dataLang><idCitation><resTitle Sync="TRUE">All_Roads_wgs84_Clip</resTitle><presForm><PresFormCd Sync="TRUE" value="005"></PresFormCd></presForm></idCitation><spatRpType><SpatRepTypCd Sync="TRUE" value="001"></SpatRepTypCd></spatRpType></dataIdInfo><metainfo><langmeta Sync="TRUE">en</langmeta><metstdn Sync="TRUE">FGDC Content Standards for Digital Geospatial Metadata</metstdn><metstdv Sync="TRUE">FGDC-STD-001-1998</metstdv><mettc Sync="TRUE">local time</mettc><metc><cntinfo><cntorgp><cntper>REQUIRED: The person responsible for the metadata information.</cntper><cntorg>REQUIRED: The organization responsible for the metadata information.</cntorg></cntorgp><cntaddr><addrtype>REQUIRED: The mailing and/or physical address for the organization or individual.</addrtype><city>REQUIRED: The city of the address.</city><state>REQUIRED: The state or province of the address.</state><postal>REQUIRED: The ZIP or other postal code of the address.</postal></cntaddr><cntvoice>REQUIRED: The telephone number by which individuals can speak to the organization or individual.</cntvoice></cntinfo></metc><metd Sync="TRUE">20111220</metd><metextns><onlink Sync="TRUE">http://www.esri.com/metadata/esriprof80.html</onlink><metprof Sync="TRUE">ESRI Metadata Profile</metprof></metextns></metainfo><mdLang><languageCode Sync="TRUE" value="en"></languageCode></mdLang><mdStanName Sync="TRUE">ISO 19115 Geographic Information - Metadata</mdStanName><mdStanVer Sync="TRUE">DIS_ESRI1.0</mdStanVer><mdChar><CharSetCd Sync="TRUE" value="004"></CharSetCd></mdChar><mdHrLv><ScopeCd Sync="TRUE" value="005"></ScopeCd></mdHrLv><mdHrLvName Sync="TRUE">dataset</mdHrLvName><distinfo><resdesc Sync="TRUE">Downloadable Data</resdesc><stdorder><digform><digtinfo><transize Sync="TRUE">0.000</transize><dssize Sync="TRUE">0.000</dssize></digtinfo></digform></stdorder></distinfo><spdoinfo><direct Sync="TRUE">Vector</direct><ptvctinf><esriterm Name="All_Roads_wgs84_Clip"><efeatyp Sync="TRUE">Simple</efeatyp><efeageom Sync="TRUE">Polyline</efeageom><esritopo Sync="TRUE">FALSE</esritopo><efeacnt Sync="TRUE">0</efeacnt><spindex Sync="TRUE">FALSE</spindex><linrefer Sync="TRUE">FALSE</linrefer></esriterm><sdtsterm Name="All_Roads_wgs84_Clip"><sdtstype Sync="TRUE">String</sdtstype><ptvctcnt Sync="TRUE">0</ptvctcnt></sdtsterm></ptvctinf></spdoinfo><spref><horizsys><cordsysn><geogcsn Sync="TRUE">GCS_WGS_1984</geogcsn><projcsn Sync="TRUE">WGS_1984_UTM_Zone_16N</projcsn></cordsysn><planar><planci><plance Sync="TRUE">coordinate pair</plance><plandu Sync="TRUE">meters</plandu><coordrep><absres Sync="TRUE">0.000000</absres><ordres Sync="TRUE">0.000000</ordres></coordrep></planci><gridsys><gridsysn Sync="TRUE">Universal Transverse Mercator</gridsysn><utm><utmzone Sync="TRUE">16</utmzone><transmer><sfctrmer Sync="TRUE">0.999600</sfctrmer><longcm Sync="TRUE">-87.000000</longcm><latprjo Sync="TRUE">0.000000</latprjo><feast Sync="TRUE">500000.000000</feast><fnorth Sync="TRUE">0.000000</fnorth></transmer></utm></gridsys></planar><geodetic><horizdn Sync="TRUE">D_WGS_1984</horizdn><ellips Sync="TRUE">WGS_1984</ellips><semiaxis Sync="TRUE">6378137.000000</semiaxis><denflat Sync="TRUE">298.257224</denflat></geodetic></horizsys></spref><refSysInfo><RefSystem><refSysID><identCode Sync="TRUE">WGS_1984_UTM_Zone_16N</identCode></refSysID></RefSystem></refSysInfo><spatRepInfo><VectSpatRep><topLvl><TopoLevCd Sync="TRUE" value="001"></TopoLevCd></topLvl><geometObjs Name="All_Roads_wgs84_Clip"><geoObjTyp><GeoObjTypCd Sync="TRUE" value="001"></GeoObjTypCd></geoObjTyp><geoObjCnt Sync="TRUE">0</geoObjCnt></geometObjs></VectSpatRep></spatRepInfo><eainfo><detailed Name="All_Roads_wgs84_Clip"><enttyp><enttypl Sync="TRUE">All_Roads_wgs84_Clip</enttypl><enttypt Sync="TRUE">Feature Class</enttypt><enttypc Sync="TRUE">0</enttypc></enttyp><attr><attrlabl Sync="TRUE">FID</attrlabl><attalias Sync="TRUE">FID</attalias><attrtype Sync="TRUE">OID</attrtype><attwidth Sync="TRUE">4</attwidth><atprecis Sync="TRUE">0</atprecis><attscale Sync="TRUE">0</attscale><attrdef Sync="TRUE">Internal feature number.</attrdef><attrdefs Sync="TRUE">ESRI</attrdefs><attrdomv><udom Sync="TRUE">Sequential unique whole numbers that are automatically generated.</udom></attrdomv></attr><attr><attrlabl Sync="TRUE">Shape</attrlabl><attalias Sync="TRUE">Shape</attalias><attrtype Sync="TRUE">Geometry</attrtype><attwidth Sync="TRUE">0</attwidth><atprecis Sync="TRUE">0</atprecis><attscale Sync="TRUE">0</attscale><attrdef Sync="TRUE">Feature geometry.</attrdef><attrdefs Sync="TRUE">ESRI</attrdefs><attrdomv><udom Sync="TRUE">Coordinates defining the features.</udom></attrdomv></attr><attr><attrlabl Sync="TRUE">COMMENT</attrlabl><attalias Sync="TRUE">COMMENT</attalias><attrtype Sync="TRUE">String</attrtype><attwidth Sync="TRUE">32</attwidth></attr><attr><attrlabl Sync="TRUE">DISTANCE</attrlabl><attalias Sync="TRUE">DISTANCE</attalias><attrtype Sync="TRUE">Number</attrtype><attwidth Sync="TRUE">16</attwidth></attr><attr><attrlabl Sync="TRUE">STATEFP</attrlabl><attalias Sync="TRUE">STATEFP</attalias><attrtype Sync="TRUE">String</attrtype><attwidth Sync="TRUE">2</attwidth></attr><attr><attrlabl Sync="TRUE">COUNTYFP</attrlabl><attalias Sync="TRUE">COUNTYFP</attalias><attrtype Sync="TRUE">String</attrtype><attwidth Sync="TRUE">3</attwidth></attr><attr><attrlabl Sync="TRUE">TLID</attrlabl><attalias Sync="TRUE">TLID</attalias><attrtype Sync="TRUE">Number</attrtype><attwidth Sync="TRUE">10</attwidth></attr><attr><attrlabl Sync="TRUE">TFIDL</attrlabl><attalias Sync="TRUE">TFIDL</attalias><attrtype Sync="TRUE">Number</attrtype><attwidth Sync="TRUE">10</attwidth></attr><attr><attrlabl Sync="TRUE">TFIDR</attrlabl><attalias Sync="TRUE">TFIDR</attalias><attrtype Sync="TRUE">Number</attrtype><attwidth Sync="TRUE">10</attwidth></attr><attr><attrlabl Sync="TRUE">MTFCC</attrlabl><attalias Sync="TRUE">MTFCC</attalias><attrtype Sync="TRUE">String</attrtype><attwidth Sync="TRUE">5</attwidth></attr><attr><attrlabl Sync="TRUE">FULLNAME</attrlabl><attalias Sync="TRUE">FULLNAME</attalias><attrtype Sync="TRUE">String</attrtype><attwidth Sync="TRUE">100</attwidth></attr><attr><attrlabl Sync="TRUE">SMID</attrlabl><attalias Sync="TRUE">SMID</attalias><attrtype Sync="TRUE">String</attrtype><attwidth Sync="TRUE">22</attwidth></attr><attr><attrlabl Sync="TRUE">LFROMADD</attrlabl><attalias Sync="TRUE">LFROMADD</attalias><attrtype Sync="TRUE">String</attrtype><attwidth Sync="TRUE">12</attwidth></attr><attr><attrlabl Sync="TRUE">LTOADD</attrlabl><attalias Sync="TRUE">LTOADD</attalias><attrtype Sync="TRUE">String</attrtype><attwidth Sync="TRUE">12</attwidth></attr><attr><attrlabl Sync="TRUE">RFROMADD</attrlabl><attalias Sync="TRUE">RFROMADD</attalias><attrtype Sync="TRUE">String</attrtype><attwidth Sync="TRUE">12</attwidth></attr><attr><attrlabl Sync="TRUE">RTOADD</attrlabl><attalias Sync="TRUE">RTOADD</attalias><attrtype Sync="TRUE">String</attrtype><attwidth Sync="TRUE">12</attwidth></attr><attr><attrlabl Sync="TRUE">ZIPL</attrlabl><attalias Sync="TRUE">ZIPL</attalias><attrtype Sync="TRUE">String</attrtype><attwidth Sync="TRUE">5</attwidth></attr><attr><attrlabl Sync="TRUE">ZIPR</attrlabl><attalias Sync="TRUE">ZIPR</attalias><attrtype Sync="TRUE">String</attrtype><attwidth Sync="TRUE">5</attwidth></attr><attr><attrlabl Sync="TRUE">FEATCAT</attrlabl><attalias Sync="TRUE">FEATCAT</attalias><attrtype Sync="TRUE">String</attrtype><attwidth Sync="TRUE">1</attwidth></attr><attr><attrlabl Sync="TRUE">HYDROFLG</attrlabl><attalias Sync="TRUE">HYDROFLG</attalias><attrtype Sync="TRUE">String</attrtype><attwidth Sync="TRUE">1</attwidth></attr><attr><attrlabl Sync="TRUE">RAILFLG</attrlabl><attalias Sync="TRUE">RAILFLG</attalias><attrtype Sync="TRUE">String</attrtype><attwidth Sync="TRUE">1</attwidth></attr><attr><attrlabl Sync="TRUE">ROADFLG</attrlabl><attalias Sync="TRUE">ROADFLG</attalias><attrtype Sync="TRUE">String</attrtype><attwidth Sync="TRUE">1</attwidth></attr><attr><attrlabl Sync="TRUE">OLFFLG</attrlabl><attalias Sync="TRUE">OLFFLG</attalias><attrtype Sync="TRUE">String</attrtype><attwidth Sync="TRUE">1</attwidth></attr><attr><attrlabl Sync="TRUE">PASSFLG</attrlabl><attalias Sync="TRUE">PASSFLG</attalias><attrtype Sync="TRUE">String</attrtype><attwidth Sync="TRUE">1</attwidth></attr><attr><attrlabl Sync="TRUE">DIVROAD</attrlabl><attalias Sync="TRUE">DIVROAD</attalias><attrtype Sync="TRUE">String</attrtype><attwidth Sync="TRUE">1</attwidth></attr><attr><attrlabl Sync="TRUE">EXTTYP</attrlabl><attalias Sync="TRUE">EXTTYP</attalias><attrtype Sync="TRUE">String</attrtype><attwidth Sync="TRUE">1</attwidth></attr><attr><attrlabl Sync="TRUE">TTYP</attrlabl><attalias Sync="TRUE">TTYP</attalias><attrtype Sync="TRUE">String</attrtype><attwidth Sync="TRUE">1</attwidth></attr><attr><attrlabl Sync="TRUE">DECKEDROAD</attrlabl><attalias Sync="TRUE">DECKEDROAD</attalias><attrtype Sync="TRUE">String</attrtype><attwidth Sync="TRUE">1</attwidth></attr><attr><attrlabl Sync="TRUE">ARTPATH</attrlabl><attalias Sync="TRUE">ARTPATH</attalias><attrtype Sync="TRUE">String</attrtype><attwidth Sync="TRUE">1</attwidth></attr><attr><attrlabl Sync="TRUE">PERSIST</attrlabl><attalias Sync="TRUE">PERSIST</attalias><attrtype Sync="TRUE">String</attrtype><attwidth Sync="TRUE">1</attwidth></attr><attr><attrlabl Sync="TRUE">GCSEFLG</attrlabl><attalias Sync="TRUE">GCSEFLG</attalias><attrtype Sync="TRUE">String</attrtype><attwidth Sync="TRUE">1</attwidth></attr><attr><attrlabl Sync="TRUE">OFFSETL</attrlabl><attalias Sync="TRUE">OFFSETL</attalias><attrtype Sync="TRUE">String</attrtype><attwidth Sync="TRUE">1</attwidth></attr><attr><attrlabl Sync="TRUE">OFFSETR</attrlabl><attalias Sync="TRUE">OFFSETR</attalias><attrtype Sync="TRUE">String</attrtype><attwidth Sync="TRUE">1</attwidth></attr><attr><attrlabl Sync="TRUE">TNIDF</attrlabl><attalias Sync="TRUE">TNIDF</attalias><attrtype Sync="TRUE">Number</attrtype><attwidth Sync="TRUE">10</attwidth></attr><attr><attrlabl Sync="TRUE">TNIDT</attrlabl><attalias Sync="TRUE">TNIDT</attalias><attrtype Sync="TRUE">Number</attrtype><attwidth Sync="TRUE">10</attwidth></attr></detailed></eainfo><mdDateSt Sync="TRUE">20111220</mdDateSt></metadata>
