<?xml version="1.0" encoding="UTF-8"?>
<metadata xml:lang="en"><Esri><CreaDate>20191204</CreaDate><CreaTime>21565800</CreaTime><SyncOnce>
FALSE
        </SyncOnce><SyncDate>20150820</SyncDate><SyncTime>13352900</SyncTime><ModDate>20150820</ModDate><ModTime>13352900</ModTime><DataProperties><lineage><Process Name="FeatureClassToFeatureClass_2" ToolSource="C:\Program Files\ArcGIS\ArcToolbox\Toolboxes\Conversion Tools.tbx\FeatureClassToFeatureClass" Date="20080609" Time="101514" export="">FeatureClassToFeatureClass J:\fsfiles\ref\library\gis\cheni\CNNFroadsGDB.mdb\Transportation\TRAVEL_ROUTE_RATROAD "Database Connections\fssde-FSSDE@oracle-idb.chenic.r9.fs.fed.us.sde\FSSDE.Transportation" Road # "GlobalID GlobalID false false true 38 Long 0 0 ,First,#,J:\fsfiles\ref\library\gis\cheni\CNNFroadsGDB.mdb\Transportation\TRAVEL_ROUTE_RATROAD,GlobalID,-1,-1;REV_DATE REV_DATE true true false 8 Date 0 0 ,First,#,J:\fsfiles\ref\library\gis\cheni\CNNFroadsGDB.mdb\Transportation\TRAVEL_ROUTE_RATROAD,REV_DATE,-1,-1;DATA_SOURCE DATA_SOURCE true true false 4 Long 0 0 ,First,#,J:\fsfiles\ref\library\gis\cheni\CNNFroadsGDB.mdb\Transportation\TRAVEL_ROUTE_RATROAD,DATA_SOURCE,-1,-1;ACCURACY ACCURACY true true false 4 Float 0 0 ,First,#,J:\fsfiles\ref\library\gis\cheni\CNNFroadsGDB.mdb\Transportation\TRAVEL_ROUTE_RATROAD,ACCURACY,-1,-1;RTE_CN CN# true true false 34 Text 0 0 ,First,#,J:\fsfiles\ref\library\gis\cheni\CNNFroadsGDB.mdb\Transportation\TRAVEL_ROUTE_RATROAD,RTE_CN,-1,-1;BMP BMP true true false 8 Double 0 0 ,First,#,J:\fsfiles\ref\library\gis\cheni\CNNFroadsGDB.mdb\Transportation\TRAVEL_ROUTE_RATROAD,BMP,-1,-1;EMP EMP true true false 8 Double 0 0 ,First,#,J:\fsfiles\ref\library\gis\cheni\CNNFroadsGDB.mdb\Transportation\TRAVEL_ROUTE_RATROAD,EMP,-1,-1;RT_ACTION RT_ACTION true true false 10 Text 0 0 ,First,#,J:\fsfiles\ref\library\gis\cheni\CNNFroadsGDB.mdb\Transportation\TRAVEL_ROUTE_RATROAD,RT_ACTION,-1,-1;ACTIONSTAMP ACTIONSTAMP true true false 8 Date 0 0 ,First,#,J:\fsfiles\ref\library\gis\cheni\CNNFroadsGDB.mdb\Transportation\TRAVEL_ROUTE_RATROAD,ACTIONSTAMP,-1,-1;RTE_NO ROUTE_NO true true false 30 Text 0 0 ,First,#,J:\fsfiles\ref\library\gis\cheni\CNNFroadsGDB.mdb\Transportation\TRAVEL_ROUTE_RATROAD,RTE_NO,-1,-1;Shape_Length Shape_Length false true true 8 Double 0 0 ,First,#,J:\fsfiles\ref\library\gis\cheni\CNNFroadsGDB.mdb\Transportation\TRAVEL_ROUTE_RATROAD,Shape_Length,-1,-1;EMP_SOURCE EMP_SOURCE true true false 1 Text 0 0 ,First,#,J:\fsfiles\ref\library\gis\cheni\CNNFroadsGDB.mdb\Transportation\TRAVEL_ROUTE_RATROAD,EMP_SOURCE,-1,-1" # "Database Connections\fssde-FSSDE@oracle-idb.chenic.r9.fs.fed.us.sde\FSSDE.Transportation\FSSDE.Road"</Process><Process ToolSource="C:\ArcGIS\ArcToolbox\Toolboxes\Data Management Tools.tbx\CopyFeatures" Date="20110411" Time="074302" Name="" export="">CopyFeatures "Database Connections\IWeb@MLSADAK.sde\S_R09_CN.Transportation\S_R09_CN.Road" T:\FS\NFS\CheqNic\Project\Premigration\mlsadak\scratch_workspace.gdb\Transportation\S_R09_CN_Road # 0 0 0</Process><Process ToolSource="C:\ArcGIS\ArcToolbox\Toolboxes\Data Management Tools.tbx\RepairGeometry" Date="20110411" Time="075052" Name="" export="">RepairGeometry T:\FS\NFS\CheqNic\Project\Premigration\mlsadak\scratch_workspace.gdb\Transportation\S_R09_CN_Road DELETE_NULL T:\FS\NFS\CheqNic\Project\Premigration\mlsadak\scratch_workspace.gdb\Transportation\S_R09_CN_Road</Process><Process ToolSource="C:\ArcGIS\ArcToolbox\Toolboxes\Data Management Tools.tbx\RepairGeometry" Date="20110411" Time="075156" Name="" export="">RepairGeometry T:\FS\NFS\CheqNic\Project\Premigration\mlsadak\scratch_workspace.gdb\Transportation\S_R09_CN_Road DELETE_NULL T:\FS\NFS\CheqNic\Project\Premigration\mlsadak\scratch_workspace.gdb\Transportation\S_R09_CN_Road</Process><Process ToolSource="C:\ArcGIS\Desktop10.0\ArcToolbox\Toolboxes\Data Management Tools.tbx\AssignDomainToField" Date="20121219" Time="072524" Name="" export="">AssignDomainToField C:\sde_tools\connections\S_R09_CN@infraweb1.fs.usda.gov_5151.sde\S_R09_CN.Transportation\S_R09_CN.Road DATA_SOURCE FSMetadata_DATA_SOURCE #</Process><Process ToolSource="C:\ArcGIS\Desktop10.0\ArcToolbox\Toolboxes\Data Management Tools.tbx\AssignDomainToField" Date="20121227" Time="084025" Name="" export="">AssignDomainToField C:\sde_tools\connections\S_R09_CN@infraweb1.fs.usda.gov_5151.sde\S_R09_CN.Transportation\S_R09_CN.Road RT_ACTION RT_ACTION_1 #</Process><Process ToolSource="C:\ArcGIS\Desktop10.0\ArcToolbox\Toolboxes\Data Management Tools.tbx\AssignDomainToField" Date="20121227" Time="085935" Name="" export="">AssignDomainToField C:\sde_tools\connections\S_R09_CN@infraweb1.fs.usda.gov_5151.sde\S_R09_CN.Transportation\S_R09_CN.Road RT_ACTION ROUTE_ACTION #</Process><Process ToolSource="c:\arcgis\desktop10.1\ArcToolbox\Toolboxes\Data Management Tools.tbx\CalculateField" Date="20140730" Time="131115">CalculateField Iweb\S_R09_CN.Road REV_DATE "Date (  )" VB #</Process><Process ToolSource="c:\arcgis\desktop10.1\ArcToolbox\Toolboxes\Data Management Tools.tbx\CalculateField" Date="20140730" Time="131144">CalculateField Iweb\S_R09_CN.Road DATA_SOURCE "02" VB #</Process><Process ToolSource="c:\arcgis\desktop10.1\ArcToolbox\Toolboxes\Data Management Tools.tbx\CalculateField" Date="20140730" Time="132350">CalculateField Iweb\S_R09_CN.Road DATA_SOURCE "02" VB #</Process><Process ToolSource="c:\arcgis\desktop10.1\ArcToolbox\Toolboxes\Data Management Tools.tbx\CalculateField" Date="20140730" Time="132419">CalculateField Iweb\S_R09_CN.Road REV_DATE "Date (  )" VB #</Process><Process ToolSource="c:\arcgis\desktop10.1\ArcToolbox\Toolboxes\Data Management Tools.tbx\CalculateField" Date="20140730" Time="133254">CalculateField Iweb\S_R09_CN.Road REV_DATE "Date (  )" VB #</Process><Process ToolSource="c:\arcgis\desktop10.1\ArcToolbox\Toolboxes\Data Management Tools.tbx\CalculateField" Date="20140730" Time="133319">CalculateField Iweb\S_R09_CN.Road DATA_SOURCE "02" VB #</Process><Process ToolSource="c:\arcgis\desktop10.1\ArcToolbox\Toolboxes\Data Management Tools.tbx\CalculateField" Date="20140730" Time="150655">CalculateField Iweb\S_R09_CN.Road DATA_SOURCE "02" VB #</Process><Process ToolSource="c:\arcgis\desktop10.1\ArcToolbox\Toolboxes\Data Management Tools.tbx\CalculateField" Date="20140730" Time="150732">CalculateField Iweb\S_R09_CN.Road REV_DATE "Date (  )" VB #</Process><Process ToolSource="c:\arcgis\desktop10.1\ArcToolbox\Toolboxes\Data Management Tools.tbx\CalculateField" Date="20140730" Time="161952">CalculateField Iweb\S_R09_CN.Road REV_DATE "Date (  )" VB #</Process><Process ToolSource="c:\arcgis\desktop10.1\ArcToolbox\Toolboxes\Data Management Tools.tbx\CalculateField" Date="20140730" Time="162037">CalculateField Iweb\S_R09_CN.Road DATA_SOURCE "02" VB #</Process><Process ToolSource="c:\program files (x86)\arcgis\desktop10.0\ArcToolbox\Toolboxes\Data Management Tools.tbx\Project" Date="20140909" Time="120713">Project CNNF_PF_roads_20140820 A:\TOS\TOS_Plot_Data\05_GrLakes\REL1_STEI\Site_Information\ChequamegonForest\CNNF_PF_roads_20140820_wgs84.shp PROJCS['WGS_1984_UTM_Zone_16N',GEOGCS['GCS_WGS_1984',DATUM['D_WGS_1984',SPHEROID['WGS_1984',6378137.0,298.257223563]],PRIMEM['Greenwich',0.0],UNIT['Degree',0.0174532925199433]],PROJECTION['Transverse_Mercator'],PARAMETER['False_Easting',500000.0],PARAMETER['False_Northing',0.0],PARAMETER['Central_Meridian',-87.0],PARAMETER['Scale_Factor',0.9996],PARAMETER['Latitude_Of_Origin',0.0],UNIT['Meter',1.0]] NAD_1983_HARN_To_WGS_1984 PROJCS['NAD_1983_HARN_Wisconsin_TM',GEOGCS['GCS_North_American_1983_HARN',DATUM['D_North_American_1983_HARN',SPHEROID['GRS_1980',6378137.0,298.257222101]],PRIMEM['Greenwich',0.0],UNIT['Degree',0.0174532925199433]],PROJECTION['Transverse_Mercator'],PARAMETER['False_Easting',520000.0],PARAMETER['False_Northing',-4480000.0],PARAMETER['Central_Meridian',-90.0],PARAMETER['Scale_Factor',0.9996],PARAMETER['Latitude_Of_Origin',0.0],UNIT['Meter',1.0]]</Process></lineage><itemProps><itemName Sync="TRUE">05_R_STEI_Roads_tiger_clip</itemName><imsContentType>002</imsContentType><nativeExtBox><westBL Sync="TRUE">388302.094000</westBL><eastBL Sync="TRUE">676571.938000</eastBL><southBL Sync="TRUE">498446.594000</southBL><northBL Sync="TRUE">714396.563000</northBL><exTypeCode Sync="TRUE">1</exTypeCode></nativeExtBox><itemLocation><linkage Sync="TRUE">file://\\eco.neoninternal.org\neon\Science\GISData\TOS\TOS_Plot_Data\roads\05_R_STEI_Roads_tiger_clip</linkage><protocol Sync="TRUE">Local Area Network</protocol></itemLocation><itemSize Sync="TRUE">0.000</itemSize></itemProps><coordRef><type Sync="TRUE">Projected</type><geogcsn Sync="TRUE">GCS_WGS_1984</geogcsn><csUnits Sync="TRUE">Linear Unit: Meter (1.000000)</csUnits><projcsn Sync="TRUE">WGS_1984_UTM_Zone_16N</projcsn><peXml Sync="TRUE">&lt;ProjectedCoordinateSystem xsi:type='typens:ProjectedCoordinateSystem' xmlns:xsi='http://www.w3.org/2001/XMLSchema-instance' xmlns:xs='http://www.w3.org/2001/XMLSchema' xmlns:typens='http://www.esri.com/schemas/ArcGIS/10.1'&gt;&lt;WKT&gt;PROJCS[&amp;quot;WGS_1984_UTM_Zone_16N&amp;quot;,GEOGCS[&amp;quot;GCS_WGS_1984&amp;quot;,DATUM[&amp;quot;D_WGS_1984&amp;quot;,SPHEROID[&amp;quot;WGS_1984&amp;quot;,6378137.0,298.257223563]],PRIMEM[&amp;quot;Greenwich&amp;quot;,0.0],UNIT[&amp;quot;Degree&amp;quot;,0.0174532925199433]],PROJECTION[&amp;quot;Transverse_Mercator&amp;quot;],PARAMETER[&amp;quot;False_Easting&amp;quot;,500000.0],PARAMETER[&amp;quot;False_Northing&amp;quot;,0.0],PARAMETER[&amp;quot;Central_Meridian&amp;quot;,-87.0],PARAMETER[&amp;quot;Scale_Factor&amp;quot;,0.9996],PARAMETER[&amp;quot;Latitude_Of_Origin&amp;quot;,0.0],UNIT[&amp;quot;Meter&amp;quot;,1.0],AUTHORITY[&amp;quot;EPSG&amp;quot;,32616]]&lt;/WKT&gt;&lt;XOrigin&gt;-5120900&lt;/XOrigin&gt;&lt;YOrigin&gt;-9998100&lt;/YOrigin&gt;&lt;XYScale&gt;450445547.3910538&lt;/XYScale&gt;&lt;ZOrigin&gt;-100000&lt;/ZOrigin&gt;&lt;ZScale&gt;10000&lt;/ZScale&gt;&lt;MOrigin&gt;-100000&lt;/MOrigin&gt;&lt;MScale&gt;10000&lt;/MScale&gt;&lt;XYTolerance&gt;0.001&lt;/XYTolerance&gt;&lt;ZTolerance&gt;0.001&lt;/ZTolerance&gt;&lt;MTolerance&gt;0.001&lt;/MTolerance&gt;&lt;HighPrecision&gt;true&lt;/HighPrecision&gt;&lt;WKID&gt;32616&lt;/WKID&gt;&lt;LatestWKID&gt;32616&lt;/LatestWKID&gt;&lt;/ProjectedCoordinateSystem&gt;</peXml></coordRef><copyHistory><copy source="N:\Science\GISData\TOS\TOS_Plot_Data\05_GrLakes\REL1_STEI\Site_Information\05_R_STEI_Roads_tiger_clip" dest="\\eco.neoninternal.org\neon\Science\GISData\TOS\TOS_Plot_Data\roads\05_R_STEI_Roads_tiger_clip" date="20191204" time="21565800"></copy></copyHistory></DataProperties><ArcGISProfile>FGDC</ArcGISProfile><scaleRange><minScale>150000000</minScale><maxScale>5000</maxScale></scaleRange><ArcGISFormat>1.0</ArcGISFormat><ArcGISstyle>FGDC CSDGM Metadata</ArcGISstyle></Esri><idinfo><descript><langdata Sync="TRUE">en</langdata><abstract>A route system depicting all roads within or in close proximity to an administrative unit.</abstract><purpose>A road is a motor vehicle travel way over 50 inches wide, unless classified and managed as a trail.  A road may be classified or unclassified.  Classified roads are roads within National Forest System lands planned and managed for motor vehicle access including State roads, county roads, private roads, permitted roads, and Forest Service roads.  Unclassified roads are roads not intended to be a part of  nor  managed as a part of the forest transportation system, such as temporary roads, and unplanned, unengineered, unauthorized off-road vehicle tracks and abandoned travel ways.  Route measurements and route directions must correspond to those stored in the Infra Oracle table RTE_BASICS.</purpose></descript><citation><citeinfo><origin>
REQUIRED: The name of an organization or individual that developed the data set.
            </origin><pubdate>
REQUIRED: The date when the data set is published or otherwise made available for release.
            </pubdate><title Sync="TRUE">S_R09_CN.Road</title><ftname Sync="TRUE">S_R09_CN.Road</ftname><geoform Sync="TRUE">vector digital data</geoform><onlink Sync="TRUE">Server=IWEBDB; Service=sde:oracle11g:/:SDE; User=S_R09_CN; Version=S_R09_CN.R09_CN_LIB</onlink></citeinfo></citation><timeperd><current>publication date</current><timeinfo><sngdate><caldate>20140820</caldate></sngdate></timeinfo></timeperd><status><progress>
REQUIRED: The state of the data set.
          </progress><update>
As needed
          </update></status><spdom><bounding><westbc Sync="TRUE">-91.728758</westbc><eastbc Sync="TRUE">-87.944926</eastbc><northbc Sync="TRUE">46.903105</northbc><southbc Sync="TRUE">44.795957</southbc></bounding><lboundng><leftbc Sync="TRUE">388302.094000</leftbc><rightbc Sync="TRUE">676571.938000</rightbc><bottombc Sync="TRUE">482190.375000</bottombc><topbc Sync="TRUE">714396.563000</topbc></lboundng></spdom><keywords><theme><themekt>
REQUIRED: Reference to a formally registered thesaurus or a similar authoritative source of theme keywords.
            </themekt><themekey>
Road
            </themekey></theme></keywords><accconst>
REQUIRED: Restrictions and legal prerequisites for accessing the data set.
        </accconst><useconst>
The Forest Service uses the most current and complete data available. GIS data and product accuracy may vary.  They may be developed from sources of differing accuracy; accurate only at certain scales; based on modeling or interpretation; incomplete while being created or revised; etc. Using GIS products for purposes other than those for which they were created, may yield inaccurate or misleading results. The Forest Service reserves the right to correct, update, modify or replace GIS products without notification.
        </useconst><natvform Sync="TRUE">SDE Feature Class</natvform><ptcontac><cntinfo><cntorgp><cntorg>
USDA Forest Service / I-Web
              </cntorg></cntorgp></cntinfo></ptcontac><native Sync="TRUE">Microsoft Windows Vista Version 6.0 (Build 6002) Service Pack 2; ESRI ArcCatalog 9.3.1.4000</native><crossref><citeinfo><title>
I-Web intranet site
            </title><onlink>
http://i-web.wo.fs.fed.us/index.shtml
            </onlink></citeinfo></crossref><crossref><citeinfo><title>
Travel Routes Data Dictionary
            </title><onlink>
http://fsweb.r6.fs.fed.us/eng/travel_routes/user_board
            </onlink></citeinfo></crossref></idinfo><dataIdInfo><envirDesc Sync="TRUE">Microsoft Windows 7 Version 6.1 (Build 7601) Service Pack 1; Esri ArcGIS 10.2.2.3552</envirDesc><dataLang><languageCode Sync="TRUE" value="eng"/><countryCode value="USA" Sync="TRUE"/></dataLang><idCitation><resTitle Sync="TRUE">05_R_STEI_Roads_tiger_clip</resTitle><presForm><PresFormCd Sync="TRUE" value="005"/></presForm></idCitation><spatRpType><SpatRepTypCd Sync="TRUE" value="001"/></spatRpType><dataExt><geoEle><GeoBndBox esriExtentType="native"><westBL Sync="TRUE">388302.094</westBL><eastBL Sync="TRUE">676571.938</eastBL><northBL Sync="TRUE">714396.563</northBL><southBL Sync="TRUE">482190.375</southBL><exTypeCode Sync="TRUE">1</exTypeCode></GeoBndBox></geoEle></dataExt><geoBox esriExtentType="decdegrees"><westBL Sync="TRUE">-91.728758</westBL><eastBL Sync="TRUE">-87.944926</eastBL><northBL Sync="TRUE">46.903105</northBL><southBL Sync="TRUE">44.795957</southBL><exTypeCode Sync="TRUE">1</exTypeCode></geoBox><dataExt><geoEle xmlns=""><GeoBndBox esriExtentType="search"><exTypeCode Sync="TRUE">1</exTypeCode><westBL Sync="TRUE">-91.728758</westBL><eastBL Sync="TRUE">-87.944926</eastBL><northBL Sync="TRUE">46.903105</northBL><southBL Sync="TRUE">44.942210</southBL></GeoBndBox></geoEle></dataExt><idPurp>A road is a motor vehicle travel way over 50 inches wide, unless classified and managed as a trail.  A road may be classified or unclassified.  Classified roads are roads within National Forest System lands planned and managed for motor vehicle access including State roads, county roads, private roads, permitted roads, and Forest Service roads.  Unclassified roads are roads not intended to be a part of  nor  managed as a part of the forest transportation system, such as temporary roads, and unplanned, unengineered, unauthorized off-road vehicle tracks and abandoned travel ways.  Route measurements and route directions must correspond to those stored in the Infra Oracle table RTE_BASICS.</idPurp><idAbs>&lt;DIV STYLE="text-align:Left;"&gt;&lt;DIV&gt;&lt;DIV&gt;&lt;P&gt;&lt;SPAN&gt;A route system depicting all roads within or in close proximity to an administrative unit.&lt;/SPAN&gt;&lt;/P&gt;&lt;/DIV&gt;&lt;/DIV&gt;&lt;/DIV&gt;</idAbs><searchKeys><keyword>Road</keyword></searchKeys><resConst><Consts><useLimit>&lt;DIV STYLE="text-align:Left;"&gt;&lt;DIV&gt;&lt;DIV&gt;&lt;P&gt;&lt;SPAN&gt;The Forest Service uses the most current and complete data available. GIS data and product accuracy may vary. They may be developed from sources of differing accuracy; accurate only at certain scales; based on modeling or interpretation; incomplete while being created or revised; etc. Using GIS products for purposes other than those for which they were created, may yield inaccurate or misleading results. The Forest Service reserves the right to correct, update, modify or replace GIS products without notification.&lt;/SPAN&gt;&lt;/P&gt;&lt;/DIV&gt;&lt;/DIV&gt;&lt;/DIV&gt;</useLimit></Consts></resConst></dataIdInfo><metainfo><langmeta Sync="TRUE">en</langmeta><metstdn Sync="TRUE">FGDC Content Standards for Digital Geospatial Metadata</metstdn><metstdv Sync="TRUE">FGDC-STD-001-1998</metstdv><mettc Sync="TRUE">local time</mettc><metc><cntinfo><cntorgp><cntper>
REQUIRED: The person responsible for the metadata information.
              </cntper><cntorg>
REQUIRED: The organization responsible for the metadata information.
              </cntorg></cntorgp><cntaddr><addrtype>
REQUIRED: The mailing and/or physical address for the organization or individual.
              </addrtype><city>
REQUIRED: The city of the address.
              </city><state>
REQUIRED: The state or province of the address.
              </state><postal>
REQUIRED: The ZIP or other postal code of the address.
              </postal></cntaddr><cntvoice>
REQUIRED: The telephone number by which individuals can speak to the organization or individual.
            </cntvoice></cntinfo></metc><metd Sync="TRUE">20120507</metd></metainfo><mdLang><languageCode Sync="TRUE" value="eng"/><countryCode value="USA" Sync="TRUE"/></mdLang><mdChar><CharSetCd Sync="TRUE" value="004"/></mdChar><mdHrLv><ScopeCd Sync="TRUE" value="005"/></mdHrLv><mdHrLvName Sync="TRUE">dataset</mdHrLvName><distinfo><resdesc Sync="TRUE">
Downloadable Data
        </resdesc></distinfo><distInfo><distributor><distorTran><onLineSrc><orDesc Sync="TRUE">002</orDesc><linkage Sync="TRUE">Server=IWEBDB; Service=sde:oracle11g:/:SDE; User=S_R09_CN; Version=S_R09_CN.R09_CN_LIB</linkage><protocol Sync="TRUE">ArcSDE Connection</protocol></onLineSrc></distorTran><distorFormat><formatName Sync="TRUE">SDE Feature Class</formatName></distorFormat></distributor><distFormat><formatName Sync="TRUE">Shapefile</formatName></distFormat><distTranOps><transSize Sync="TRUE">0.000</transSize></distTranOps></distInfo><spdoinfo><direct Sync="TRUE">Vector</direct><ptvctinf><esriterm Name="05_R_STEI_Roads_tiger_clip"><efeatyp Sync="TRUE">Simple</efeatyp><efeageom code="3" Sync="TRUE"></efeageom><esritopo Sync="TRUE">FALSE</esritopo><efeacnt Sync="TRUE">0</efeacnt><spindex Sync="TRUE">FALSE</spindex><linrefer Sync="TRUE">TRUE</linrefer></esriterm></ptvctinf></spdoinfo><spatRepInfo><VectSpatRep><geometObjs Name="05_R_STEI_Roads_tiger_clip"><geoObjTyp><GeoObjTypCd value="002" Sync="TRUE"></GeoObjTypCd></geoObjTyp><geoObjCnt Sync="TRUE">0</geoObjCnt></geometObjs><topLvl><TopoLevCd value="001" Sync="TRUE"></TopoLevCd></topLvl></VectSpatRep></spatRepInfo><mdDateSt Sync="TRUE">20150820</mdDateSt><eainfo><detailed Name="05_R_STEI_Roads_tiger_clip" xmlns=""><enttyp><enttypl Sync="TRUE">05_R_STEI_Roads_tiger_clip</enttypl><enttypt Sync="TRUE">Feature Class</enttypt><enttypc Sync="TRUE">0</enttypc><enttypd>A route system depicting all roads within or in close proximity to an administrative unit.</enttypd></enttyp><attr><attrlabl Sync="TRUE">FID</attrlabl><attalias Sync="TRUE">FID</attalias><attrtype Sync="TRUE">OID</attrtype><attwidth Sync="TRUE">4</attwidth><atprecis Sync="TRUE">0</atprecis><attscale Sync="TRUE">0</attscale><attrdef Sync="TRUE">Internal feature number.</attrdef><attrdefs Sync="TRUE">Esri</attrdefs><attrdomv><udom Sync="TRUE">Sequential unique whole numbers that are automatically generated.</udom></attrdomv></attr><attr xmlns=""><attrlabl Sync="FALSE">SHAPE</attrlabl><attalias Sync="FALSE">SHAPE</attalias><attrtype Sync="FALSE">GEOMETRY</attrtype><attwidth Sync="FALSE">0</attwidth><atprecis Sync="TRUE">0</atprecis><attscale Sync="TRUE">0</attscale><attrdef>Feature geometry</attrdef><attrdefs>ESRI</attrdefs><attrdomv><udom Sync="TRUE"/></attrdomv></attr><attr xmlns=""><attrlabl Sync="FALSE">OBJECTID</attrlabl><attalias Sync="FALSE">OBJECTID</attalias><attrtype Sync="FALSE">OID</attrtype><attwidth Sync="FALSE">4</attwidth><atprecis Sync="TRUE">9</atprecis><attscale Sync="TRUE">0</attscale><attrdef Sync="FALSE">Internal feature number</attrdef><attrdefs Sync="FALSE">ESRI        </attrdefs><attrdomv><udom Sync="FALSE">Sequential unique whole numbers that are automatically generated. 
              </udom></attrdomv></attr><attr xmlns=""><attrlabl Sync="TRUE">RTE_CN</attrlabl><attalias Sync="TRUE">RTE_CN</attalias><attrtype Sync="TRUE">String</attrtype><attwidth Sync="TRUE">254</attwidth><atprecis Sync="TRUE">0</atprecis><attscale Sync="TRUE">0</attscale></attr><attr><attrlabl Sync="TRUE">ID</attrlabl><attalias Sync="TRUE">ID</attalias><attrtype Sync="TRUE">String</attrtype><attwidth Sync="TRUE">254</attwidth><atprecis Sync="TRUE">0</atprecis><attscale Sync="TRUE">0</attscale></attr><attr xmlns=""><attrlabl Sync="FALSE">NAME</attrlabl><attalias Sync="FALSE">NAME</attalias><attrtype Sync="TRUE">String</attrtype><attwidth Sync="TRUE">254</attwidth><atprecis Sync="TRUE">0</atprecis><attscale Sync="TRUE">0</attscale><attrdef>Name of the road.  This information is maintained in the Infra Roads application.      </attrdef></attr><attr xmlns=""><attrlabl Sync="FALSE">BMP</attrlabl><attalias Sync="TRUE">BMP</attalias><attrtype Sync="TRUE">Double</attrtype><attwidth Sync="TRUE">19</attwidth><atprecis Sync="TRUE">0</atprecis><attscale Sync="TRUE">0</attscale><attrdef>Beginning measure point of the route. The value is copied from Oracle (RTE_BASICS) and used as an aid in calibration.</attrdef></attr><attr xmlns=""><attrlabl Sync="FALSE">EMP     </attrlabl><attalias Sync="TRUE">EMP</attalias><attrtype Sync="TRUE">Double</attrtype><attwidth Sync="TRUE">19</attwidth><atprecis Sync="TRUE">0</atprecis><attscale Sync="TRUE">0</attscale><attrdef>Ending measure point of the route. The value is copied from Oracle (RTE_BASICS) and used as an aid in calibration.</attrdef></attr><attr><attrlabl Sync="TRUE">BEGIN_TERM</attrlabl><attalias Sync="TRUE">BEGIN_TERM</attalias><attrtype Sync="TRUE">String</attrtype><attwidth Sync="TRUE">254</attwidth><atprecis Sync="TRUE">0</atprecis><attscale Sync="TRUE">0</attscale></attr><attr><attrlabl Sync="TRUE">END_TERMIN</attrlabl><attalias Sync="TRUE">END_TERMIN</attalias><attrtype Sync="TRUE">String</attrtype><attwidth Sync="TRUE">254</attwidth><atprecis Sync="TRUE">0</atprecis><attscale Sync="TRUE">0</attscale></attr><attr><attrlabl Sync="TRUE">SEG_LENGTH</attrlabl><attalias Sync="TRUE">SEG_LENGTH</attalias><attrtype Sync="TRUE">Double</attrtype><attwidth Sync="TRUE">19</attwidth><atprecis Sync="TRUE">0</atprecis><attscale Sync="TRUE">0</attscale></attr><attr><attrlabl Sync="TRUE">ADMIN_ORG</attrlabl><attalias Sync="TRUE">ADMIN_ORG</attalias><attrtype Sync="TRUE">String</attrtype><attwidth Sync="TRUE">254</attwidth><atprecis Sync="TRUE">0</atprecis><attscale Sync="TRUE">0</attscale></attr><attr><attrlabl Sync="TRUE">FUNCTIONAL</attrlabl><attalias Sync="TRUE">FUNCTIONAL</attalias><attrtype Sync="TRUE">String</attrtype><attwidth Sync="TRUE">254</attwidth><atprecis Sync="TRUE">0</atprecis><attscale Sync="TRUE">0</attscale></attr><attr><attrlabl Sync="TRUE">JURISDICTI</attrlabl><attalias Sync="TRUE">JURISDICTI</attalias><attrtype Sync="TRUE">String</attrtype><attwidth Sync="TRUE">254</attwidth><atprecis Sync="TRUE">0</atprecis><attscale Sync="TRUE">0</attscale></attr><attr><attrlabl Sync="TRUE">LANES</attrlabl><attalias Sync="TRUE">LANES</attalias><attrtype Sync="TRUE">String</attrtype><attwidth Sync="TRUE">254</attwidth><atprecis Sync="TRUE">0</atprecis><attscale Sync="TRUE">0</attscale></attr><attr><attrlabl Sync="TRUE">SYSTEM</attrlabl><attalias Sync="TRUE">SYSTEM</attalias><attrtype Sync="TRUE">String</attrtype><attwidth Sync="TRUE">254</attwidth><atprecis Sync="TRUE">0</atprecis><attscale Sync="TRUE">0</attscale></attr><attr><attrlabl Sync="TRUE">OBJECTIVE_</attrlabl><attalias Sync="TRUE">OBJECTIVE_</attalias><attrtype Sync="TRUE">String</attrtype><attwidth Sync="TRUE">254</attwidth><atprecis Sync="TRUE">0</atprecis><attscale Sync="TRUE">0</attscale></attr><attr><attrlabl Sync="TRUE">OPER_MAINT</attrlabl><attalias Sync="TRUE">OPER_MAINT</attalias><attrtype Sync="TRUE">String</attrtype><attwidth Sync="TRUE">254</attwidth><atprecis Sync="TRUE">0</atprecis><attscale Sync="TRUE">0</attscale></attr><attr><attrlabl Sync="TRUE">PRIMARY_MA</attrlabl><attalias Sync="TRUE">PRIMARY_MA</attalias><attrtype Sync="TRUE">String</attrtype><attwidth Sync="TRUE">254</attwidth><atprecis Sync="TRUE">0</atprecis><attscale Sync="TRUE">0</attscale></attr><attr><attrlabl Sync="TRUE">ROUTE_STAT</attrlabl><attalias Sync="TRUE">ROUTE_STAT</attalias><attrtype Sync="TRUE">String</attrtype><attwidth Sync="TRUE">254</attwidth><atprecis Sync="TRUE">0</atprecis><attscale Sync="TRUE">0</attscale></attr><attr><attrlabl Sync="TRUE">SERVICE_LI</attrlabl><attalias Sync="TRUE">SERVICE_LI</attalias><attrtype Sync="TRUE">String</attrtype><attwidth Sync="TRUE">254</attwidth><atprecis Sync="TRUE">0</atprecis><attscale Sync="TRUE">0</attscale></attr><attr><attrlabl Sync="TRUE">SURFACE_TY</attrlabl><attalias Sync="TRUE">SURFACE_TY</attalias><attrtype Sync="TRUE">String</attrtype><attwidth Sync="TRUE">254</attwidth><atprecis Sync="TRUE">0</atprecis><attscale Sync="TRUE">0</attscale></attr><attr><attrlabl Sync="TRUE">COMMENTS</attrlabl><attalias Sync="TRUE">COMMENTS</attalias><attrtype Sync="TRUE">String</attrtype><attwidth Sync="TRUE">254</attwidth><atprecis Sync="TRUE">0</atprecis><attscale Sync="TRUE">0</attscale></attr><attr><attrlabl Sync="TRUE">SECURITY_I</attrlabl><attalias Sync="TRUE">SECURITY_I</attalias><attrtype Sync="TRUE">String</attrtype><attwidth Sync="TRUE">254</attwidth><atprecis Sync="TRUE">0</atprecis><attscale Sync="TRUE">0</attscale></attr><attr><attrlabl Sync="TRUE">SHAPE_Leng</attrlabl><attalias Sync="TRUE">SHAPE_Leng</attalias><attrtype Sync="TRUE">Double</attrtype><attwidth Sync="TRUE">19</attwidth><atprecis Sync="TRUE">0</atprecis><attscale Sync="TRUE">0</attscale></attr><attr><attrlabl Sync="TRUE">STATEFP</attrlabl><attalias Sync="TRUE">STATEFP</attalias><attrtype Sync="TRUE">String</attrtype><attwidth Sync="TRUE">2</attwidth><atprecis Sync="TRUE">0</atprecis><attscale Sync="TRUE">0</attscale></attr><attr><attrlabl Sync="TRUE">COUNTYFP</attrlabl><attalias Sync="TRUE">COUNTYFP</attalias><attrtype Sync="TRUE">String</attrtype><attwidth Sync="TRUE">3</attwidth><atprecis Sync="TRUE">0</atprecis><attscale Sync="TRUE">0</attscale></attr><attr><attrlabl Sync="TRUE">TLID</attrlabl><attalias Sync="TRUE">TLID</attalias><attrtype Sync="TRUE">Double</attrtype><attwidth Sync="TRUE">10</attwidth><atprecis Sync="TRUE">10</atprecis><attscale Sync="TRUE">0</attscale></attr><attr><attrlabl Sync="TRUE">TFIDL</attrlabl><attalias Sync="TRUE">TFIDL</attalias><attrtype Sync="TRUE">Double</attrtype><attwidth Sync="TRUE">10</attwidth><atprecis Sync="TRUE">10</atprecis><attscale Sync="TRUE">0</attscale></attr><attr><attrlabl Sync="TRUE">TFIDR</attrlabl><attalias Sync="TRUE">TFIDR</attalias><attrtype Sync="TRUE">Double</attrtype><attwidth Sync="TRUE">10</attwidth><atprecis Sync="TRUE">10</atprecis><attscale Sync="TRUE">0</attscale></attr><attr><attrlabl Sync="TRUE">MTFCC</attrlabl><attalias Sync="TRUE">MTFCC</attalias><attrtype Sync="TRUE">String</attrtype><attwidth Sync="TRUE">5</attwidth><atprecis Sync="TRUE">0</atprecis><attscale Sync="TRUE">0</attscale></attr><attr><attrlabl Sync="TRUE">FULLNAME</attrlabl><attalias Sync="TRUE">FULLNAME</attalias><attrtype Sync="TRUE">String</attrtype><attwidth Sync="TRUE">100</attwidth><atprecis Sync="TRUE">0</atprecis><attscale Sync="TRUE">0</attscale></attr><attr><attrlabl Sync="TRUE">SMID</attrlabl><attalias Sync="TRUE">SMID</attalias><attrtype Sync="TRUE">String</attrtype><attwidth Sync="TRUE">22</attwidth><atprecis Sync="TRUE">0</atprecis><attscale Sync="TRUE">0</attscale></attr><attr><attrlabl Sync="TRUE">LFROMADD</attrlabl><attalias Sync="TRUE">LFROMADD</attalias><attrtype Sync="TRUE">String</attrtype><attwidth Sync="TRUE">12</attwidth><atprecis Sync="TRUE">0</atprecis><attscale Sync="TRUE">0</attscale></attr><attr><attrlabl Sync="TRUE">LTOADD</attrlabl><attalias Sync="TRUE">LTOADD</attalias><attrtype Sync="TRUE">String</attrtype><attwidth Sync="TRUE">12</attwidth><atprecis Sync="TRUE">0</atprecis><attscale Sync="TRUE">0</attscale></attr><attr><attrlabl Sync="TRUE">RFROMADD</attrlabl><attalias Sync="TRUE">RFROMADD</attalias><attrtype Sync="TRUE">String</attrtype><attwidth Sync="TRUE">12</attwidth><atprecis Sync="TRUE">0</atprecis><attscale Sync="TRUE">0</attscale></attr><attr><attrlabl Sync="TRUE">RTOADD</attrlabl><attalias Sync="TRUE">RTOADD</attalias><attrtype Sync="TRUE">String</attrtype><attwidth Sync="TRUE">12</attwidth><atprecis Sync="TRUE">0</atprecis><attscale Sync="TRUE">0</attscale></attr><attr><attrlabl Sync="TRUE">ZIPL</attrlabl><attalias Sync="TRUE">ZIPL</attalias><attrtype Sync="TRUE">String</attrtype><attwidth Sync="TRUE">5</attwidth><atprecis Sync="TRUE">0</atprecis><attscale Sync="TRUE">0</attscale></attr><attr><attrlabl Sync="TRUE">ZIPR</attrlabl><attalias Sync="TRUE">ZIPR</attalias><attrtype Sync="TRUE">String</attrtype><attwidth Sync="TRUE">5</attwidth><atprecis Sync="TRUE">0</atprecis><attscale Sync="TRUE">0</attscale></attr><attr><attrlabl Sync="TRUE">FEATCAT</attrlabl><attalias Sync="TRUE">FEATCAT</attalias><attrtype Sync="TRUE">String</attrtype><attwidth Sync="TRUE">1</attwidth><atprecis Sync="TRUE">0</atprecis><attscale Sync="TRUE">0</attscale></attr><attr><attrlabl Sync="TRUE">HYDROFLG</attrlabl><attalias Sync="TRUE">HYDROFLG</attalias><attrtype Sync="TRUE">String</attrtype><attwidth Sync="TRUE">1</attwidth><atprecis Sync="TRUE">0</atprecis><attscale Sync="TRUE">0</attscale></attr><attr><attrlabl Sync="TRUE">RAILFLG</attrlabl><attalias Sync="TRUE">RAILFLG</attalias><attrtype Sync="TRUE">String</attrtype><attwidth Sync="TRUE">1</attwidth><atprecis Sync="TRUE">0</atprecis><attscale Sync="TRUE">0</attscale></attr><attr><attrlabl Sync="TRUE">ROADFLG</attrlabl><attalias Sync="TRUE">ROADFLG</attalias><attrtype Sync="TRUE">String</attrtype><attwidth Sync="TRUE">1</attwidth><atprecis Sync="TRUE">0</atprecis><attscale Sync="TRUE">0</attscale></attr><attr><attrlabl Sync="TRUE">OLFFLG</attrlabl><attalias Sync="TRUE">OLFFLG</attalias><attrtype Sync="TRUE">String</attrtype><attwidth Sync="TRUE">1</attwidth><atprecis Sync="TRUE">0</atprecis><attscale Sync="TRUE">0</attscale></attr><attr><attrlabl Sync="TRUE">PASSFLG</attrlabl><attalias Sync="TRUE">PASSFLG</attalias><attrtype Sync="TRUE">String</attrtype><attwidth Sync="TRUE">1</attwidth><atprecis Sync="TRUE">0</atprecis><attscale Sync="TRUE">0</attscale></attr><attr><attrlabl Sync="TRUE">DIVROAD</attrlabl><attalias Sync="TRUE">DIVROAD</attalias><attrtype Sync="TRUE">String</attrtype><attwidth Sync="TRUE">1</attwidth><atprecis Sync="TRUE">0</atprecis><attscale Sync="TRUE">0</attscale></attr><attr><attrlabl Sync="TRUE">EXTTYP</attrlabl><attalias Sync="TRUE">EXTTYP</attalias><attrtype Sync="TRUE">String</attrtype><attwidth Sync="TRUE">1</attwidth><atprecis Sync="TRUE">0</atprecis><attscale Sync="TRUE">0</attscale></attr><attr><attrlabl Sync="TRUE">TTYP</attrlabl><attalias Sync="TRUE">TTYP</attalias><attrtype Sync="TRUE">String</attrtype><attwidth Sync="TRUE">1</attwidth><atprecis Sync="TRUE">0</atprecis><attscale Sync="TRUE">0</attscale></attr><attr><attrlabl Sync="TRUE">DECKEDROAD</attrlabl><attalias Sync="TRUE">DECKEDROAD</attalias><attrtype Sync="TRUE">String</attrtype><attwidth Sync="TRUE">1</attwidth><atprecis Sync="TRUE">0</atprecis><attscale Sync="TRUE">0</attscale></attr><attr><attrlabl Sync="TRUE">ARTPATH</attrlabl><attalias Sync="TRUE">ARTPATH</attalias><attrtype Sync="TRUE">String</attrtype><attwidth Sync="TRUE">1</attwidth><atprecis Sync="TRUE">0</atprecis><attscale Sync="TRUE">0</attscale></attr><attr><attrlabl Sync="TRUE">PERSIST</attrlabl><attalias Sync="TRUE">PERSIST</attalias><attrtype Sync="TRUE">String</attrtype><attwidth Sync="TRUE">1</attwidth><atprecis Sync="TRUE">0</atprecis><attscale Sync="TRUE">0</attscale></attr><attr><attrlabl Sync="TRUE">GCSEFLG</attrlabl><attalias Sync="TRUE">GCSEFLG</attalias><attrtype Sync="TRUE">String</attrtype><attwidth Sync="TRUE">1</attwidth><atprecis Sync="TRUE">0</atprecis><attscale Sync="TRUE">0</attscale></attr><attr><attrlabl Sync="TRUE">OFFSETL</attrlabl><attalias Sync="TRUE">OFFSETL</attalias><attrtype Sync="TRUE">String</attrtype><attwidth Sync="TRUE">1</attwidth><atprecis Sync="TRUE">0</atprecis><attscale Sync="TRUE">0</attscale></attr><attr><attrlabl Sync="TRUE">OFFSETR</attrlabl><attalias Sync="TRUE">OFFSETR</attalias><attrtype Sync="TRUE">String</attrtype><attwidth Sync="TRUE">1</attwidth><atprecis Sync="TRUE">0</atprecis><attscale Sync="TRUE">0</attscale></attr><attr><attrlabl Sync="TRUE">TNIDF</attrlabl><attalias Sync="TRUE">TNIDF</attalias><attrtype Sync="TRUE">Double</attrtype><attwidth Sync="TRUE">10</attwidth><atprecis Sync="TRUE">10</atprecis><attscale Sync="TRUE">0</attscale></attr><attr><attrlabl Sync="TRUE">TNIDT</attrlabl><attalias Sync="TRUE">TNIDT</attalias><attrtype Sync="TRUE">Double</attrtype><attwidth Sync="TRUE">10</attwidth><atprecis Sync="TRUE">10</atprecis><attscale Sync="TRUE">0</attscale></attr></detailed></eainfo><dataqual><lineage><srcinfo><srcscale>
Best available source with a target scale of 1:24000 for Continental U.S., Puerto Rico, and Hawaii and 1:63360 for Alaska.
            </srcscale></srcinfo><procstep><procdesc Sync="TRUE">Metadata imported.</procdesc><srcused Sync="TRUE">C:\pvcs\IWeb\GIS\db\metadata\TRAVEL_ROUTE_RATROAD.xml</srcused><date Sync="TRUE">20070412</date><time Sync="TRUE">00545400</time></procstep><procstep><procdesc Sync="TRUE">Metadata imported.</procdesc><srcused Sync="TRUE">C:\DOCUME~1\x\LOCALS~1\Temp\TRAVEL_ROUTE_RATROAD.xml</srcused><date Sync="TRUE">20070416</date><time Sync="TRUE">03055700</time></procstep><procstep><procdesc Sync="TRUE">Metadata imported.</procdesc><srcused Sync="TRUE">C:\DOCUME~1\x\LOCALS~1\Temp\TRAVEL_ROUTE_RATROAD.xml</srcused><date Sync="TRUE">20070613</date><time Sync="TRUE">10315500</time></procstep><procstep><procdesc Sync="TRUE">Dataset copied.</procdesc><srcused Sync="TRUE">\\ds.fs.fed.us\EFS\FS\NFS\CheqNic\Project\Premigration\wstein\R09CNNF_ArcSDELegacyData2.gdb</srcused><procdate Sync="TRUE">20110316</procdate><proctime Sync="TRUE">10403400</proctime></procstep><procstep><procdesc Sync="TRUE">Dataset copied.</procdesc><srcused Sync="TRUE">Server=idb.fs.fed.us; Service=sde:oracle9i::g_r09_cnnf; User=[s_r09_cnnf]; Version=G_R09_CNNF.DEFAULT</srcused><procdate Sync="TRUE">20110321</procdate><proctime Sync="TRUE">15254100</proctime></procstep><procstep><procdesc Sync="TRUE">Dataset copied.</procdesc><srcused Sync="TRUE">\\ds.fs.fed.us\EFS\FS\NFS\CheqNic\Project\Premigration\mlsadak\scratch_workspace.gdb</srcused><procdate Sync="TRUE">20110411</procdate><proctime Sync="TRUE">08025900</proctime></procstep><procstep><procdesc>Attribute columns for Name and Data Source were updated to be data dictionary compliant.</procdesc><procdate>20120420</procdate></procstep><srcinfo><citeinfo><title>Roads with Core Attributes RSW</title><othercit></othercit></citeinfo><srctime><timeinfo><sngdate><caldate>20140820</caldate></sngdate></timeinfo><srccurr>publication date</srccurr></srctime><srccitea>Roads with Core Attributes RSW</srccitea><srccontr>Geospatial Interface Visualization: 
HelpId: 690
DistributedIndicator: Y
ProcessId: e30193a9-b312-4544-a751-a16764ccb365
ProcessName: Roads with Core Attributes RSW
OwnerName: GI CO-OP
Registry: GI COOPERATION
ProcessType: Visualization
Purpose: Creates an new output road layer and adds the following fields from the NRM database: name, lanes, service life, system, surface type, jurisdiction, objective maintenance level, operational maintenance level, route status, functional class and primary maintainer. 

PreRequisites: Runs on a GIS road layer that matches the 2008 Data Dictionary Standard.    The road layer must have rte_cn populated so it will join to IWeb data.  
Results: The output layer will be added to your ArcMap project and will be named RoadsWithCoreAttributesRSW.
Once the output layer is created you can apply additional visualizations by highlighting the RoadsWithCoreAttributesRSW layer and clicking the visualization button.
DetailsUrl: 
StandardsUrl: http://basenet.fs.fed.us/products/gis/MetadataHTM/Transportation/Road.xml
Contact: GI CO-OP
CreatedBy: 
CreatedDate: 6/26/2009 3:10:04 PM
ModifiedBy: EODONNELL02
ModifiedDate: 7/15/2014 5:43:04 PM

Assigned Keywords: 
Transportation
Road
Travel Management


Conn Set at Report Generation: Citrix CNNF Connection Set

</srccontr></srcinfo><srcinfo><citeinfo><title>Road</title><othercit></othercit></citeinfo><srctime><timeinfo><sngdate><caldate>20140820</caldate></sngdate></timeinfo><srccurr>publication date</srccurr></srctime><srccitea>SERVER=iwebdb;INSTANCE=sde:oracle11g:iwebdb;DBCLIENT=oracle;USER=FS_PUBLIC_READ;VERSION=S_R09_CN.R09_CN_LIB\S_R09_CN.Transportation\S_R09_CN.Road</srccitea></srcinfo><srcinfo><citeinfo><title>qryRswRoadsWithAttributes</title><othercit></othercit></citeinfo><srctime><timeinfo><sngdate><caldate>20140820</caldate></sngdate></timeinfo><srccurr>publication date</srccurr></srctime><srccitea>qryRswRoadsWithAttributes</srccitea><srccontr>Resolved Query SQL: 
select distinct RTE_CN,                  ID,                  BMP,                  EMP,                  NAME,                  BEGIN_TERMINI,                  END_TERMINI,                  SEG_LENGTH,                  ADMIN_ORG,                  FUNCTIONAL_CLASS,                  JURISDICTION,                  LANES,                  SYSTEM,                  OBJECTIVE_MAINT_LEVEL,                  OPER_MAINT_LEVEL,                  PRIMARY_MAINTAINER,                  ROUTE_STATUS,                  SERVICE_LIFE,                  SURFACE_TYPE,                  comments,                   Security_ID    from ii_road_core, gi_gui_selection   where gi_gui_selection.feature_cn = rte_cn     and RUNTIME_LAYER_ID = '563506365'        order by rte_cn</srccontr></srcinfo><procstep><procdesc>Process Step for Roads with Core Attributes RSW: 
Step Name: RoadsWithAttributes
Step Type: RSW
Sequence: 0
Required: False
Minimum Inputs: 2
Is Distributed: Y
Help ID: 290
Output Feature Template: RoadsWithCoreAttributesRSW
Do not prompt user for selection: True
Each run has own output: False
Input Feature Template: Road
Feature Include Fields: (None)
Feature Join Field: RTE_CN
Query Join Field: RTE_CN
Dyn Seg Mode: Line
Join Cardinality: ManyToMany
Is Outer Join: False
Rt Bmp: BMP
Rt Emp: EMP

Query Name: qryRswRoadsWithAttributes

Query will run on 'NRM Oracle Prod for REGION 09' connection in the current conn set.

SQL: 

select distinct RTE_CN,
                ID,
                BMP,
                EMP,
                NAME,
                BEGIN_TERMINI,
                END_TERMINI,
                SEG_LENGTH,
                ADMIN_ORG,
                FUNCTIONAL_CLASS,
                JURISDICTION,
                LANES,
                SYSTEM,
                OBJECTIVE_MAINT_LEVEL,
                OPER_MAINT_LEVEL,
                PRIMARY_MAINTAINER,
                ROUTE_STATUS,
                SERVICE_LIFE,
                SURFACE_TYPE,
                comments, 
                Security_ID
  from ii_road_core, gi_gui_selection
 where gi_gui_selection.feature_cn = rte_cn
   and runtime_layer_id = ?
   
 order by rte_cn


Parameters (0): 

Column Options:

   Column Name: comments
   Length: Max

</procdesc><procdate>20140820</procdate><proccont><cntinfo><cntorgp><cntorg>USDA Forest Service</cntorg></cntorgp></cntinfo></proccont><srcused>Roads with Core Attributes RSW</srcused><srcused>SERVER=iwebdb;INSTANCE=sde:oracle11g:iwebdb;DBCLIENT=oracle;USER=FS_PUBLIC_READ;VERSION=S_R09_CN.R09_CN_LIB\S_R09_CN.Transportation\S_R09_CN.Road</srcused><srcused>qryRswRoadsWithAttributes</srcused><srcprod>T:\FS\NFS\ChequamegonNicolet\Program\6800InformationMgmt\GIS\dveen\citrix_output\RoadsWithCoreAttributesRSW.mdb\RoadsWithCoreAttributesRSW</srcprod></procstep></lineage><posacc><horizpa><horizpar>
Accuracy testing must use NSSDA testing guidelines or be reported based on compiled, published test reports appropriate for the data collection method and equipment. The method of determining accuracy should be documented in the process step of the dataset metadata record.  If published accuracy results are used, use the statement 'Compiled to meet ___ (meters, feet) horizontal accuracy at 95% confidence interval' in the metadata record, and identify the testing source used. If accuracy is locally tested to NSSDA standards, the statement 'Tested to meet ___ (meters, feet) horizontal accuracy at 95% confidence interval' should be added to the metadata record. 
Accuracy for legacy data may be reported according to the accuracy standard in place at the time of data collection (typically National Map Accuracy Standards).  Document the standard used in the metadata record.
(For more information, see: http://www.fgdc.gov/standards/documents/standards/accuracy/chapter3.pdf)
            </horizpar></horizpa></posacc></dataqual><spref><horizsys><cordsysn><geogcsn>
Forest appropriate. Metadata record must include complete projection definition.  Projection information must be attached to dataset.  NAD83 (for geodatabase). Forest appropriate for coverage data model. Metadata record must include complete projection definition.  Projection information must be attached to dataset. Forest appropriate. Metadata record must include complete projection definition.  Projection information must be attached to dataset.
            </geogcsn><projcsn Sync="TRUE">NAD_1983_HARN_Wisconsin_TM</projcsn></cordsysn><planar><planci><plance Sync="TRUE">coordinate pair</plance><plandu Sync="TRUE">meters</plandu><coordrep><absres Sync="TRUE">0.000100</absres><ordres Sync="TRUE">0.000100</ordres></coordrep></planci></planar><geodetic><horizdn Sync="TRUE">D_North_American_1983_HARN</horizdn><ellips Sync="TRUE">Geodetic Reference System 80</ellips><semiaxis Sync="TRUE">6378137.000000</semiaxis><denflat Sync="TRUE">298.257222</denflat></geodetic></horizsys><vertdef><altsys><altenc Sync="TRUE">Explicit elevation coordinate included with horizontal coordinates</altenc><altres Sync="TRUE">1.000000</altres></altsys></vertdef></spref><refSysInfo><RefSystem><refSysID><identCode Sync="TRUE" value="3071" code="32616">NAD_1983_HARN_Wisconsin_TM</identCode><idCodeSpace Sync="TRUE">EPSG</idCodeSpace><idVersion Sync="TRUE">8.2.6</idVersion></refSysID></RefSystem></refSysInfo></metadata>
