<?xml version="1.0" encoding="UTF-8"?>
<metadata xml:lang="en"><Esri><CreaDate>20191204</CreaDate><CreaTime>21580200</CreaTime><ArcGISFormat>1.0</ArcGISFormat><SyncOnce>FALSE</SyncOnce><DataProperties><itemProps><itemLocation><linkage Sync="TRUE">file://\\eco.neoninternal.org\neon\Science\GISData\TOS\TOS_Plot_Data\roads\06_R_UKFS_Roads</linkage><protocol Sync="TRUE">Local Area Network</protocol></itemLocation></itemProps><copyHistory><copy source="N:\Science\GISData\TOS\TOS_Plot_Data\06_PrairiePeninsula\REL2_UKFS\Site_Information\06_R_UKFS_Roads" dest="\\eco.neoninternal.org\neon\Science\GISData\TOS\TOS_Plot_Data\roads\06_R_UKFS_Roads" date="20191204" time="21580200"></copy></copyHistory><lineage><Process ToolSource="C:\Program Files (x86)\ArcGIS\ArcToolbox\Toolboxes\Data Management Tools.tbx\Merge" Date="20120830" Time="111746">Merge access;Roads;Driveway_to_Fitch_house A:\NEON_INTERNAL_DATA\Site_GIS_Data_03162012\06_PrairiePenin\6_REL_UKFieldStation\6_RawData\Exclusions\All_Roads_Merge.shp "TYPE 'TYPE' true true false 10 Text 0 0 ,First,#,access,TYPE,-1,-1,Roads,TYPE,-1,-1;IDENT 'IDENT' true true false 24 Text 0 0 ,First,#,access,IDENT,-1,-1;LAT 'LAT' true true false 18 Double 8 17 ,First,#,access,LAT,-1,-1;LONG 'LONG' true true false 18 Double 8 17 ,First,#,access,LONG,-1,-1;Y_PROJ 'Y_PROJ' true true false 18 Double 8 17 ,First,#,access,Y_PROJ,-1,-1;X_PROJ 'X_PROJ' true true false 18 Double 8 17 ,First,#,access,X_PROJ,-1,-1;NEW_SEG 'NEW_SEG' true true false 10 Text 0 0 ,First,#,access,NEW_SEG,-1,-1;DISPLAY 'DISPLAY' true true false 10 Text 0 0 ,First,#,access,DISPLAY,-1,-1;COLOR 'COLOR' true true false 10 Text 0 0 ,First,#,access,COLOR,-1,-1;ALTITUDE 'ALTITUDE' true true false 12 Double 2 11 ,First,#,access,ALTITUDE,-1,-1;DEPTH 'DEPTH' true true false 12 Double 2 11 ,First,#,access,DEPTH,-1,-1;TEMP 'TEMP' true true false 12 Double 2 11 ,First,#,access,TEMP,-1,-1;TIME 'TIME' true true false 20 Text 0 0 ,First,#,access,TIME,-1,-1;MODEL 'MODEL' true true false 20 Text 0 0 ,First,#,access,MODEL,-1,-1;FILENAME 'FILENAME' true true false 254 Text 0 0 ,First,#,access,FILENAME,-1,-1;LTIME 'LTIME' true true false 20 Text 0 0 ,First,#,access,LTIME,-1,-1;ObjectID 'ObjectID' true true false 9 Long 0 9 ,First,#,Roads,ObjectID,-1,-1;L_F_ADD 'L_F_ADD' true true false 10 Double 0 10 ,First,#,Roads,L_F_ADD,-1,-1;L_T_ADD 'L_T_ADD' true true false 10 Double 0 10 ,First,#,Roads,L_T_ADD,-1,-1;R_F_ADD 'R_F_ADD' true true false 10 Double 0 10 ,First,#,Roads,R_F_ADD,-1,-1;R_T_ADD 'R_T_ADD' true true false 10 Double 0 10 ,First,#,Roads,R_T_ADD,-1,-1;PREFIX 'PREFIX' true true false 2 Text 0 0 ,First,#,Roads,PREFIX,-1,-1;PRETYPE 'PRETYPE' true true false 20 Text 0 0 ,First,#,Roads,PRETYPE,-1,-1;NAME 'NAME' true true false 40 Text 0 0 ,First,#,Roads,NAME,-1,-1;SUFFIX 'SUFFIX' true true false 2 Text 0 0 ,First,#,Roads,SUFFIX,-1,-1;PREFIX1 'PREFIX1' true true false 2 Text 0 0 ,First,#,Roads,PREFIX1,-1,-1;PRETYPE1 'PRETYPE1' true true false 20 Text 0 0 ,First,#,Roads,PRETYPE1,-1,-1;NAME1 'NAME1' true true false 40 Text 0 0 ,First,#,Roads,NAME1,-1,-1;TYPE1 'TYPE1' true true false 20 Text 0 0 ,First,#,Roads,TYPE1,-1,-1;SUFFIX1 'SUFFIX1' true true false 2 Text 0 0 ,First,#,Roads,SUFFIX1,-1,-1;PREFIX2 'PREFIX2' true true false 2 Text 0 0 ,First,#,Roads,PREFIX2,-1,-1;PRETYPE2 'PRETYPE2' true true false 20 Text 0 0 ,First,#,Roads,PRETYPE2,-1,-1;NAME2 'NAME2' true true false 40 Text 0 0 ,First,#,Roads,NAME2,-1,-1;TYPE2 'TYPE2' true true false 20 Text 0 0 ,First,#,Roads,TYPE2,-1,-1;SUFFIX2 'SUFFIX2' true true false 2 Text 0 0 ,First,#,Roads,SUFFIX2,-1,-1;PREFIX3 'PREFIX3' true true false 2 Text 0 0 ,First,#,Roads,PREFIX3,-1,-1;PRETYPE3 'PRETYPE3' true true false 20 Text 0 0 ,First,#,Roads,PRETYPE3,-1,-1;NAME3 'NAME3' true true false 40 Text 0 0 ,First,#,Roads,NAME3,-1,-1;TYPE3 'TYPE3' true true false 20 Text 0 0 ,First,#,Roads,TYPE3,-1,-1;SUFFIX3 'SUFFIX3' true true false 2 Text 0 0 ,First,#,Roads,SUFFIX3,-1,-1;PREFIX4 'PREFIX4' true true false 2 Text 0 0 ,First,#,Roads,PREFIX4,-1,-1;PRETYPE4 'PRETYPE4' true true false 20 Text 0 0 ,First,#,Roads,PRETYPE4,-1,-1;NAME4 'NAME4' true true false 40 Text 0 0 ,First,#,Roads,NAME4,-1,-1;TYPE4 'TYPE4' true true false 20 Text 0 0 ,First,#,Roads,TYPE4,-1,-1;SUFFIX4 'SUFFIX4' true true false 2 Text 0 0 ,First,#,Roads,SUFFIX4,-1,-1;PREFIX5 'PREFIX5' true true false 2 Text 0 0 ,First,#,Roads,PREFIX5,-1,-1;PRETYPE5 'PRETYPE5' true true false 20 Text 0 0 ,First,#,Roads,PRETYPE5,-1,-1;NAME5 'NAME5' true true false 40 Text 0 0 ,First,#,Roads,NAME5,-1,-1;TYPE5 'TYPE5' true true false 20 Text 0 0 ,First,#,Roads,TYPE5,-1,-1;SUFFIX5 'SUFFIX5' true true false 2 Text 0 0 ,First,#,Roads,SUFFIX5,-1,-1;SHIELD 'SHIELD' true true false 1 Text 0 0 ,First,#,Roads,SHIELD,-1,-1;HWY_NUM 'HWY_NUM' true true false 5 Text 0 0 ,First,#,Roads,HWY_NUM,-1,-1;FCC 'FCC' true true false 3 Text 0 0 ,First,#,Roads,FCC,-1,-1;ACC 'ACC' true true false 1 Text 0 0 ,First,#,Roads,ACC,-1,-1;TOLL 'TOLL' true true false 1 Text 0 0 ,First,#,Roads,TOLL,-1,-1;SPEED 'SPEED' true true false 5 Long 0 5 ,First,#,Roads,SPEED,-1,-1;ONE_WAY 'ONE_WAY' true true false 2 Text 0 0 ,First,#,Roads,ONE_WAY,-1,-1;F_ZLEV 'F_ZLEV' true true false 5 Long 0 5 ,First,#,Roads,F_ZLEV,-1,-1;T_ZLEV 'T_ZLEV' true true false 5 Long 0 5 ,First,#,Roads,T_ZLEV,-1,-1;POSTAL_L 'POSTAL_L' true true false 5 Text 0 0 ,First,#,Roads,POSTAL_L,-1,-1;POSTAL_R 'POSTAL_R' true true false 5 Text 0 0 ,First,#,Roads,POSTAL_R,-1,-1;GEONAME_L 'GEONAME_L' true true false 40 Text 0 0 ,First,#,Roads,GEONAME_L,-1,-1;GEONAME_R 'GEONAME_R' true true false 40 Text 0 0 ,First,#,Roads,GEONAME_R,-1,-1;STATE_L 'STATE_L' true true false 2 Text 0 0 ,First,#,Roads,STATE_L,-1,-1;STATE_R 'STATE_R' true true false 10 Text 0 0 ,First,#,Roads,STATE_R,-1,-1;STATE_NAME 'STATE_NAME' true true false 40 Text 0 0 ,First,#,Roads,STATE_NAME,-1,-1;COUNTRY 'COUNTRY' true true false 3 Text 0 0 ,First,#,Roads,COUNTRY,-1,-1;Id 'Id' true true false 6 Long 0 6 ,First,#,Driveway_to_Fitch_house,Id,-1,-1;Label 'Label' true true false 50 Text 0 0 ,First,#,Driveway_to_Fitch_house,Label,-1,-1;Tract 'Tract' true true false 50 Text 0 0 ,First,#,Driveway_to_Fitch_house,Tract,-1,-1"</Process></lineage></DataProperties><SyncDate>20120830</SyncDate><SyncTime>11174400</SyncTime><ModDate>20120830</ModDate><ModTime>11174400</ModTime></Esri><idinfo><native Sync="TRUE">Microsoft Windows Vista Version 6.1 (Build 7601) Service Pack 1; ESRI ArcCatalog 9.3.1.1850</native><descript><langdata Sync="TRUE">en</langdata><abstract>REQUIRED: A brief narrative summary of the data set.</abstract><purpose>REQUIRED: A summary of the intentions with which the data set was developed.</purpose></descript><citation><citeinfo><origin>REQUIRED: The name of an organization or individual that developed the data set.</origin><pubdate>REQUIRED: The date when the data set is published or otherwise made available for release.</pubdate><title Sync="TRUE">All_Roads_Merge</title><ftname Sync="TRUE">All_Roads_Merge</ftname><geoform Sync="TRUE">vector digital data</geoform><onlink Sync="TRUE">\\nas2fs\GIS1\NEON_INTERNAL_DATA\Site_GIS_Data_03162012\06_PrairiePenin\6_REL_UKFieldStation\6_RawData\Exclusions\All_Roads_Merge.shp</onlink></citeinfo></citation><timeperd><current>REQUIRED: The basis on which the time period of content information is determined.</current><timeinfo><sngdate><caldate>REQUIRED: The year (and optionally month, or month and day) for which the data set corresponds to the ground.</caldate></sngdate></timeinfo></timeperd><status><progress>REQUIRED: The state of the data set.</progress><update>REQUIRED: The frequency with which changes and additions are made to the data set after the initial data set is completed.</update></status><spdom><bounding><westbc Sync="TRUE">REQUIRED: Western-most coordinate of the limit of coverage expressed in longitude.</westbc><eastbc Sync="TRUE">REQUIRED: Eastern-most coordinate of the limit of coverage expressed in longitude.</eastbc><northbc Sync="TRUE">REQUIRED: Northern-most coordinate of the limit of coverage expressed in latitude.</northbc><southbc Sync="TRUE">REQUIRED: Southern-most coordinate of the limit of coverage expressed in latitude.</southbc></bounding></spdom><keywords><theme><themekt>REQUIRED: Reference to a formally registered thesaurus or a similar authoritative source of theme keywords.</themekt><themekey>REQUIRED: Common-use word or phrase used to describe the subject of the data set.</themekey></theme></keywords><accconst>REQUIRED: Restrictions and legal prerequisites for accessing the data set.</accconst><useconst>REQUIRED: Restrictions and legal prerequisites for using the data set after access is granted.</useconst><natvform Sync="TRUE">Shapefile</natvform></idinfo><dataIdInfo><envirDesc Sync="TRUE">Microsoft Windows Vista Version 6.1 (Build 7601) Service Pack 1; ESRI ArcCatalog 9.3.1.1850</envirDesc><dataLang><languageCode Sync="TRUE" value="en"></languageCode></dataLang><idCitation><resTitle Sync="TRUE">All_Roads_Merge</resTitle><presForm><PresFormCd Sync="TRUE" value="005"></PresFormCd></presForm></idCitation><spatRpType><SpatRepTypCd Sync="TRUE" value="001"></SpatRepTypCd></spatRpType></dataIdInfo><metainfo><langmeta Sync="TRUE">en</langmeta><metstdn Sync="TRUE">FGDC Content Standards for Digital Geospatial Metadata</metstdn><metstdv Sync="TRUE">FGDC-STD-001-1998</metstdv><mettc Sync="TRUE">local time</mettc><metextns><onlink Sync="TRUE">http://www.esri.com/metadata/esriprof80.html</onlink><metprof Sync="TRUE">ESRI Metadata Profile</metprof></metextns><metc><cntinfo><cntorgp><cntper>REQUIRED: The person responsible for the metadata information.</cntper><cntorg>REQUIRED: The organization responsible for the metadata information.</cntorg></cntorgp><cntaddr><addrtype>REQUIRED: The mailing and/or physical address for the organization or individual.</addrtype><city>REQUIRED: The city of the address.</city><state>REQUIRED: The state or province of the address.</state><postal>REQUIRED: The ZIP or other postal code of the address.</postal></cntaddr><cntvoice>REQUIRED: The telephone number by which individuals can speak to the organization or individual.</cntvoice></cntinfo></metc><metd Sync="TRUE">20120830</metd></metainfo><mdLang><languageCode Sync="TRUE" value="en"></languageCode></mdLang><mdStanName Sync="TRUE">ISO 19115 Geographic Information - Metadata</mdStanName><mdStanVer Sync="TRUE">DIS_ESRI1.0</mdStanVer><mdChar><CharSetCd Sync="TRUE" value="004"></CharSetCd></mdChar><mdHrLv><ScopeCd Sync="TRUE" value="005"></ScopeCd></mdHrLv><mdHrLvName Sync="TRUE">dataset</mdHrLvName><distinfo><resdesc Sync="TRUE">Downloadable Data</resdesc><stdorder><digform><digtinfo><transize Sync="TRUE">0.000</transize><dssize Sync="TRUE">0.000</dssize></digtinfo></digform></stdorder></distinfo><distInfo><distributor><distorTran><onLineSrc><orDesc Sync="TRUE">002</orDesc><linkage Sync="TRUE">file://\\nas2fs\GIS1\NEON_INTERNAL_DATA\Site_GIS_Data_03162012\06_PrairiePenin\6_REL_UKFieldStation\6_RawData\Exclusions\All_Roads_Merge.shp</linkage><protocol Sync="TRUE">Local Area Network</protocol></onLineSrc><transSize Sync="TRUE">0.000</transSize></distorTran><distorFormat><formatName Sync="TRUE">Shapefile</formatName></distorFormat></distributor></distInfo><spdoinfo><direct Sync="TRUE">Vector</direct><ptvctinf><esriterm Name="All_Roads_Merge"><efeatyp Sync="TRUE">Simple</efeatyp><efeageom Sync="TRUE">Polyline</efeageom><esritopo Sync="TRUE">FALSE</esritopo><efeacnt Sync="TRUE">0</efeacnt><spindex Sync="TRUE">FALSE</spindex><linrefer Sync="TRUE">FALSE</linrefer></esriterm><sdtsterm Name="All_Roads_Merge"><sdtstype Sync="TRUE">String</sdtstype><ptvctcnt Sync="TRUE">0</ptvctcnt></sdtsterm></ptvctinf></spdoinfo><spref><horizsys><cordsysn><geogcsn Sync="TRUE">GCS_WGS_1984</geogcsn><projcsn Sync="TRUE">WGS_1984_UTM_Zone_15N</projcsn></cordsysn><planar><gridsys><gridsysn Sync="TRUE">Universal Transverse Mercator</gridsysn><utm><utmzone Sync="TRUE">15</utmzone><transmer><sfctrmer Sync="TRUE">0.999600</sfctrmer><longcm Sync="TRUE">-93.000000</longcm><latprjo Sync="TRUE">0.000000</latprjo><feast Sync="TRUE">500000.000000</feast><fnorth Sync="TRUE">0.000000</fnorth></transmer></utm></gridsys><planci><plance Sync="TRUE">coordinate pair</plance><plandu Sync="TRUE">meters</plandu><coordrep><absres Sync="TRUE">0.000000</absres><ordres Sync="TRUE">0.000000</ordres></coordrep></planci></planar><geodetic><horizdn Sync="TRUE">D_WGS_1984</horizdn><ellips Sync="TRUE">WGS_1984</ellips><semiaxis Sync="TRUE">6378137.000000</semiaxis><denflat Sync="TRUE">298.257224</denflat></geodetic></horizsys></spref><refSysInfo><RefSystem><refSysID><identCode Sync="TRUE">WGS_1984_UTM_Zone_15N</identCode></refSysID></RefSystem></refSysInfo><spatRepInfo><VectSpatRep><topLvl><TopoLevCd Sync="TRUE" value="001"></TopoLevCd></topLvl><geometObjs Name="All_Roads_Merge"><geoObjTyp><GeoObjTypCd Sync="TRUE" value="001"></GeoObjTypCd></geoObjTyp><geoObjCnt Sync="TRUE">0</geoObjCnt></geometObjs></VectSpatRep></spatRepInfo><eainfo><detailed Name="All_Roads_Merge"><enttyp><enttypl Sync="TRUE">All_Roads_Merge</enttypl><enttypt Sync="TRUE">Feature Class</enttypt><enttypc Sync="TRUE">0</enttypc></enttyp><attr><attrlabl Sync="TRUE">FID</attrlabl><attalias Sync="TRUE">FID</attalias><attrtype Sync="TRUE">OID</attrtype><attwidth Sync="TRUE">4</attwidth><atprecis Sync="TRUE">0</atprecis><attscale Sync="TRUE">0</attscale><attrdef Sync="TRUE">Internal feature number.</attrdef><attrdefs Sync="TRUE">ESRI</attrdefs><attrdomv><udom Sync="TRUE">Sequential unique whole numbers that are automatically generated.</udom></attrdomv></attr><attr><attrlabl Sync="TRUE">Shape</attrlabl><attalias Sync="TRUE">Shape</attalias><attrtype Sync="TRUE">Geometry</attrtype><attwidth Sync="TRUE">0</attwidth><atprecis Sync="TRUE">0</atprecis><attscale Sync="TRUE">0</attscale><attrdef Sync="TRUE">Feature geometry.</attrdef><attrdefs Sync="TRUE">ESRI</attrdefs><attrdomv><udom Sync="TRUE">Coordinates defining the features.</udom></attrdomv></attr><attr><attrlabl Sync="TRUE">TYPE</attrlabl><attalias Sync="TRUE">TYPE</attalias><attrtype Sync="TRUE">String</attrtype><attwidth Sync="TRUE">10</attwidth></attr><attr><attrlabl Sync="TRUE">IDENT</attrlabl><attalias Sync="TRUE">IDENT</attalias><attrtype Sync="TRUE">String</attrtype><attwidth Sync="TRUE">24</attwidth></attr><attr><attrlabl Sync="TRUE">LAT</attrlabl><attalias Sync="TRUE">LAT</attalias><attrtype Sync="TRUE">Number</attrtype><attwidth Sync="TRUE">18</attwidth><atnumdec Sync="TRUE">8</atnumdec></attr><attr><attrlabl Sync="TRUE">LONG</attrlabl><attalias Sync="TRUE">LONG</attalias><attrtype Sync="TRUE">Number</attrtype><attwidth Sync="TRUE">18</attwidth><atnumdec Sync="TRUE">8</atnumdec></attr><attr><attrlabl Sync="TRUE">Y_PROJ</attrlabl><attalias Sync="TRUE">Y_PROJ</attalias><attrtype Sync="TRUE">Number</attrtype><attwidth Sync="TRUE">18</attwidth><atnumdec Sync="TRUE">8</atnumdec></attr><attr><attrlabl Sync="TRUE">X_PROJ</attrlabl><attalias Sync="TRUE">X_PROJ</attalias><attrtype Sync="TRUE">Number</attrtype><attwidth Sync="TRUE">18</attwidth><atnumdec Sync="TRUE">8</atnumdec></attr><attr><attrlabl Sync="TRUE">NEW_SEG</attrlabl><attalias Sync="TRUE">NEW_SEG</attalias><attrtype Sync="TRUE">String</attrtype><attwidth Sync="TRUE">10</attwidth></attr><attr><attrlabl Sync="TRUE">DISPLAY</attrlabl><attalias Sync="TRUE">DISPLAY</attalias><attrtype Sync="TRUE">String</attrtype><attwidth Sync="TRUE">10</attwidth></attr><attr><attrlabl Sync="TRUE">COLOR</attrlabl><attalias Sync="TRUE">COLOR</attalias><attrtype Sync="TRUE">String</attrtype><attwidth Sync="TRUE">10</attwidth></attr><attr><attrlabl Sync="TRUE">ALTITUDE</attrlabl><attalias Sync="TRUE">ALTITUDE</attalias><attrtype Sync="TRUE">Number</attrtype><attwidth Sync="TRUE">12</attwidth><atnumdec Sync="TRUE">2</atnumdec></attr><attr><attrlabl Sync="TRUE">DEPTH</attrlabl><attalias Sync="TRUE">DEPTH</attalias><attrtype Sync="TRUE">Number</attrtype><attwidth Sync="TRUE">12</attwidth><atnumdec Sync="TRUE">2</atnumdec></attr><attr><attrlabl Sync="TRUE">TEMP</attrlabl><attalias Sync="TRUE">TEMP</attalias><attrtype Sync="TRUE">Number</attrtype><attwidth Sync="TRUE">12</attwidth><atnumdec Sync="TRUE">2</atnumdec></attr><attr><attrlabl Sync="TRUE">TIME</attrlabl><attalias Sync="TRUE">TIME</attalias><attrtype Sync="TRUE">String</attrtype><attwidth Sync="TRUE">20</attwidth></attr><attr><attrlabl Sync="TRUE">MODEL</attrlabl><attalias Sync="TRUE">MODEL</attalias><attrtype Sync="TRUE">String</attrtype><attwidth Sync="TRUE">20</attwidth></attr><attr><attrlabl Sync="TRUE">FILENAME</attrlabl><attalias Sync="TRUE">FILENAME</attalias><attrtype Sync="TRUE">String</attrtype><attwidth Sync="TRUE">254</attwidth></attr><attr><attrlabl Sync="TRUE">LTIME</attrlabl><attalias Sync="TRUE">LTIME</attalias><attrtype Sync="TRUE">String</attrtype><attwidth Sync="TRUE">20</attwidth></attr><attr><attrlabl Sync="TRUE">ObjectID</attrlabl><attalias Sync="TRUE">ObjectID</attalias><attrtype Sync="TRUE">Number</attrtype><attwidth Sync="TRUE">9</attwidth></attr><attr><attrlabl Sync="TRUE">L_F_ADD</attrlabl><attalias Sync="TRUE">L_F_ADD</attalias><attrtype Sync="TRUE">Number</attrtype><attwidth Sync="TRUE">10</attwidth></attr><attr><attrlabl Sync="TRUE">L_T_ADD</attrlabl><attalias Sync="TRUE">L_T_ADD</attalias><attrtype Sync="TRUE">Number</attrtype><attwidth Sync="TRUE">10</attwidth></attr><attr><attrlabl Sync="TRUE">R_F_ADD</attrlabl><attalias Sync="TRUE">R_F_ADD</attalias><attrtype Sync="TRUE">Number</attrtype><attwidth Sync="TRUE">10</attwidth></attr><attr><attrlabl Sync="TRUE">R_T_ADD</attrlabl><attalias Sync="TRUE">R_T_ADD</attalias><attrtype Sync="TRUE">Number</attrtype><attwidth Sync="TRUE">10</attwidth></attr><attr><attrlabl Sync="TRUE">PREFIX</attrlabl><attalias Sync="TRUE">PREFIX</attalias><attrtype Sync="TRUE">String</attrtype><attwidth Sync="TRUE">2</attwidth></attr><attr><attrlabl Sync="TRUE">PRETYPE</attrlabl><attalias Sync="TRUE">PRETYPE</attalias><attrtype Sync="TRUE">String</attrtype><attwidth Sync="TRUE">20</attwidth></attr><attr><attrlabl Sync="TRUE">NAME</attrlabl><attalias Sync="TRUE">NAME</attalias><attrtype Sync="TRUE">String</attrtype><attwidth Sync="TRUE">40</attwidth></attr><attr><attrlabl Sync="TRUE">SUFFIX</attrlabl><attalias Sync="TRUE">SUFFIX</attalias><attrtype Sync="TRUE">String</attrtype><attwidth Sync="TRUE">2</attwidth></attr><attr><attrlabl Sync="TRUE">PREFIX1</attrlabl><attalias Sync="TRUE">PREFIX1</attalias><attrtype Sync="TRUE">String</attrtype><attwidth Sync="TRUE">2</attwidth></attr><attr><attrlabl Sync="TRUE">PRETYPE1</attrlabl><attalias Sync="TRUE">PRETYPE1</attalias><attrtype Sync="TRUE">String</attrtype><attwidth Sync="TRUE">20</attwidth></attr><attr><attrlabl Sync="TRUE">NAME1</attrlabl><attalias Sync="TRUE">NAME1</attalias><attrtype Sync="TRUE">String</attrtype><attwidth Sync="TRUE">40</attwidth></attr><attr><attrlabl Sync="TRUE">TYPE1</attrlabl><attalias Sync="TRUE">TYPE1</attalias><attrtype Sync="TRUE">String</attrtype><attwidth Sync="TRUE">20</attwidth></attr><attr><attrlabl Sync="TRUE">SUFFIX1</attrlabl><attalias Sync="TRUE">SUFFIX1</attalias><attrtype Sync="TRUE">String</attrtype><attwidth Sync="TRUE">2</attwidth></attr><attr><attrlabl Sync="TRUE">PREFIX2</attrlabl><attalias Sync="TRUE">PREFIX2</attalias><attrtype Sync="TRUE">String</attrtype><attwidth Sync="TRUE">2</attwidth></attr><attr><attrlabl Sync="TRUE">PRETYPE2</attrlabl><attalias Sync="TRUE">PRETYPE2</attalias><attrtype Sync="TRUE">String</attrtype><attwidth Sync="TRUE">20</attwidth></attr><attr><attrlabl Sync="TRUE">NAME2</attrlabl><attalias Sync="TRUE">NAME2</attalias><attrtype Sync="TRUE">String</attrtype><attwidth Sync="TRUE">40</attwidth></attr><attr><attrlabl Sync="TRUE">TYPE2</attrlabl><attalias Sync="TRUE">TYPE2</attalias><attrtype Sync="TRUE">String</attrtype><attwidth Sync="TRUE">20</attwidth></attr><attr><attrlabl Sync="TRUE">SUFFIX2</attrlabl><attalias Sync="TRUE">SUFFIX2</attalias><attrtype Sync="TRUE">String</attrtype><attwidth Sync="TRUE">2</attwidth></attr><attr><attrlabl Sync="TRUE">PREFIX3</attrlabl><attalias Sync="TRUE">PREFIX3</attalias><attrtype Sync="TRUE">String</attrtype><attwidth Sync="TRUE">2</attwidth></attr><attr><attrlabl Sync="TRUE">PRETYPE3</attrlabl><attalias Sync="TRUE">PRETYPE3</attalias><attrtype Sync="TRUE">String</attrtype><attwidth Sync="TRUE">20</attwidth></attr><attr><attrlabl Sync="TRUE">NAME3</attrlabl><attalias Sync="TRUE">NAME3</attalias><attrtype Sync="TRUE">String</attrtype><attwidth Sync="TRUE">40</attwidth></attr><attr><attrlabl Sync="TRUE">TYPE3</attrlabl><attalias Sync="TRUE">TYPE3</attalias><attrtype Sync="TRUE">String</attrtype><attwidth Sync="TRUE">20</attwidth></attr><attr><attrlabl Sync="TRUE">SUFFIX3</attrlabl><attalias Sync="TRUE">SUFFIX3</attalias><attrtype Sync="TRUE">String</attrtype><attwidth Sync="TRUE">2</attwidth></attr><attr><attrlabl Sync="TRUE">PREFIX4</attrlabl><attalias Sync="TRUE">PREFIX4</attalias><attrtype Sync="TRUE">String</attrtype><attwidth Sync="TRUE">2</attwidth></attr><attr><attrlabl Sync="TRUE">PRETYPE4</attrlabl><attalias Sync="TRUE">PRETYPE4</attalias><attrtype Sync="TRUE">String</attrtype><attwidth Sync="TRUE">20</attwidth></attr><attr><attrlabl Sync="TRUE">NAME4</attrlabl><attalias Sync="TRUE">NAME4</attalias><attrtype Sync="TRUE">String</attrtype><attwidth Sync="TRUE">40</attwidth></attr><attr><attrlabl Sync="TRUE">TYPE4</attrlabl><attalias Sync="TRUE">TYPE4</attalias><attrtype Sync="TRUE">String</attrtype><attwidth Sync="TRUE">20</attwidth></attr><attr><attrlabl Sync="TRUE">SUFFIX4</attrlabl><attalias Sync="TRUE">SUFFIX4</attalias><attrtype Sync="TRUE">String</attrtype><attwidth Sync="TRUE">2</attwidth></attr><attr><attrlabl Sync="TRUE">PREFIX5</attrlabl><attalias Sync="TRUE">PREFIX5</attalias><attrtype Sync="TRUE">String</attrtype><attwidth Sync="TRUE">2</attwidth></attr><attr><attrlabl Sync="TRUE">PRETYPE5</attrlabl><attalias Sync="TRUE">PRETYPE5</attalias><attrtype Sync="TRUE">String</attrtype><attwidth Sync="TRUE">20</attwidth></attr><attr><attrlabl Sync="TRUE">NAME5</attrlabl><attalias Sync="TRUE">NAME5</attalias><attrtype Sync="TRUE">String</attrtype><attwidth Sync="TRUE">40</attwidth></attr><attr><attrlabl Sync="TRUE">TYPE5</attrlabl><attalias Sync="TRUE">TYPE5</attalias><attrtype Sync="TRUE">String</attrtype><attwidth Sync="TRUE">20</attwidth></attr><attr><attrlabl Sync="TRUE">SUFFIX5</attrlabl><attalias Sync="TRUE">SUFFIX5</attalias><attrtype Sync="TRUE">String</attrtype><attwidth Sync="TRUE">2</attwidth></attr><attr><attrlabl Sync="TRUE">SHIELD</attrlabl><attalias Sync="TRUE">SHIELD</attalias><attrtype Sync="TRUE">String</attrtype><attwidth Sync="TRUE">1</attwidth></attr><attr><attrlabl Sync="TRUE">HWY_NUM</attrlabl><attalias Sync="TRUE">HWY_NUM</attalias><attrtype Sync="TRUE">String</attrtype><attwidth Sync="TRUE">5</attwidth></attr><attr><attrlabl Sync="TRUE">FCC</attrlabl><attalias Sync="TRUE">FCC</attalias><attrtype Sync="TRUE">String</attrtype><attwidth Sync="TRUE">3</attwidth></attr><attr><attrlabl Sync="TRUE">ACC</attrlabl><attalias Sync="TRUE">ACC</attalias><attrtype Sync="TRUE">String</attrtype><attwidth Sync="TRUE">1</attwidth></attr><attr><attrlabl Sync="TRUE">TOLL</attrlabl><attalias Sync="TRUE">TOLL</attalias><attrtype Sync="TRUE">String</attrtype><attwidth Sync="TRUE">1</attwidth></attr><attr><attrlabl Sync="TRUE">SPEED</attrlabl><attalias Sync="TRUE">SPEED</attalias><attrtype Sync="TRUE">Number</attrtype><attwidth Sync="TRUE">5</attwidth></attr><attr><attrlabl Sync="TRUE">ONE_WAY</attrlabl><attalias Sync="TRUE">ONE_WAY</attalias><attrtype Sync="TRUE">String</attrtype><attwidth Sync="TRUE">2</attwidth></attr><attr><attrlabl Sync="TRUE">F_ZLEV</attrlabl><attalias Sync="TRUE">F_ZLEV</attalias><attrtype Sync="TRUE">Number</attrtype><attwidth Sync="TRUE">5</attwidth></attr><attr><attrlabl Sync="TRUE">T_ZLEV</attrlabl><attalias Sync="TRUE">T_ZLEV</attalias><attrtype Sync="TRUE">Number</attrtype><attwidth Sync="TRUE">5</attwidth></attr><attr><attrlabl Sync="TRUE">POSTAL_L</attrlabl><attalias Sync="TRUE">POSTAL_L</attalias><attrtype Sync="TRUE">String</attrtype><attwidth Sync="TRUE">5</attwidth></attr><attr><attrlabl Sync="TRUE">POSTAL_R</attrlabl><attalias Sync="TRUE">POSTAL_R</attalias><attrtype Sync="TRUE">String</attrtype><attwidth Sync="TRUE">5</attwidth></attr><attr><attrlabl Sync="TRUE">GEONAME_L</attrlabl><attalias Sync="TRUE">GEONAME_L</attalias><attrtype Sync="TRUE">String</attrtype><attwidth Sync="TRUE">40</attwidth></attr><attr><attrlabl Sync="TRUE">GEONAME_R</attrlabl><attalias Sync="TRUE">GEONAME_R</attalias><attrtype Sync="TRUE">String</attrtype><attwidth Sync="TRUE">40</attwidth></attr><attr><attrlabl Sync="TRUE">STATE_L</attrlabl><attalias Sync="TRUE">STATE_L</attalias><attrtype Sync="TRUE">String</attrtype><attwidth Sync="TRUE">2</attwidth></attr><attr><attrlabl Sync="TRUE">STATE_R</attrlabl><attalias Sync="TRUE">STATE_R</attalias><attrtype Sync="TRUE">String</attrtype><attwidth Sync="TRUE">10</attwidth></attr><attr><attrlabl Sync="TRUE">STATE_NAME</attrlabl><attalias Sync="TRUE">STATE_NAME</attalias><attrtype Sync="TRUE">String</attrtype><attwidth Sync="TRUE">40</attwidth></attr><attr><attrlabl Sync="TRUE">COUNTRY</attrlabl><attalias Sync="TRUE">COUNTRY</attalias><attrtype Sync="TRUE">String</attrtype><attwidth Sync="TRUE">3</attwidth></attr><attr><attrlabl Sync="TRUE">Id</attrlabl><attalias Sync="TRUE">Id</attalias><attrtype Sync="TRUE">Number</attrtype><attwidth Sync="TRUE">6</attwidth></attr><attr><attrlabl Sync="TRUE">Label</attrlabl><attalias Sync="TRUE">Label</attalias><attrtype Sync="TRUE">String</attrtype><attwidth Sync="TRUE">50</attwidth></attr><attr><attrlabl Sync="TRUE">Tract</attrlabl><attalias Sync="TRUE">Tract</attalias><attrtype Sync="TRUE">String</attrtype><attwidth Sync="TRUE">50</attwidth></attr></detailed></eainfo><mdDateSt Sync="TRUE">20120830</mdDateSt></metadata>
