<?xml version="1.0" encoding="UTF-8"?>
<metadata xml:lang="en"><Esri><CreaDate>20191204</CreaDate><CreaTime>21584100</CreaTime><SyncOnce>FALSE</SyncOnce><SyncDate>20140225</SyncDate><SyncTime>08581900</SyncTime><ModDate>20140225</ModDate><ModTime>08581900</ModTime><DataProperties><lineage><Process Name="Erase_3" ToolSource="C:\Program Files\ArcGIS\ArcToolbox\Toolboxes\Analysis Tools.tbx\Erase" Date="20081217" Time="084737">Erase rd_sec1 index_work_Dissolve "C:\Documents and Settings\cwq\Desktop\New Folder (2)\rd_sec_Erase.shp" "0.5 Meters"</Process><Process Name="Merge_4" ToolSource="C:\Program Files\ArcGIS\ArcToolbox\Toolboxes\Data Management Tools.tbx\Merge" Date="20081217" Time="094955">Merge rd_sec_Erase;newrd_sec "C:\Documents and Settings\cwq\Desktop\New Folder (2)\new_rd_sec.shp" "RD_SEC_ID RD_SEC_ID true false false 9 Long 0 9 ,First,#,rd_sec_Erase,RD_SEC_ID,-1,-1;FENAME FENAME true false false 30 Text 0 0 ,First,#,rd_sec_Erase,FENAME,-1,-1;FETYPE FETYPE true false false 4 Text 0 0 ,First,#,rd_sec_Erase,FETYPE,-1,-1;CFCC CFCC true false false 3 Text 0 0 ,First,#,rd_sec_Erase,CFCC,-1,-1;FC FC true false false 4 Short 0 4 ,First,#,newrd_sec,FC,-1,-1"</Process><Process ToolSource="C:\Program Files (x86)\ArcGIS\Desktop10.0\ArcToolbox\Toolboxes\Data Management Tools.tbx\CopyFeatures" Date="20120503" Time="114227">CopyFeatures \\ettpsdmz03\ettpsdmz03_e_drive\Mijara\rd_sec1.shp \\ettpsdmz03\ettpsdmz03_e_drive\Mijara\LUM.gdb\rd_sec1 # 0 0 0</Process><Process ToolSource="c:\program files (x86)\arcgis\desktop10.1\ArcToolbox\Toolboxes\Conversion Tools.tbx\FeatureClassToFeatureClass" Date="20140127" Time="123100">FeatureClassToFeatureClass \\ettps0041\41_GISDB$\GisData.gdb\rd_sec1 Q:\SMO\EIM\Data_Product_Requests\CY14\DP_278 rd_sec1.shp # "RD_SEC_ID "RD_SEC_ID" true true false 4 Long 0 0 ,First,#,\\ettps0041\41_GISDB$\GisData.gdb\rd_sec1,RD_SEC_ID,-1,-1;FENAME "FENAME" true true false 30 Text 0 0 ,First,#,\\ettps0041\41_GISDB$\GisData.gdb\rd_sec1,FENAME,-1,-1;FETYPE "FETYPE" true true false 4 Text 0 0 ,First,#,\\ettps0041\41_GISDB$\GisData.gdb\rd_sec1,FETYPE,-1,-1;CFCC "CFCC" true true false 3 Text 0 0 ,First,#,\\ettps0041\41_GISDB$\GisData.gdb\rd_sec1,CFCC,-1,-1;FC "FC" true true false 2 Short 0 0 ,First,#,\\ettps0041\41_GISDB$\GisData.gdb\rd_sec1,FC,-1,-1;Shape_Leng "Shape_Length" false true true 8 Double 0 0 ,First,#,\\ettps0041\41_GISDB$\GisData.gdb\rd_sec1,Shape_Length,-1,-1" #</Process><Process ToolSource="C:\Program Files (x86)\ArcGIS\Desktop10.0\ArcToolbox\Toolboxes\Analysis Tools.tbx\Clip" Date="20140225" Time="085826">Clip 07_C_ORNL_TOS_Secondary_Roads 07_C_ORNL_TOS_Boundary A:\TOS\TOS_Plot_Data\07_AppalachiansCumberland\CORE_ORNL\Site_Information\07_C_ORNL_Secpndary_Roads_Clip.shp #</Process></lineage><itemProps><itemLocation><linkage Sync="TRUE">file://\\eco.neoninternal.org\neon\Science\GISData\TOS\TOS_Plot_Data\roads\07_C_ORNL_Secondary_Roads_Clip</linkage><protocol Sync="TRUE">Local Area Network</protocol></itemLocation><itemName Sync="TRUE">07_C_ORNL_Secpndary_Roads_Clip</itemName><imsContentType Sync="TRUE">002</imsContentType><itemSize Sync="TRUE">0.000</itemSize></itemProps><copyHistory><copy source="N:\Science\GISData\TOS\TOS_Plot_Data\07_AppalachiansCumberland\CORE_ORNL\Site_Information\07_C_ORNL_Secondary_Roads_Clip" dest="\\eco.neoninternal.org\neon\Science\GISData\TOS\TOS_Plot_Data\roads\07_C_ORNL_Secondary_Roads_Clip" date="20191204" time="21584100"></copy></copyHistory><coordRef><type Sync="TRUE">Projected</type><geogcsn Sync="TRUE">GCS_North_American_1983</geogcsn><projcsn Sync="TRUE">NAD_1983_StatePlane_Tennessee_FIPS_4100</projcsn><peXml Sync="TRUE">&lt;ProjectedCoordinateSystem xsi:type='typens:ProjectedCoordinateSystem' xmlns:xsi='http://www.w3.org/2001/XMLSchema-instance' xmlns:xs='http://www.w3.org/2001/XMLSchema' xmlns:typens='http://www.esri.com/schemas/ArcGIS/10.0'&gt;&lt;WKT&gt;PROJCS[&amp;quot;NAD_1983_StatePlane_Tennessee_FIPS_4100&amp;quot;,GEOGCS[&amp;quot;GCS_North_American_1983&amp;quot;,DATUM[&amp;quot;D_North_American_1983&amp;quot;,SPHEROID[&amp;quot;GRS_1980&amp;quot;,6378137.0,298.257222101]],PRIMEM[&amp;quot;Greenwich&amp;quot;,0.0],UNIT[&amp;quot;Degree&amp;quot;,0.0174532925199433]],PROJECTION[&amp;quot;Lambert_Conformal_Conic&amp;quot;],PARAMETER[&amp;quot;False_Easting&amp;quot;,600000.0],PARAMETER[&amp;quot;False_Northing&amp;quot;,0.0],PARAMETER[&amp;quot;Central_Meridian&amp;quot;,-86.0],PARAMETER[&amp;quot;Standard_Parallel_1&amp;quot;,35.25],PARAMETER[&amp;quot;Standard_Parallel_2&amp;quot;,36.41666666666666],PARAMETER[&amp;quot;Latitude_Of_Origin&amp;quot;,34.33333333333334],UNIT[&amp;quot;Meter&amp;quot;,1.0],AUTHORITY[&amp;quot;EPSG&amp;quot;,32136]]&lt;/WKT&gt;&lt;XOrigin&gt;-37039800&lt;/XOrigin&gt;&lt;YOrigin&gt;-28631200&lt;/YOrigin&gt;&lt;XYScale&gt;119649935.10514124&lt;/XYScale&gt;&lt;ZOrigin&gt;-100000&lt;/ZOrigin&gt;&lt;ZScale&gt;10000&lt;/ZScale&gt;&lt;MOrigin&gt;-100000&lt;/MOrigin&gt;&lt;MScale&gt;10000&lt;/MScale&gt;&lt;XYTolerance&gt;0.001&lt;/XYTolerance&gt;&lt;ZTolerance&gt;0.001&lt;/ZTolerance&gt;&lt;MTolerance&gt;0.001&lt;/MTolerance&gt;&lt;HighPrecision&gt;true&lt;/HighPrecision&gt;&lt;WKID&gt;32136&lt;/WKID&gt;&lt;/ProjectedCoordinateSystem&gt;</peXml><csUnits Sync="TRUE">Linear Unit: Meter (1.000000)</csUnits></coordRef></DataProperties><ArcGISFormat>1.0</ArcGISFormat></Esri><idinfo><native Sync="TRUE">Microsoft Windows XP Version 5.1 (Build 2600) Service Pack 2; ESRI ArcCatalog 9.2.0.1324</native><descript><langdata Sync="TRUE">en</langdata><abstract>REQUIRED: A brief narrative summary of the data set.</abstract><purpose>REQUIRED: A summary of the intentions with which the data set was developed.</purpose></descript><citation><citeinfo><origin>REQUIRED: The name of an organization or individual that developed the data set.</origin><pubdate>REQUIRED: The date when the data set is published or otherwise made available for release.</pubdate><title Sync="TRUE">rd_sec1</title><ftname Sync="TRUE">rd_sec1</ftname><geoform Sync="TRUE">vector digital data</geoform><onlink Sync="TRUE">\\web23\f-drive\OREIS_Data\Orr\rd_sec1.shp</onlink></citeinfo></citation><timeperd><current>REQUIRED: The basis on which the time period of content information is determined.</current><timeinfo><sngdate><caldate>REQUIRED: The year (and optionally month, or month and day) for which the data set corresponds to the ground.</caldate></sngdate></timeinfo></timeperd><status><progress>REQUIRED: The state of the data set.</progress><update>REQUIRED: The frequency with which changes and additions are made to the data set after the initial data set is completed.</update></status><spdom><bounding><westbc Sync="TRUE">-84.910242</westbc><eastbc Sync="TRUE">-83.640032</eastbc><northbc Sync="TRUE">36.370294</northbc><southbc Sync="TRUE">35.597688</southbc></bounding><lboundng><leftbc Sync="TRUE">698724.875000</leftbc><rightbc Sync="TRUE">811810.187500</rightbc><bottombc Sync="TRUE">142808.796875</bottombc><topbc Sync="TRUE">226557.828125</topbc></lboundng></spdom><keywords><theme><themekt>REQUIRED: Reference to a formally registered thesaurus or a similar authoritative source of theme keywords.</themekt><themekey>REQUIRED: Common-use word or phrase used to describe the subject of the data set.</themekey></theme></keywords><accconst>REQUIRED: Restrictions and legal prerequisites for accessing the data set.</accconst><useconst>REQUIRED: Restrictions and legal prerequisites for using the data set after access is granted.</useconst><natvform Sync="TRUE">Shapefile</natvform></idinfo><dataIdInfo><envirDesc Sync="TRUE">Microsoft Windows Server 2008 R2 Version 6.1 (Build 7601) Service Pack 1; ESRI ArcGIS 10.0.2.3200</envirDesc><dataLang><languageCode Sync="TRUE" value="eng" country="USA"></languageCode><countryCode value="USA" Sync="TRUE"></countryCode></dataLang><idCitation><resTitle Sync="TRUE">07_C_ORNL_Secpndary_Roads_Clip</resTitle><presForm><PresFormCd Sync="TRUE" value="005"></PresFormCd></presForm></idCitation><spatRpType><SpatRepTypCd Sync="TRUE" value="001"></SpatRepTypCd></spatRpType><dataExt><geoEle><GeoBndBox esriExtentType="native"><westBL Sync="TRUE">698724.875</westBL><eastBL Sync="TRUE">811810.1875</eastBL><northBL Sync="TRUE">226557.828125</northBL><southBL Sync="TRUE">142808.796875</southBL><exTypeCode Sync="TRUE">1</exTypeCode></GeoBndBox></geoEle></dataExt><geoBox esriExtentType="decdegrees"><westBL Sync="TRUE">-84.910242</westBL><eastBL Sync="TRUE">-83.640032</eastBL><northBL Sync="TRUE">36.370294</northBL><southBL Sync="TRUE">35.597688</southBL><exTypeCode Sync="TRUE">1</exTypeCode></geoBox><descKeys><thesaName uuidref="723f6998-058e-11dc-8314-0800200c9a66"></thesaName><keyword Sync="TRUE">002</keyword></descKeys></dataIdInfo><metainfo><langmeta Sync="TRUE">en</langmeta><metstdn Sync="TRUE">FGDC Content Standards for Digital Geospatial Metadata</metstdn><metstdv Sync="TRUE">FGDC-STD-001-1998</metstdv><mettc Sync="TRUE">local time</mettc><metc><cntinfo><cntorgp><cntper>REQUIRED: The person responsible for the metadata information.</cntper><cntorg>REQUIRED: The organization responsible for the metadata information.</cntorg></cntorgp><cntaddr><addrtype>REQUIRED: The mailing and/or physical address for the organization or individual.</addrtype><city>REQUIRED: The city of the address.</city><state>REQUIRED: The state or province of the address.</state><postal>REQUIRED: The ZIP or other postal code of the address.</postal></cntaddr><cntvoice>REQUIRED: The telephone number by which individuals can speak to the organization or individual.</cntvoice></cntinfo></metc><metd Sync="TRUE">20090922</metd></metainfo><mdLang><languageCode Sync="TRUE" value="eng"></languageCode><countryCode value="USA" Sync="TRUE"></countryCode></mdLang><mdStanName Sync="TRUE">ISO 19115 Geographic Information - Metadata</mdStanName><mdStanVer Sync="TRUE">DIS_ESRI1.0</mdStanVer><mdChar><CharSetCd Sync="TRUE" value="004"></CharSetCd></mdChar><mdHrLv><ScopeCd Sync="TRUE" value="005"></ScopeCd></mdHrLv><mdHrLvName Sync="TRUE">dataset</mdHrLvName><distinfo><resdesc Sync="TRUE">Downloadable Data</resdesc><stdorder><digform><digtinfo><transize Sync="TRUE">14.141</transize><dssize Sync="TRUE">14.141</dssize></digtinfo></digform></stdorder></distinfo><distInfo><distributor><distorTran><onLineSrc><orDesc Sync="TRUE">002</orDesc><linkage Sync="TRUE">file://\\web23\f-drive\OREIS_Data\Orr\rd_sec1.shp</linkage><protocol Sync="TRUE">Local Area Network</protocol></onLineSrc><transSize Sync="TRUE">14.141</transSize></distorTran><distorFormat><formatName Sync="TRUE">Shapefile</formatName></distorFormat></distributor><distFormat><formatName Sync="TRUE">Shapefile</formatName></distFormat><distTranOps><transSize Sync="TRUE">0.000</transSize></distTranOps></distInfo><spdoinfo><direct Sync="TRUE">Vector</direct><ptvctinf><esriterm Name="07_C_ORNL_Secpndary_Roads_Clip"><efeatyp Sync="TRUE">Simple</efeatyp><efeageom Sync="TRUE">3</efeageom><esritopo Sync="TRUE">FALSE</esritopo><efeacnt Sync="TRUE">0</efeacnt><spindex Sync="TRUE">FALSE</spindex><linrefer Sync="TRUE">TRUE</linrefer></esriterm></ptvctinf></spdoinfo><spref><horizsys><cordsysn><geogcsn Sync="TRUE">GCS_North_American_1983</geogcsn><projcsn Sync="TRUE">NAD_1983_StatePlane_Tennessee_FIPS_4100</projcsn></cordsysn><planar><planci><plance Sync="TRUE">coordinate pair</plance><plandu Sync="TRUE">meters</plandu><coordrep><absres Sync="TRUE">0.000000</absres><ordres Sync="TRUE">0.000000</ordres></coordrep></planci></planar><geodetic><horizdn Sync="TRUE">North American Datum of 1983</horizdn><ellips Sync="TRUE">Geodetic Reference System 80</ellips><semiaxis Sync="TRUE">6378137.000000</semiaxis><denflat Sync="TRUE">298.257222</denflat></geodetic></horizsys></spref><refSysInfo><RefSystem><refSysID><identCode Sync="TRUE" code="32136" value="32136">NAD_1983_StatePlane_Tennessee_FIPS_4100</identCode><idCodeSpace Sync="TRUE">EPSG</idCodeSpace><idVersion Sync="TRUE">7.4.1</idVersion></refSysID></RefSystem></refSysInfo><spatRepInfo><VectSpatRep><geometObjs Name="rd_sec1"><geoObjTyp><GeoObjTypCd value="002" Sync="TRUE"></GeoObjTypCd><geoObjCnt Sync="TRUE">0</geoObjCnt></geoObjTyp><geoObjCnt Sync="TRUE">0</geoObjCnt></geometObjs><topLvl><TopoLevCd value="001" Sync="TRUE"></TopoLevCd></topLvl></VectSpatRep></spatRepInfo><eainfo><detailed Name="07_C_ORNL_Secpndary_Roads_Clip"><enttyp><enttypl Sync="TRUE">07_C_ORNL_Secpndary_Roads_Clip</enttypl><enttypt Sync="TRUE">Feature Class</enttypt><enttypc Sync="TRUE">0</enttypc></enttyp><attr><attrlabl Sync="TRUE">FID</attrlabl><attalias Sync="TRUE">FID</attalias><attrtype Sync="TRUE">OID</attrtype><attwidth Sync="TRUE">4</attwidth><atprecis Sync="TRUE">0</atprecis><attscale Sync="TRUE">0</attscale><attrdef Sync="TRUE">Internal feature number.</attrdef><attrdefs Sync="TRUE">Esri</attrdefs><attrdomv><udom Sync="TRUE">Sequential unique whole numbers that are automatically generated.</udom></attrdomv></attr><attr><attrlabl Sync="TRUE">Shape</attrlabl><attalias Sync="TRUE">Shape</attalias><attrtype Sync="TRUE">Geometry</attrtype><attwidth Sync="TRUE">0</attwidth><atprecis Sync="TRUE">0</atprecis><attscale Sync="TRUE">0</attscale><attrdef Sync="TRUE">Feature geometry.</attrdef><attrdefs Sync="TRUE">ESRI</attrdefs><attrdomv><udom Sync="TRUE">Coordinates defining the features.</udom></attrdomv></attr><attr><attrlabl Sync="TRUE">RD_SEC_ID</attrlabl><attalias Sync="TRUE">RD_SEC_ID</attalias><attrtype Sync="TRUE">Integer</attrtype><attwidth Sync="TRUE">9</attwidth><atprecis Sync="TRUE">9</atprecis><attscale Sync="TRUE">0</attscale></attr><attr><attrlabl Sync="TRUE">FENAME</attrlabl><attalias Sync="TRUE">FENAME</attalias><attrtype Sync="TRUE">String</attrtype><attwidth Sync="TRUE">30</attwidth><atprecis Sync="TRUE">0</atprecis><attscale Sync="TRUE">0</attscale></attr><attr><attrlabl Sync="TRUE">FETYPE</attrlabl><attalias Sync="TRUE">FETYPE</attalias><attrtype Sync="TRUE">String</attrtype><attwidth Sync="TRUE">4</attwidth><atprecis Sync="TRUE">0</atprecis><attscale Sync="TRUE">0</attscale></attr><attr><attrlabl Sync="TRUE">CFCC</attrlabl><attalias Sync="TRUE">CFCC</attalias><attrtype Sync="TRUE">String</attrtype><attwidth Sync="TRUE">3</attwidth><atprecis Sync="TRUE">0</atprecis><attscale Sync="TRUE">0</attscale></attr><attr><attrlabl Sync="TRUE">FC</attrlabl><attalias Sync="TRUE">FC</attalias><attrtype Sync="TRUE">SmallInteger</attrtype><attwidth Sync="TRUE">4</attwidth><atprecis Sync="TRUE">4</atprecis><attscale Sync="TRUE">0</attscale></attr><attr><attrlabl Sync="TRUE">Shape_Leng</attrlabl><attalias Sync="TRUE">Shape_Leng</attalias><attrtype Sync="TRUE">Double</attrtype><attwidth Sync="TRUE">19</attwidth><atprecis Sync="TRUE">0</atprecis><attscale Sync="TRUE">0</attscale></attr></detailed></eainfo><mdDateSt Sync="TRUE">20140225</mdDateSt></metadata>
