<?xml version="1.0"?>
<!--<!DOCTYPE metadata SYSTEM "http://www.esri.com/metadata/esriprof80.dtd">-->
<metadata xml:lang="en"><Esri><CreaDate>20191204</CreaDate><CreaTime>21593600</CreaTime><SyncOnce>FALSE</SyncOnce><SyncDate>20110128</SyncDate><SyncTime>13465300</SyncTime><ModDate>20110128</ModDate><ModTime>13465300</ModTime><DataProperties><lineage><Process ToolSource="C:\Program Files\ArcGIS\ArcToolbox\Toolboxes\Data Management Tools.tbx\CopyFeatures" Date="20070815" Time="115205">CopyFeatures C:\temp\IWebGDB.mdb\Transportation\TRAVEL_ROUTE_RATROAD C:\WorkSpace\2007knf_gdd.mdb\Transportation\TRAVEL_ROUTE_RATROAD # 0 0 0</Process><Process Name="FeatureClassToFeatureClass_3" ToolSource="C:\Program Files\ArcGIS\ArcToolbox\Toolboxes\Conversion Tools.tbx\FeatureClassToFeatureClass" Date="20090204" Time="143727">FeatureClassToFeatureClass C:\WorkSpace\alf\gdd.mdb\Transportation\TRAVEL_ROUTE_RATROAD C:\WorkSpace\alf\std_map.mdb road # "GlobalID GlobalID false false true 38 Long 0 0 ,First,#,C:\WorkSpace\alf\gdd.mdb\Transportation\TRAVEL_ROUTE_RATROAD,GlobalID,-1,-1;REV_DATE REV_DATE true true false 8 Date 0 0 ,First,#,C:\WorkSpace\alf\gdd.mdb\Transportation\TRAVEL_ROUTE_RATROAD,REV_DATE,-1,-1;DATA_SOURCE DATA_SOURCE true true false 4 Long 0 0 ,First,#,C:\WorkSpace\alf\gdd.mdb\Transportation\TRAVEL_ROUTE_RATROAD,DATA_SOURCE,-1,-1;ACCURACY ACCURACY true true false 4 Float 0 0 ,First,#,C:\WorkSpace\alf\gdd.mdb\Transportation\TRAVEL_ROUTE_RATROAD,ACCURACY,-1,-1;RTE_CN CN# true true false 34 Text 0 0 ,First,#,C:\WorkSpace\alf\gdd.mdb\Transportation\TRAVEL_ROUTE_RATROAD,RTE_CN,-1,-1;BMP BMP true true false 8 Double 0 0 ,First,#,C:\WorkSpace\alf\gdd.mdb\Transportation\TRAVEL_ROUTE_RATROAD,BMP,-1,-1;EMP EMP true true false 8 Double 0 0 ,First,#,C:\WorkSpace\alf\gdd.mdb\Transportation\TRAVEL_ROUTE_RATROAD,EMP,-1,-1;RT_ACTION RT_ACTION true true false 10 Text 0 0 ,First,#,C:\WorkSpace\alf\gdd.mdb\Transportation\TRAVEL_ROUTE_RATROAD,RT_ACTION,-1,-1;ACTIONSTAMP ACTIONSTAMP true true false 8 Date 0 0 ,First,#,C:\WorkSpace\alf\gdd.mdb\Transportation\TRAVEL_ROUTE_RATROAD,ACTIONSTAMP,-1,-1;RTE_NO ROUTE_NO true true false 30 Text 0 0 ,First,#,C:\WorkSpace\alf\gdd.mdb\Transportation\TRAVEL_ROUTE_RATROAD,RTE_NO,-1,-1;Shape_Length Shape_Length false true true 8 Double 0 0 ,First,#,C:\WorkSpace\alf\gdd.mdb\Transportation\TRAVEL_ROUTE_RATROAD,Shape_Length,-1,-1" # C:\WorkSpace\alf\std_map.mdb\road</Process><Process ToolSource="C:\Program Files\ArcGIS\ArcToolbox\Toolboxes\Analysis Tools.tbx\Clip" Date="20110121" Time="080338">Clip road Tall_Oak_west_rds Z:\gis\data\other\NEON\Talladega_OAK_west_rds_clip.shp #</Process><Process ToolSource="C:\Program Files\ArcGIS\ArcToolbox\Toolboxes\Data Management Tools.tbx\Merge" Date="20110128" Time="134159">Merge Talladega_OAK_west_rds_clip;roads_al G:\NEON_GIS\NEON_Internal_Data\Site_GIS_Data\08_Ozarks\8_Talladega\8_RawData\Talladega_roads_final.shp "REV_DATE 'REV_DATE' true true false 8 Date 0 0 ,First,#,Talladega_OAK_west_rds_clip,REV_DATE,-1,-1;DATA_SOURC 'DATA_SOURC' true true false 9 Long 0 9 ,First,#,Talladega_OAK_west_rds_clip,DATA_SOURC,-1,-1;ACCURACY 'ACCURACY' true true false 13 Float 0 0 ,First,#,Talladega_OAK_west_rds_clip,ACCURACY,-1,-1;RTE_CN 'RTE_CN' true true false 34 Text 0 0 ,First,#,Talladega_OAK_west_rds_clip,RTE_CN,-1,-1,roads_al,RTE_CN,-1,-1;BMP 'BMP' true true false 19 Double 0 0 ,First,#,Talladega_OAK_west_rds_clip,BMP,-1,-1,roads_al,BMP,-1,-1;EMP 'EMP' true true false 19 Double 0 0 ,First,#,Talladega_OAK_west_rds_clip,EMP,-1,-1,roads_al,EMP,-1,-1;RT_ACTION 'RT_ACTION' true true false 10 Text 0 0 ,First,#,Talladega_OAK_west_rds_clip,RT_ACTION,-1,-1;ACTIONSTAM 'ACTIONSTAM' true true false 8 Date 0 0 ,First,#,Talladega_OAK_west_rds_clip,ACTIONSTAM,-1,-1,roads_al,ACTIONSTAM,-1,-1;RTE_NO 'RTE_NO' true true false 30 Text 0 0 ,First,#,Talladega_OAK_west_rds_clip,RTE_NO,-1,-1,roads_al,RTE_NO,-1,-1;Shape_Leng 'Shape_Leng' true true false 19 Double 0 0 ,First,#,Talladega_OAK_west_rds_clip,Shape_Leng,-1,-1;ROAD_ 'ROAD_' true true false 9 Long 0 9 ,First,#,roads_al,ROAD_,-1,-1;ROAD_ID 'ROAD_ID' true true false 9 Long 0 9 ,First,#,roads_al,ROAD_ID,-1,-1;ACTION 'ACTION' true true false 10 Text 0 0 ,First,#,roads_al,ACTION,-1,-1"</Process><Process ToolSource="C:\Program Files\ArcGIS\ArcToolbox\Toolboxes\Analysis Tools.tbx\Clip" Date="20110128" Time="134655">Clip Talladega_roads_final Talladega_Core_Boundary G:\NEON_GIS\NEON_Internal_Data\Site_GIS_Data\08_Ozarks\8_Talladega\8_RawData\Talladega_roads_final_Clip.shp #</Process></lineage><itemProps><itemLocation><linkage Sync="TRUE">file://\\eco.neoninternal.org\neon\Science\GISData\TOS\TOS_Plot_Data\roads\08_C_TALL_Roads</linkage><protocol Sync="TRUE">Local Area Network</protocol></itemLocation></itemProps><copyHistory><copy source="N:\Science\GISData\TOS\TOS_Plot_Data\08_Ozarks\CORE_TALL\Site_Information\08_C_TALL_Roads" dest="\\eco.neoninternal.org\neon\Science\GISData\TOS\TOS_Plot_Data\roads\08_C_TALL_Roads" date="20191204" time="21593600"></copy></copyHistory></DataProperties></Esri><idinfo><native Sync="TRUE">Microsoft Windows XP Version 5.1 (Build 2600) Service Pack 3; ESRI ArcCatalog 9.3.1.3000</native><descript><langdata Sync="TRUE">en</langdata><abstract>REQUIRED: A brief narrative summary of the data set.</abstract><purpose>REQUIRED: A summary of the intentions with which the data set was developed.</purpose></descript><citation><citeinfo><origin>REQUIRED: The name of an organization or individual that developed the data set.</origin><pubdate>REQUIRED: The date when the data set is published or otherwise made available for release.</pubdate><title Sync="TRUE">Talladega_roads_final_Clip</title><ftname Sync="TRUE">Talladega_roads_final_Clip</ftname><geoform Sync="TRUE">vector digital data</geoform><onlink Sync="TRUE">\\nascifs01\NEON_GIS\NEON_GIS\NEON_Internal_Data\Site_GIS_Data\08_Ozarks\8_Talladega\8_RawData\Exclusions\Talladega_roads_final_Clip</onlink></citeinfo></citation><timeperd><current>REQUIRED: The basis on which the time period of content information is determined.</current><timeinfo><sngdate><caldate>REQUIRED: The year (and optionally month, or month and day) for which the data set corresponds to the ground.</caldate></sngdate></timeinfo></timeperd><status><progress>REQUIRED: The state of the data set.</progress><update>REQUIRED: The frequency with which changes and additions are made to the data set after the initial data set is completed.</update></status><spdom><bounding><westbc Sync="TRUE">-87.619070</westbc><eastbc Sync="TRUE">-85.363947</eastbc><northbc Sync="TRUE">34.438794</northbc><southbc Sync="TRUE">30.983761</southbc></bounding><lboundng><leftbc Sync="TRUE">443124.367564</leftbc><rightbc Sync="TRUE">650331.727328</rightbc><bottombc Sync="TRUE">3428865.664212</bottombc><topbc Sync="TRUE">3810810.334941</topbc></lboundng></spdom><keywords><theme><themekt>REQUIRED: Reference to a formally registered thesaurus or a similar authoritative source of theme keywords.</themekt><themekey>REQUIRED: Common-use word or phrase used to describe the subject of the data set.</themekey></theme></keywords><accconst>REQUIRED: Restrictions and legal prerequisites for accessing the data set.</accconst><useconst>REQUIRED: Restrictions and legal prerequisites for using the data set after access is granted.</useconst><natvform Sync="TRUE">Shapefile</natvform></idinfo><dataIdInfo><envirDesc Sync="TRUE">Microsoft Windows XP Version 5.1 (Build 2600) Service Pack 3; ESRI ArcCatalog 9.3.1.3000</envirDesc><dataLang><languageCode Sync="TRUE" value="en"></languageCode></dataLang><idCitation><resTitle Sync="TRUE">Talladega_roads_final_Clip</resTitle><presForm><PresFormCd Sync="TRUE" value="005"></PresFormCd></presForm></idCitation><spatRpType><SpatRepTypCd Sync="TRUE" value="001"></SpatRepTypCd></spatRpType><dataExt><geoEle><GeoBndBox esriExtentType="native"><westBL Sync="TRUE">443124.367564</westBL><eastBL Sync="TRUE">650331.727328</eastBL><northBL Sync="TRUE">3810810.334941</northBL><southBL Sync="TRUE">3428865.664212</southBL><exTypeCode Sync="TRUE">1</exTypeCode></GeoBndBox></geoEle></dataExt><geoBox esriExtentType="decdegrees"><westBL Sync="TRUE">-87.61907</westBL><eastBL Sync="TRUE">-85.363947</eastBL><northBL Sync="TRUE">34.438794</northBL><southBL Sync="TRUE">30.983761</southBL><exTypeCode Sync="TRUE">1</exTypeCode></geoBox></dataIdInfo><metainfo><langmeta Sync="TRUE">en</langmeta><metstdn Sync="TRUE">FGDC Content Standards for Digital Geospatial Metadata</metstdn><metstdv Sync="TRUE">FGDC-STD-001-1998</metstdv><mettc Sync="TRUE">local time</mettc><metc><cntinfo><cntorgp><cntper>REQUIRED: The person responsible for the metadata information.</cntper><cntorg>REQUIRED: The organization responsible for the metadata information.</cntorg></cntorgp><cntaddr><addrtype>REQUIRED: The mailing and/or physical address for the organization or individual.</addrtype><city>REQUIRED: The city of the address.</city><state>REQUIRED: The state or province of the address.</state><postal>REQUIRED: The ZIP or other postal code of the address.</postal></cntaddr><cntvoice>REQUIRED: The telephone number by which individuals can speak to the organization or individual.</cntvoice></cntinfo></metc><metd Sync="TRUE">20110128</metd><metextns><onlink Sync="TRUE">http://www.esri.com/metadata/esriprof80.html</onlink><metprof Sync="TRUE">ESRI Metadata Profile</metprof></metextns></metainfo><mdLang><languageCode Sync="TRUE" value="en"></languageCode></mdLang><mdStanName Sync="TRUE">ISO 19115 Geographic Information - Metadata</mdStanName><mdStanVer Sync="TRUE">DIS_ESRI1.0</mdStanVer><mdChar><CharSetCd Sync="TRUE" value="004"></CharSetCd></mdChar><mdHrLv><ScopeCd Sync="TRUE" value="005"></ScopeCd></mdHrLv><mdHrLvName Sync="TRUE">dataset</mdHrLvName><distinfo><resdesc Sync="TRUE">Downloadable Data</resdesc><stdorder><digform><digtinfo><transize Sync="TRUE">0.000</transize><dssize Sync="TRUE">0.000</dssize></digtinfo></digform></stdorder></distinfo><distInfo><distributor><distorTran><onLineSrc><orDesc Sync="TRUE">002</orDesc><linkage Sync="TRUE">file://\\nascifs01\NEON_GIS\NEON_GIS\NEON_Internal_Data\Site_GIS_Data\08_Ozarks\8_Talladega\8_RawData\Exclusions\Talladega_roads_final_Clip</linkage><protocol Sync="TRUE">Local Area Network</protocol></onLineSrc><transSize Sync="TRUE">0.000</transSize></distorTran><distorFormat><formatName Sync="TRUE">Shapefile</formatName></distorFormat></distributor></distInfo><spdoinfo><direct Sync="TRUE">Vector</direct><ptvctinf><esriterm Name="Talladega_roads_final_Clip"><efeatyp Sync="TRUE">Simple</efeatyp><efeageom Sync="TRUE">Polyline</efeageom><esritopo Sync="TRUE">FALSE</esritopo><efeacnt Sync="TRUE">0</efeacnt><spindex Sync="TRUE">FALSE</spindex><linrefer Sync="TRUE">TRUE</linrefer></esriterm><sdtsterm Name="Talladega_roads_final_Clip"><sdtstype Sync="TRUE">String</sdtstype><ptvctcnt Sync="TRUE">0</ptvctcnt></sdtsterm></ptvctinf></spdoinfo><spref><horizsys><cordsysn><geogcsn Sync="TRUE">GCS_North_American_1983</geogcsn><projcsn Sync="TRUE">NAD_1983_UTM_Zone_16N</projcsn></cordsysn><planar><planci><plance Sync="TRUE">coordinate pair</plance><plandu Sync="TRUE">meters</plandu><coordrep><absres Sync="TRUE">0.000000</absres><ordres Sync="TRUE">0.000000</ordres></coordrep></planci><gridsys><gridsysn Sync="TRUE">Universal Transverse Mercator</gridsysn><utm><utmzone Sync="TRUE">16</utmzone><transmer><sfctrmer Sync="TRUE">0.999600</sfctrmer><longcm Sync="TRUE">-87.000000</longcm><latprjo Sync="TRUE">0.000000</latprjo><feast Sync="TRUE">500000.000000</feast><fnorth Sync="TRUE">0.000000</fnorth></transmer></utm></gridsys></planar><geodetic><horizdn Sync="TRUE">North American Datum of 1983</horizdn><ellips Sync="TRUE">Geodetic Reference System 80</ellips><semiaxis Sync="TRUE">6378137.000000</semiaxis><denflat Sync="TRUE">298.257222</denflat></geodetic></horizsys><vertdef><altsys><altenc Sync="TRUE">Explicit elevation coordinate included with horizontal coordinates</altenc><altres Sync="TRUE">0.000100</altres></altsys></vertdef></spref><refSysInfo><RefSystem><refSysID><identCode Sync="TRUE">NAD_1983_UTM_Zone_16N</identCode></refSysID></RefSystem></refSysInfo><spatRepInfo><VectSpatRep><topLvl><TopoLevCd Sync="TRUE" value="001"></TopoLevCd></topLvl><geometObjs Name="Talladega_roads_final_Clip"><geoObjTyp><GeoObjTypCd Sync="TRUE" value="001"></GeoObjTypCd></geoObjTyp><geoObjCnt Sync="TRUE">0</geoObjCnt></geometObjs></VectSpatRep></spatRepInfo><eainfo><detailed Name="Talladega_roads_final_Clip"><enttyp><enttypl Sync="TRUE">Talladega_roads_final_Clip</enttypl><enttypt Sync="TRUE">Feature Class</enttypt><enttypc Sync="TRUE">0</enttypc></enttyp><attr><attrlabl Sync="TRUE">FID</attrlabl><attalias Sync="TRUE">FID</attalias><attrtype Sync="TRUE">OID</attrtype><attwidth Sync="TRUE">4</attwidth><atprecis Sync="TRUE">0</atprecis><attscale Sync="TRUE">0</attscale><attrdef Sync="TRUE">Internal feature number.</attrdef><attrdefs Sync="TRUE">ESRI</attrdefs><attrdomv><udom Sync="TRUE">Sequential unique whole numbers that are automatically generated.</udom></attrdomv></attr><attr><attrlabl Sync="TRUE">Shape</attrlabl><attalias Sync="TRUE">Shape</attalias><attrtype Sync="TRUE">Geometry</attrtype><attwidth Sync="TRUE">0</attwidth><atprecis Sync="TRUE">0</atprecis><attscale Sync="TRUE">0</attscale><attrdef Sync="TRUE">Feature geometry.</attrdef><attrdefs Sync="TRUE">ESRI</attrdefs><attrdomv><udom Sync="TRUE">Coordinates defining the features.</udom></attrdomv></attr><attr><attrlabl Sync="TRUE">REV_DATE</attrlabl><attalias Sync="TRUE">REV_DATE</attalias><attrtype Sync="TRUE">Date</attrtype><attwidth Sync="TRUE">8</attwidth></attr><attr><attrlabl Sync="TRUE">DATA_SOURC</attrlabl><attalias Sync="TRUE">DATA_SOURC</attalias><attrtype Sync="TRUE">Number</attrtype><attwidth Sync="TRUE">9</attwidth></attr><attr><attrlabl Sync="TRUE">ACCURACY</attrlabl><attalias Sync="TRUE">ACCURACY</attalias><attrtype Sync="TRUE">Float</attrtype><attwidth Sync="TRUE">13</attwidth><atnumdec Sync="TRUE">11</atnumdec></attr><attr><attrlabl Sync="TRUE">RTE_CN</attrlabl><attalias Sync="TRUE">RTE_CN</attalias><attrtype Sync="TRUE">String</attrtype><attwidth Sync="TRUE">34</attwidth></attr><attr><attrlabl Sync="TRUE">BMP</attrlabl><attalias Sync="TRUE">BMP</attalias><attrtype Sync="TRUE">Float</attrtype><attwidth Sync="TRUE">19</attwidth><atnumdec Sync="TRUE">11</atnumdec></attr><attr><attrlabl Sync="TRUE">EMP</attrlabl><attalias Sync="TRUE">EMP</attalias><attrtype Sync="TRUE">Float</attrtype><attwidth Sync="TRUE">19</attwidth><atnumdec Sync="TRUE">11</atnumdec></attr><attr><attrlabl Sync="TRUE">RT_ACTION</attrlabl><attalias Sync="TRUE">RT_ACTION</attalias><attrtype Sync="TRUE">String</attrtype><attwidth Sync="TRUE">10</attwidth></attr><attr><attrlabl Sync="TRUE">ACTIONSTAM</attrlabl><attalias Sync="TRUE">ACTIONSTAM</attalias><attrtype Sync="TRUE">Date</attrtype><attwidth Sync="TRUE">8</attwidth></attr><attr><attrlabl Sync="TRUE">RTE_NO</attrlabl><attalias Sync="TRUE">RTE_NO</attalias><attrtype Sync="TRUE">String</attrtype><attwidth Sync="TRUE">30</attwidth></attr><attr><attrlabl Sync="TRUE">Shape_Leng</attrlabl><attalias Sync="TRUE">Shape_Leng</attalias><attrtype Sync="TRUE">Float</attrtype><attwidth Sync="TRUE">19</attwidth><atnumdec Sync="TRUE">11</atnumdec></attr><attr><attrlabl Sync="TRUE">ROAD_</attrlabl><attalias Sync="TRUE">ROAD_</attalias><attrtype Sync="TRUE">Number</attrtype><attwidth Sync="TRUE">9</attwidth></attr><attr><attrlabl Sync="TRUE">ROAD_ID</attrlabl><attalias Sync="TRUE">ROAD_ID</attalias><attrtype Sync="TRUE">Number</attrtype><attwidth Sync="TRUE">9</attwidth></attr><attr><attrlabl Sync="TRUE">ACTION</attrlabl><attalias Sync="TRUE">ACTION</attalias><attrtype Sync="TRUE">String</attrtype><attwidth Sync="TRUE">10</attwidth></attr></detailed></eainfo><mdDateSt Sync="TRUE">20110128</mdDateSt><dataqual><lineage><procstep><procdesc Sync="TRUE">Dataset copied.</procdesc><srcused Sync="TRUE">\\LT0600249\C\WorkSpace\2007knf_gdd.mdb</srcused><date Sync="TRUE">20070815</date><time Sync="TRUE">11555900</time></procstep><procstep><procdesc Sync="TRUE">Dataset copied.</procdesc><srcused Sync="TRUE">\\PCDE2TSRH91\C$\WorkSpace\gdd.mdb</srcused><date Sync="TRUE">20070911</date><time Sync="TRUE">10234000</time></procstep><procstep><procdesc Sync="TRUE">Dataset moved.</procdesc><srcused Sync="TRUE">G:\NEON_GIS\NEON_Internal_Data\Site_GIS_Data\08_Ozarks\8_Talladega\8_RawData\Talladega_roads_final_Clip</srcused><procdate Sync="TRUE">20110202</procdate><proctime Sync="TRUE">09440200</proctime></procstep></lineage></dataqual></metadata>
