<?xml version="1.0" encoding="UTF-8"?>
<metadata xml:lang="en"><Esri><CreaDate>20191204</CreaDate><CreaTime>22013400</CreaTime><ArcGISFormat>1.0</ArcGISFormat><ArcGISstyle>FGDC CSDGM Metadata</ArcGISstyle><SyncOnce>FALSE</SyncOnce><DataProperties><itemProps><itemName Sync="TRUE">RMNP_boulderCounty_roads</itemName><itemLocation><linkage Sync="TRUE">file://\\eco.neoninternal.org\neon\Science\GISData\TOS\TOS_Plot_Data\roads\10_R_RMNP_Roads</linkage><protocol Sync="TRUE">Local Area Network</protocol></itemLocation><nativeExtBox><westBL Sync="TRUE">140686.624000</westBL><eastBL Sync="TRUE">761614.075000</eastBL><southBL Sync="TRUE">4094319.390500</southBL><northBL Sync="TRUE">4542787.222875</northBL><exTypeCode Sync="TRUE">1</exTypeCode></nativeExtBox><imsContentType Sync="TRUE" export="False">002</imsContentType><itemSize Sync="TRUE">0.000</itemSize></itemProps><coordRef><type Sync="TRUE">Projected</type><geogcsn Sync="TRUE">GCS_North_American_1983</geogcsn><projcsn Sync="TRUE">NAD_1983_UTM_Zone_13N</projcsn><peXml Sync="TRUE">&lt;ProjectedCoordinateSystem xsi:type='typens:ProjectedCoordinateSystem' xmlns:xsi='http://www.w3.org/2001/XMLSchema-instance' xmlns:xs='http://www.w3.org/2001/XMLSchema' xmlns:typens='http://www.esri.com/schemas/ArcGIS/10.1'&gt;&lt;WKT&gt;PROJCS[&amp;quot;NAD_1983_UTM_Zone_13N&amp;quot;,GEOGCS[&amp;quot;GCS_North_American_1983&amp;quot;,DATUM[&amp;quot;D_North_American_1983&amp;quot;,SPHEROID[&amp;quot;GRS_1980&amp;quot;,6378137.0,298.257222101]],PRIMEM[&amp;quot;Greenwich&amp;quot;,0.0],UNIT[&amp;quot;Degree&amp;quot;,0.0174532925199433]],PROJECTION[&amp;quot;Transverse_Mercator&amp;quot;],PARAMETER[&amp;quot;False_Easting&amp;quot;,500000.0],PARAMETER[&amp;quot;False_Northing&amp;quot;,0.0],PARAMETER[&amp;quot;Central_Meridian&amp;quot;,-105.0],PARAMETER[&amp;quot;Scale_Factor&amp;quot;,0.9996],PARAMETER[&amp;quot;Latitude_Of_Origin&amp;quot;,0.0],UNIT[&amp;quot;Meter&amp;quot;,1.0],AUTHORITY[&amp;quot;EPSG&amp;quot;,26913]]&lt;/WKT&gt;&lt;XOrigin&gt;-5120900&lt;/XOrigin&gt;&lt;YOrigin&gt;-9998100&lt;/YOrigin&gt;&lt;XYScale&gt;450445547.3910538&lt;/XYScale&gt;&lt;ZOrigin&gt;-100000&lt;/ZOrigin&gt;&lt;ZScale&gt;10000&lt;/ZScale&gt;&lt;MOrigin&gt;-100000&lt;/MOrigin&gt;&lt;MScale&gt;10000&lt;/MScale&gt;&lt;XYTolerance&gt;0.001&lt;/XYTolerance&gt;&lt;ZTolerance&gt;0.001&lt;/ZTolerance&gt;&lt;MTolerance&gt;0.001&lt;/MTolerance&gt;&lt;HighPrecision&gt;true&lt;/HighPrecision&gt;&lt;WKID&gt;26913&lt;/WKID&gt;&lt;LatestWKID&gt;26913&lt;/LatestWKID&gt;&lt;/ProjectedCoordinateSystem&gt;</peXml><csUnits Sync="TRUE">Linear Unit: Meter (1.000000)</csUnits></coordRef><lineage><Process ToolSource="C:\Program Files (x86)\ArcGIS\Desktop10.0\ArcToolbox\Toolboxes\Conversion Tools.tbx\FeatureClassToFeatureClass" Date="20140130" Time="145118" Name="" export="">FeatureClassToFeatureClass "N:\GIS Support Unit\Aucott\DMU\HighwaySegmentsProcessing.gdb\Export_HwySegs" "Database Connections\vdev.Roadway.sde" Highways20140130_Success # "ROUTE "ROUTE" true false false 4 Text 0 0 ,First,#,N:\GIS Support Unit\Aucott\DMU\HighwaySegmentsProcessing.gdb\Export_HwySegs,ROUTE,-1,-1;REFPT "REFPT" true true false 8 Double 0 0 ,First,#,N:\GIS Support Unit\Aucott\DMU\HighwaySegmentsProcessing.gdb\Export_HwySegs,REFPT,-1,-1;ENDREFPT "ENDREFPT" true true false 8 Double 0 0 ,First,#,N:\GIS Support Unit\Aucott\DMU\HighwaySegmentsProcessing.gdb\Export_HwySegs,ENDREFPT,-1,-1;SEG_LENGTH "SEG_LENGTH" true false false 8 Double 0 0 ,First,#,N:\GIS Support Unit\Aucott\DMU\HighwaySegmentsProcessing.gdb\Export_HwySegs,SEG_LENGTH,-1,-1;REGION "REGION" true false false 2 Text 0 0 ,First,#,N:\GIS Support Unit\Aucott\DMU\HighwaySegmentsProcessing.gdb\Export_HwySegs,REGION,-1,-1;TPRID "TPRID" true true false 2 Text 0 0 ,First,#,N:\GIS Support Unit\Aucott\DMU\HighwaySegmentsProcessing.gdb\Export_HwySegs,TPRID,-1,-1;COMMDISTID "COMMDISTID" true true false 2 Text 0 0 ,First,#,N:\GIS Support Unit\Aucott\DMU\HighwaySegmentsProcessing.gdb\Export_HwySegs,COMMDISTID,-1,-1;CITY "CITY" true true false 20 Text 0 0 ,First,#,N:\GIS Support Unit\Aucott\DMU\HighwaySegmentsProcessing.gdb\Export_HwySegs,CITY,-1,-1;FIPSCITY "FIPSCITY" true true false 5 Text 0 0 ,First,#,N:\GIS Support Unit\Aucott\DMU\HighwaySegmentsProcessing.gdb\Export_HwySegs,FIPSCITY,-1,-1;COUNTY "COUNTY" true true false 14 Text 0 0 ,First,#,N:\GIS Support Unit\Aucott\DMU\HighwaySegmentsProcessing.gdb\Export_HwySegs,COUNTY,-1,-1;FIPSCOUNTY "FIPSCOUNTY" true false false 3 Text 0 0 ,First,#,N:\GIS Support Unit\Aucott\DMU\HighwaySegmentsProcessing.gdb\Export_HwySegs,FIPSCOUNTY,-1,-1;POPULATION "POPULATION" true true false 18 Text 0 0 ,First,#,N:\GIS Support Unit\Aucott\DMU\HighwaySegmentsProcessing.gdb\Export_HwySegs,POPULATION,-1,-1;FUNCCLASS "FUNCCLASS" true true false 40 Text 0 0 ,First,#,N:\GIS Support Unit\Aucott\DMU\HighwaySegmentsProcessing.gdb\Export_HwySegs,FUNCCLASS,-1,-1;ROUTESIGN "ROUTESIGN" true true false 8 Text 0 0 ,First,#,N:\GIS Support Unit\Aucott\DMU\HighwaySegmentsProcessing.gdb\Export_HwySegs,ROUTESIGN,-1,-1;NHSDESIG "NHSDESIG" true true false 30 Text 0 0 ,First,#,N:\GIS Support Unit\Aucott\DMU\HighwaySegmentsProcessing.gdb\Export_HwySegs,NHSDESIG,-1,-1;ACCESS_ "ACCESS_" true true false 40 Text 0 0 ,First,#,N:\GIS Support Unit\Aucott\DMU\HighwaySegmentsProcessing.gdb\Export_HwySegs,ACCESS_,-1,-1;PRIRDL "PRIRDL" true true false 2 Short 0 0 ,First,#,N:\GIS Support Unit\Aucott\DMU\HighwaySegmentsProcessing.gdb\Export_HwySegs,PRIRDL,-1,-1;PRIDLCLASS "PRIDLCLASS" true true false 1 Text 0 0 ,First,#,N:\GIS Support Unit\Aucott\DMU\HighwaySegmentsProcessing.gdb\Export_HwySegs,PRIDLCLASS,-1,-1;PRIIRII "PRIIRII" true true false 4 Long 0 0 ,First,#,N:\GIS Support Unit\Aucott\DMU\HighwaySegmentsProcessing.gdb\Export_HwySegs,PRIIRII,-1,-1;PRIRUTI "PRIRUTI" true true false 4 Long 0 0 ,First,#,N:\GIS Support Unit\Aucott\DMU\HighwaySegmentsProcessing.gdb\Export_HwySegs,PRIRUTI,-1,-1;AADT "AADT" true false false 4 Long 0 0 ,First,#,N:\GIS Support Unit\Aucott\DMU\HighwaySegmentsProcessing.gdb\Export_HwySegs,AADT,-1,-1;AADT20 "AADT20" true true false 8 Double 0 0 ,First,#,N:\GIS Support Unit\Aucott\DMU\HighwaySegmentsProcessing.gdb\Export_HwySegs,AADT20,-1,-1;AADTYR "AADTYR" true false false 4 Text 0 0 ,First,#,N:\GIS Support Unit\Aucott\DMU\HighwaySegmentsProcessing.gdb\Export_HwySegs,AADTYR,-1,-1;AADTDERIV "AADTDERIV" true true false 40 Text 0 0 ,First,#,N:\GIS Support Unit\Aucott\DMU\HighwaySegmentsProcessing.gdb\Export_HwySegs,AADTDERIV,-1,-1;PKTRK "PKTRK" true true false 8 Double 0 0 ,First,#,N:\GIS Support Unit\Aucott\DMU\HighwaySegmentsProcessing.gdb\Export_HwySegs,PKTRK,-1,-1;OFFPKTRK "OFFPKTRK" true true false 8 Double 0 0 ,First,#,N:\GIS Support Unit\Aucott\DMU\HighwaySegmentsProcessing.gdb\Export_HwySegs,OFFPKTRK,-1,-1;AADTSINGLE "AADTSINGLE" true false false 4 Long 0 0 ,First,#,N:\GIS Support Unit\Aucott\DMU\HighwaySegmentsProcessing.gdb\Export_HwySegs,AADTSINGLE,-1,-1;AADTCOMB "AADTCOMB" true true false 4 Long 0 0 ,First,#,N:\GIS Support Unit\Aucott\DMU\HighwaySegmentsProcessing.gdb\Export_HwySegs,AADTCOMB,-1,-1;VCRATIO "VCRATIO" true true false 8 Double 0 0 ,First,#,N:\GIS Support Unit\Aucott\DMU\HighwaySegmentsProcessing.gdb\Export_HwySegs,VCRATIO,-1,-1;VCRATIO20 "VCRATIO20" true true false 8 Double 0 0 ,First,#,N:\GIS Support Unit\Aucott\DMU\HighwaySegmentsProcessing.gdb\Export_HwySegs,VCRATIO20,-1,-1;VMT "VMT" true true false 8 Double 0 0 ,First,#,N:\GIS Support Unit\Aucott\DMU\HighwaySegmentsProcessing.gdb\Export_HwySegs,VMT,-1,-1;SPEEDLIM "SPEEDLIM" true false false 2 Short 0 0 ,First,#,N:\GIS Support Unit\Aucott\DMU\HighwaySegmentsProcessing.gdb\Export_HwySegs,SPEEDLIM,-1,-1;PRISURF "PRISURF" true true false 40 Text 0 0 ,First,#,N:\GIS Support Unit\Aucott\DMU\HighwaySegmentsProcessing.gdb\Export_HwySegs,PRISURF,-1,-1;THRULNQTY "THRULNQTY" true true false 8 Double 0 0 ,First,#,N:\GIS Support Unit\Aucott\DMU\HighwaySegmentsProcessing.gdb\Export_HwySegs,THRULNQTY,-1,-1;THRULNWD "THRULNWD" true false false 2 Short 0 0 ,First,#,N:\GIS Support Unit\Aucott\DMU\HighwaySegmentsProcessing.gdb\Export_HwySegs,THRULNWD,-1,-1;ISDIVIDED "ISDIVIDED" true true false 3 Text 0 0 ,First,#,N:\GIS Support Unit\Aucott\DMU\HighwaySegmentsProcessing.gdb\Export_HwySegs,ISDIVIDED,-1,-1;PRIOUTSHD "PRIOUTSHD" true true false 20 Text 0 0 ,First,#,N:\GIS Support Unit\Aucott\DMU\HighwaySegmentsProcessing.gdb\Export_HwySegs,PRIOUTSHD,-1,-1;PRIOUTSHDWD "PRIOUTSHDWD" true true false 2 Short 0 0 ,First,#,N:\GIS Support Unit\Aucott\DMU\HighwaySegmentsProcessing.gdb\Export_HwySegs,PRIOUTSHDWD,-1,-1;MEDIAN "MEDIAN" true true false 40 Text 0 0 ,First,#,N:\GIS Support Unit\Aucott\DMU\HighwaySegmentsProcessing.gdb\Export_HwySegs,MEDIAN,-1,-1;MEDIANWD "MEDIANWD" true false false 2 Short 0 0 ,First,#,N:\GIS Support Unit\Aucott\DMU\HighwaySegmentsProcessing.gdb\Export_HwySegs,MEDIANWD,-1,-1;TERRAIN "TERRAIN" true true false 1 Text 0 0 ,First,#,N:\GIS Support Unit\Aucott\DMU\HighwaySegmentsProcessing.gdb\Export_HwySegs,TERRAIN,-1,-1;ALIAS "ALIAS" true true false 75 Text 0 0 ,First,#,N:\GIS Support Unit\Aucott\DMU\HighwaySegmentsProcessing.gdb\Export_HwySegs,ALIAS,-1,-1;DESCRIPTION "DESCRIPTION" true true false 130 Text 0 0 ,First,#,N:\GIS Support Unit\Aucott\DMU\HighwaySegmentsProcessing.gdb\Export_HwySegs,DESCRIPTION,-1,-1;Shape_Length "Shape_Length" false true true 8 Double 0 0 ,First,#,N:\GIS Support Unit\Aucott\DMU\HighwaySegmentsProcessing.gdb\Export_HwySegs,Shape_Length,-1,-1" #</Process><Process ToolSource="C:\Program Files (x86)\ArcGIS\Desktop10.0\ArcToolbox\Toolboxes\Conversion Tools.tbx\FeatureClassToFeatureClass" Date="20140311" Time="080752" Name="" export="">FeatureClassToFeatureClass "Database Connections\vdev.Roadway.sde\sdedev.ROADWAY.Highways" "Database Connections\Prod.Roadway.sde" Highways_withDL # "ROUTE "ROUTE" true false false 4 Text 0 0 ,First,#,Database Connections\vdev.Roadway.sde\sdedev.ROADWAY.Highways,ROUTE,-1,-1;REFPT "REFPT" true true false 8 Double 8 38 ,First,#,Database Connections\vdev.Roadway.sde\sdedev.ROADWAY.Highways,REFPT,-1,-1;ENDREFPT "ENDREFPT" true true false 8 Double 8 38 ,First,#,Database Connections\vdev.Roadway.sde\sdedev.ROADWAY.Highways,ENDREFPT,-1,-1;SEG_LENGTH "SEG_LENGTH" true false false 8 Double 8 38 ,First,#,Database Connections\vdev.Roadway.sde\sdedev.ROADWAY.Highways,SEG_LENGTH,-1,-1;REGION "REGION" true false false 2 Text 0 0 ,First,#,Database Connections\vdev.Roadway.sde\sdedev.ROADWAY.Highways,REGION,-1,-1;TPRID "TPRID" true true false 2 Text 0 0 ,First,#,Database Connections\vdev.Roadway.sde\sdedev.ROADWAY.Highways,TPRID,-1,-1;COMMDISTID "COMMDISTID" true true false 2 Text 0 0 ,First,#,Database Connections\vdev.Roadway.sde\sdedev.ROADWAY.Highways,COMMDISTID,-1,-1;CITY "CITY" true true false 20 Text 0 0 ,First,#,Database Connections\vdev.Roadway.sde\sdedev.ROADWAY.Highways,CITY,-1,-1;FIPSCITY "FIPSCITY" true true false 5 Text 0 0 ,First,#,Database Connections\vdev.Roadway.sde\sdedev.ROADWAY.Highways,FIPSCITY,-1,-1;COUNTY "COUNTY" true true false 14 Text 0 0 ,First,#,Database Connections\vdev.Roadway.sde\sdedev.ROADWAY.Highways,COUNTY,-1,-1;FIPSCOUNTY "FIPSCOUNTY" true false false 3 Text 0 0 ,First,#,Database Connections\vdev.Roadway.sde\sdedev.ROADWAY.Highways,FIPSCOUNTY,-1,-1;POPULATION "POPULATION" true true false 18 Text 0 0 ,First,#,Database Connections\vdev.Roadway.sde\sdedev.ROADWAY.Highways,POPULATION,-1,-1;FUNCCLASS "FUNCCLASS" true true false 40 Text 0 0 ,First,#,Database Connections\vdev.Roadway.sde\sdedev.ROADWAY.Highways,FUNCCLASS,-1,-1;ROUTESIGN "ROUTESIGN" true true false 8 Text 0 0 ,First,#,Database Connections\vdev.Roadway.sde\sdedev.ROADWAY.Highways,ROUTESIGN,-1,-1;NHSDESIG "NHSDESIG" true true false 30 Text 0 0 ,First,#,Database Connections\vdev.Roadway.sde\sdedev.ROADWAY.Highways,NHSDESIG,-1,-1;ACCESS_ "ACCESS_" true true false 40 Text 0 0 ,First,#,Database Connections\vdev.Roadway.sde\sdedev.ROADWAY.Highways,ACCESS_,-1,-1;PRIRDL "PRIRDL" true true false 2 Short 0 5 ,First,#,Database Connections\vdev.Roadway.sde\sdedev.ROADWAY.Highways,PRIRDL,-1,-1;PRIDLCLASS "PRIDLCLASS" true true false 1 Text 0 0 ,First,#,Database Connections\vdev.Roadway.sde\sdedev.ROADWAY.Highways,PRIDLCLASS,-1,-1;PRIIRII "PRIIRII" true true false 4 Long 0 10 ,First,#,Database Connections\vdev.Roadway.sde\sdedev.ROADWAY.Highways,PRIIRII,-1,-1;PRIRUTI "PRIRUTI" true true false 4 Long 0 10 ,First,#,Database Connections\vdev.Roadway.sde\sdedev.ROADWAY.Highways,PRIRUTI,-1,-1;AADT "AADT" true false false 4 Long 0 10 ,First,#,Database Connections\vdev.Roadway.sde\sdedev.ROADWAY.Highways,AADT,-1,-1;AADT20 "AADT20" true true false 8 Double 8 38 ,First,#,Database Connections\vdev.Roadway.sde\sdedev.ROADWAY.Highways,AADT20,-1,-1;AADTYR "AADTYR" true false false 4 Text 0 0 ,First,#,Database Connections\vdev.Roadway.sde\sdedev.ROADWAY.Highways,AADTYR,-1,-1;AADTDERIV "AADTDERIV" true true false 40 Text 0 0 ,First,#,Database Connections\vdev.Roadway.sde\sdedev.ROADWAY.Highways,AADTDERIV,-1,-1;PKTRK "PKTRK" true true false 8 Double 8 38 ,First,#,Database Connections\vdev.Roadway.sde\sdedev.ROADWAY.Highways,PKTRK,-1,-1;OFFPKTRK "OFFPKTRK" true true false 8 Double 8 38 ,First,#,Database Connections\vdev.Roadway.sde\sdedev.ROADWAY.Highways,OFFPKTRK,-1,-1;AADTSINGLE "AADTSINGLE" true false false 4 Long 0 10 ,First,#,Database Connections\vdev.Roadway.sde\sdedev.ROADWAY.Highways,AADTSINGLE,-1,-1;AADTCOMB "AADTCOMB" true true false 4 Long 0 10 ,First,#,Database Connections\vdev.Roadway.sde\sdedev.ROADWAY.Highways,AADTCOMB,-1,-1;VCRATIO "VCRATIO" true true false 8 Double 8 38 ,First,#,Database Connections\vdev.Roadway.sde\sdedev.ROADWAY.Highways,VCRATIO,-1,-1;VCRATIO20 "VCRATIO20" true true false 8 Double 8 38 ,First,#,Database Connections\vdev.Roadway.sde\sdedev.ROADWAY.Highways,VCRATIO20,-1,-1;VMT "VMT" true true false 8 Double 8 38 ,First,#,Database Connections\vdev.Roadway.sde\sdedev.ROADWAY.Highways,VMT,-1,-1;SPEEDLIM "SPEEDLIM" true false false 2 Short 0 5 ,First,#,Database Connections\vdev.Roadway.sde\sdedev.ROADWAY.Highways,SPEEDLIM,-1,-1;PRISURF "PRISURF" true true false 40 Text 0 0 ,First,#,Database Connections\vdev.Roadway.sde\sdedev.ROADWAY.Highways,PRISURF,-1,-1;THRULNQTY "THRULNQTY" true true false 8 Double 8 38 ,First,#,Database Connections\vdev.Roadway.sde\sdedev.ROADWAY.Highways,THRULNQTY,-1,-1;THRULNWD "THRULNWD" true false false 2 Short 0 5 ,First,#,Database Connections\vdev.Roadway.sde\sdedev.ROADWAY.Highways,THRULNWD,-1,-1;ISDIVIDED "ISDIVIDED" true true false 3 Text 0 0 ,First,#,Database Connections\vdev.Roadway.sde\sdedev.ROADWAY.Highways,ISDIVIDED,-1,-1;PRIOUTSHD "PRIOUTSHD" true true false 20 Text 0 0 ,First,#,Database Connections\vdev.Roadway.sde\sdedev.ROADWAY.Highways,PRIOUTSHD,-1,-1;PRIOUTSHDWD "PRIOUTSHDWD" true true false 2 Short 0 5 ,First,#,Database Connections\vdev.Roadway.sde\sdedev.ROADWAY.Highways,PRIOUTSHDWD,-1,-1;MEDIAN "MEDIAN" true true false 40 Text 0 0 ,First,#,Database Connections\vdev.Roadway.sde\sdedev.ROADWAY.Highways,MEDIAN,-1,-1;MEDIANWD "MEDIANWD" true false false 2 Short 0 5 ,First,#,Database Connections\vdev.Roadway.sde\sdedev.ROADWAY.Highways,MEDIANWD,-1,-1;TERRAIN "TERRAIN" true true false 1 Text 0 0 ,First,#,Database Connections\vdev.Roadway.sde\sdedev.ROADWAY.Highways,TERRAIN,-1,-1;ALIAS "ALIAS" true true false 75 Text 0 0 ,First,#,Database Connections\vdev.Roadway.sde\sdedev.ROADWAY.Highways,ALIAS,-1,-1;DESCRIPTION "DESCRIPTION" true true false 130 Text 0 0 ,First,#,Database Connections\vdev.Roadway.sde\sdedev.ROADWAY.Highways,DESCRIPTION,-1,-1;Shape_STLength__ "Shape.STLength()" false false true 0 Double 0 0 ,First,#,Database Connections\vdev.Roadway.sde\sdedev.ROADWAY.Highways,Shape.STLength(),-1,-1" #</Process><Process ToolSource="C:\Program Files (x86)\ArcGIS\Desktop10.0\ArcToolbox\Toolboxes\Data Management Tools.tbx\ChangePrivileges" Date="20140311" Time="081946" Name="" export="">ChangePrivileges 'Database Connections\Prod.Roadway.sde\sdeprod.ROADWAY.Highways_withDL' sdeprod_user # #</Process><Process ToolSource="C:\Program Files (x86)\ArcGIS\Desktop10.0\ArcToolbox\Toolboxes\Data Management Tools.tbx\ChangePrivileges" Date="20140311" Time="085355" Name="" export="">ChangePrivileges 'Database Connections\Prod.Roadway.sde\sdeprod.ROADWAY.Highways_withDL' sdeprod_user GRANT #</Process><Process ToolSource="C:\Program Files (x86)\ArcGIS\Desktop10.0\ArcToolbox\Toolboxes\Data Management Tools.tbx\DeleteFeatures" Date="20140506" Time="154108" Name="" export="">DeleteFeatures "Database Connections\Prod.Roadway.sde\sdeprod.ROADWAY.Highways_withDL"</Process><Process ToolSource="C:\Program Files (x86)\ArcGIS\Desktop10.0\ArcToolbox\Toolboxes\Data Management Tools.tbx\Append" Date="20140506" Time="154336" Name="" export="">Append 'Database Connections\vdev.Roadway.sde\sdedev.ROADWAY.Highways' "Database Connections\Prod.Roadway.sde\sdeprod.ROADWAY.Highways_withDL" NO_TEST "ROUTE "ROUTE" true false false 4 Text 0 0 ,First,#,Database Connections\vdev.Roadway.sde\sdedev.ROADWAY.Highways,ROUTE,-1,-1;REFPT "REFPT" true true false 8 Double 8 38 ,First,#,Database Connections\vdev.Roadway.sde\sdedev.ROADWAY.Highways,REFPT,-1,-1;ENDREFPT "ENDREFPT" true true false 8 Double 8 38 ,First,#,Database Connections\vdev.Roadway.sde\sdedev.ROADWAY.Highways,ENDREFPT,-1,-1;SEG_LENGTH "SEG_LENGTH" true false false 8 Double 8 38 ,First,#,Database Connections\vdev.Roadway.sde\sdedev.ROADWAY.Highways,SEG_LENGTH,-1,-1;REGION "REGION" true false false 2 Text 0 0 ,First,#,Database Connections\vdev.Roadway.sde\sdedev.ROADWAY.Highways,REGION,-1,-1;TPRID "TPRID" true true false 2 Text 0 0 ,First,#,Database Connections\vdev.Roadway.sde\sdedev.ROADWAY.Highways,TPRID,-1,-1;COMMDISTID "COMMDISTID" true true false 2 Text 0 0 ,First,#,Database Connections\vdev.Roadway.sde\sdedev.ROADWAY.Highways,COMMDISTID,-1,-1;CITY "CITY" true true false 20 Text 0 0 ,First,#,Database Connections\vdev.Roadway.sde\sdedev.ROADWAY.Highways,CITY,-1,-1;FIPSCITY "FIPSCITY" true true false 5 Text 0 0 ,First,#,Database Connections\vdev.Roadway.sde\sdedev.ROADWAY.Highways,FIPSCITY,-1,-1;COUNTY "COUNTY" true true false 14 Text 0 0 ,First,#,Database Connections\vdev.Roadway.sde\sdedev.ROADWAY.Highways,COUNTY,-1,-1;FIPSCOUNTY "FIPSCOUNTY" true false false 3 Text 0 0 ,First,#,Database Connections\vdev.Roadway.sde\sdedev.ROADWAY.Highways,FIPSCOUNTY,-1,-1;POPULATION "POPULATION" true true false 18 Text 0 0 ,First,#,Database Connections\vdev.Roadway.sde\sdedev.ROADWAY.Highways,POPULATION,-1,-1;FUNCCLASS "FUNCCLASS" true true false 40 Text 0 0 ,First,#,Database Connections\vdev.Roadway.sde\sdedev.ROADWAY.Highways,FUNCCLASS,-1,-1;ROUTESIGN "ROUTESIGN" true true false 8 Text 0 0 ,First,#,Database Connections\vdev.Roadway.sde\sdedev.ROADWAY.Highways,ROUTESIGN,-1,-1;NHSDESIG "NHSDESIG" true true false 30 Text 0 0 ,First,#,Database Connections\vdev.Roadway.sde\sdedev.ROADWAY.Highways,NHSDESIG,-1,-1;ACCESS_ "ACCESS_" true true false 40 Text 0 0 ,First,#,Database Connections\vdev.Roadway.sde\sdedev.ROADWAY.Highways,ACCESS_,-1,-1;PRIRDL "PRIRDL" true true false 2 Short 0 5 ,First,#,Database Connections\vdev.Roadway.sde\sdedev.ROADWAY.Highways,PRIRDL,-1,-1;PRIDLCLASS "PRIDLCLASS" true true false 1 Text 0 0 ,First,#,Database Connections\vdev.Roadway.sde\sdedev.ROADWAY.Highways,PRIDLCLASS,-1,-1;PRIIRII "PRIIRII" true true false 4 Long 0 10 ,First,#,Database Connections\vdev.Roadway.sde\sdedev.ROADWAY.Highways,PRIIRII,-1,-1;PRIRUTI "PRIRUTI" true true false 4 Long 0 10 ,First,#,Database Connections\vdev.Roadway.sde\sdedev.ROADWAY.Highways,PRIRUTI,-1,-1;AADT "AADT" true false false 4 Long 0 10 ,First,#,Database Connections\vdev.Roadway.sde\sdedev.ROADWAY.Highways,AADT,-1,-1;AADT20 "AADT20" true true false 8 Double 8 38 ,First,#,Database Connections\vdev.Roadway.sde\sdedev.ROADWAY.Highways,AADT20,-1,-1;AADTYR "AADTYR" true false false 4 Text 0 0 ,First,#,Database Connections\vdev.Roadway.sde\sdedev.ROADWAY.Highways,AADTYR,-1,-1;AADTDERIV "AADTDERIV" true true false 40 Text 0 0 ,First,#,Database Connections\vdev.Roadway.sde\sdedev.ROADWAY.Highways,AADTDERIV,-1,-1;PKTRK "PKTRK" true true false 8 Double 8 38 ,First,#,Database Connections\vdev.Roadway.sde\sdedev.ROADWAY.Highways,PKTRK,-1,-1;OFFPKTRK "OFFPKTRK" true true false 8 Double 8 38 ,First,#,Database Connections\vdev.Roadway.sde\sdedev.ROADWAY.Highways,OFFPKTRK,-1,-1;AADTSINGLE "AADTSINGLE" true false false 4 Long 0 10 ,First,#,Database Connections\vdev.Roadway.sde\sdedev.ROADWAY.Highways,AADTSINGLE,-1,-1;AADTCOMB "AADTCOMB" true true false 4 Long 0 10 ,First,#,Database Connections\vdev.Roadway.sde\sdedev.ROADWAY.Highways,AADTCOMB,-1,-1;VCRATIO "VCRATIO" true true false 8 Double 8 38 ,First,#,Database Connections\vdev.Roadway.sde\sdedev.ROADWAY.Highways,VCRATIO,-1,-1;VCRATIO20 "VCRATIO20" true true false 8 Double 8 38 ,First,#,Database Connections\vdev.Roadway.sde\sdedev.ROADWAY.Highways,VCRATIO20,-1,-1;VMT "VMT" true true false 8 Double 8 38 ,First,#,Database Connections\vdev.Roadway.sde\sdedev.ROADWAY.Highways,VMT,-1,-1;SPEEDLIM "SPEEDLIM" true false false 2 Short 0 5 ,First,#,Database Connections\vdev.Roadway.sde\sdedev.ROADWAY.Highways,SPEEDLIM,-1,-1;PRISURF "PRISURF" true true false 40 Text 0 0 ,First,#,Database Connections\vdev.Roadway.sde\sdedev.ROADWAY.Highways,PRISURF,-1,-1;THRULNQTY "THRULNQTY" true true false 8 Double 8 38 ,First,#,Database Connections\vdev.Roadway.sde\sdedev.ROADWAY.Highways,THRULNQTY,-1,-1;THRULNWD "THRULNWD" true false false 2 Short 0 5 ,First,#,Database Connections\vdev.Roadway.sde\sdedev.ROADWAY.Highways,THRULNWD,-1,-1;ISDIVIDED "ISDIVIDED" true true false 3 Text 0 0 ,First,#,Database Connections\vdev.Roadway.sde\sdedev.ROADWAY.Highways,ISDIVIDED,-1,-1;PRIOUTSHD "PRIOUTSHD" true true false 20 Text 0 0 ,First,#,Database Connections\vdev.Roadway.sde\sdedev.ROADWAY.Highways,PRIOUTSHD,-1,-1;PRIOUTSHDWD "PRIOUTSHDWD" true true false 2 Short 0 5 ,First,#,Database Connections\vdev.Roadway.sde\sdedev.ROADWAY.Highways,PRIOUTSHDWD,-1,-1;MEDIAN "MEDIAN" true true false 40 Text 0 0 ,First,#,Database Connections\vdev.Roadway.sde\sdedev.ROADWAY.Highways,MEDIAN,-1,-1;MEDIANWD "MEDIANWD" true false false 2 Short 0 5 ,First,#,Database Connections\vdev.Roadway.sde\sdedev.ROADWAY.Highways,MEDIANWD,-1,-1;TERRAIN "TERRAIN" true true false 1 Text 0 0 ,First,#,Database Connections\vdev.Roadway.sde\sdedev.ROADWAY.Highways,TERRAIN,-1,-1;ALIAS "ALIAS" true true false 75 Text 0 0 ,First,#,Database Connections\vdev.Roadway.sde\sdedev.ROADWAY.Highways,ALIAS,-1,-1;DESCRIPTION "DESCRIPTION" true true false 130 Text 0 0 ,First,#,Database Connections\vdev.Roadway.sde\sdedev.ROADWAY.Highways,DESCRIPTION,-1,-1;Shape_STLength__ "Shape.STLength()" true false false 8 Double 8 38 ,First,#;Shape.STLength() "Shape.STLength()" false false true 0 Double 0 0 ,First,#,Database Connections\vdev.Roadway.sde\sdedev.ROADWAY.Highways,Shape.STLength(),-1,-1" #</Process><Process ToolSource="C:\Program Files (x86)\ArcGIS\Desktop10.0\ArcToolbox\Toolboxes\Data Management Tools.tbx\ChangePrivileges" Date="20140606" Time="111549" Name="" export="">ChangePrivileges 'Database Connections\Prod.Roadway.sde\sdeprod.ROADWAY.Highways' sdeprod_user GRANT #</Process><Process ToolSource="C:\Program Files (x86)\ArcGIS\Desktop10.0\ArcToolbox\Toolboxes\Data Management Tools.tbx\DeleteFeatures" Date="20140814" Time="071450" Name="" export="">DeleteFeatures "Database Connections\Prod.Roadway.sde\\Highways"</Process><Process ToolSource="C:\Program Files (x86)\ArcGIS\Desktop10.0\ArcToolbox\Toolboxes\Data Management Tools.tbx\Append" Date="20140814" Time="071628" Name="" export="">Append 'Database Connections\vdev.Roadway.sde\Highways' "Database Connections\Prod.Roadway.sde\\Highways" NO_TEST "ROUTE "ROUTE" true false false 4 Text 0 0 ,First,#,Database Connections\vdev.Roadway.sde\Highways,ROUTE,-1,-1;REFPT "REFPT" true true false 8 Double 8 38 ,First,#,Database Connections\vdev.Roadway.sde\Highways,REFPT,-1,-1;ENDREFPT "ENDREFPT" true true false 8 Double 8 38 ,First,#,Database Connections\vdev.Roadway.sde\Highways,ENDREFPT,-1,-1;SEG_LENGTH "SEG_LENGTH" true false false 8 Double 8 38 ,First,#,Database Connections\vdev.Roadway.sde\Highways,SEG_LENGTH,-1,-1;REGION "REGION" true false false 2 Text 0 0 ,First,#,Database Connections\vdev.Roadway.sde\Highways,REGION,-1,-1;TPRID "TPRID" true true false 2 Text 0 0 ,First,#,Database Connections\vdev.Roadway.sde\Highways,TPRID,-1,-1;COMMDISTID "COMMDISTID" true true false 2 Text 0 0 ,First,#,Database Connections\vdev.Roadway.sde\Highways,COMMDISTID,-1,-1;CITY "CITY" true true false 20 Text 0 0 ,First,#,Database Connections\vdev.Roadway.sde\Highways,CITY,-1,-1;FIPSCITY "FIPSCITY" true true false 5 Text 0 0 ,First,#,Database Connections\vdev.Roadway.sde\Highways,FIPSCITY,-1,-1;COUNTY "COUNTY" true true false 14 Text 0 0 ,First,#,Database Connections\vdev.Roadway.sde\Highways,COUNTY,-1,-1;FIPSCOUNTY "FIPSCOUNTY" true false false 3 Text 0 0 ,First,#,Database Connections\vdev.Roadway.sde\Highways,FIPSCOUNTY,-1,-1;POPULATION "POPULATION" true true false 18 Text 0 0 ,First,#,Database Connections\vdev.Roadway.sde\Highways,POPULATION,-1,-1;FUNCCLASS "FUNCCLASS" true true false 40 Text 0 0 ,First,#,Database Connections\vdev.Roadway.sde\Highways,FUNCCLASS,-1,-1;ROUTESIGN "ROUTESIGN" true true false 8 Text 0 0 ,First,#,Database Connections\vdev.Roadway.sde\Highways,ROUTESIGN,-1,-1;NHSDESIG "NHSDESIG" true true false 30 Text 0 0 ,First,#,Database Connections\vdev.Roadway.sde\Highways,NHSDESIG,-1,-1;ACCESS_ "ACCESS_" true true false 40 Text 0 0 ,First,#,Database Connections\vdev.Roadway.sde\Highways,ACCESS_,-1,-1;PRIRDL "PRIRDL" true true false 2 Short 0 5 ,First,#,Database Connections\vdev.Roadway.sde\Highways,PRIRDL,-1,-1;PRIDLCLASS "PRIDLCLASS" true true false 1 Text 0 0 ,First,#,Database Connections\vdev.Roadway.sde\Highways,PRIDLCLASS,-1,-1;PRIIRII "PRIIRII" true true false 4 Long 0 10 ,First,#,Database Connections\vdev.Roadway.sde\Highways,PRIIRII,-1,-1;PRIRUTI "PRIRUTI" true true false 4 Long 0 10 ,First,#,Database Connections\vdev.Roadway.sde\Highways,PRIRUTI,-1,-1;AADT "AADT" true false false 4 Long 0 10 ,First,#,Database Connections\vdev.Roadway.sde\Highways,AADT,-1,-1;AADT20 "AADT20" true true false 8 Double 8 38 ,First,#,Database Connections\vdev.Roadway.sde\Highways,AADT20,-1,-1;AADTYR "AADTYR" true false false 4 Text 0 0 ,First,#,Database Connections\vdev.Roadway.sde\Highways,AADTYR,-1,-1;AADTDERIV "AADTDERIV" true true false 40 Text 0 0 ,First,#,Database Connections\vdev.Roadway.sde\Highways,AADTDERIV,-1,-1;PKTRK "PKTRK" true true false 8 Double 8 38 ,First,#,Database Connections\vdev.Roadway.sde\Highways,PKTRK,-1,-1;OFFPKTRK "OFFPKTRK" true true false 8 Double 8 38 ,First,#,Database Connections\vdev.Roadway.sde\Highways,OFFPKTRK,-1,-1;AADTSINGLE "AADTSINGLE" true false false 4 Long 0 10 ,First,#,Database Connections\vdev.Roadway.sde\Highways,AADTSINGLE,-1,-1;AADTCOMB "AADTCOMB" true true false 4 Long 0 10 ,First,#,Database Connections\vdev.Roadway.sde\Highways,AADTCOMB,-1,-1;VCRATIO "VCRATIO" true true false 8 Double 8 38 ,First,#,Database Connections\vdev.Roadway.sde\Highways,VCRATIO,-1,-1;VCRATIO20 "VCRATIO20" true true false 8 Double 8 38 ,First,#,Database Connections\vdev.Roadway.sde\Highways,VCRATIO20,-1,-1;VMT "VMT" true true false 8 Double 8 38 ,First,#,Database Connections\vdev.Roadway.sde\Highways,VMT,-1,-1;SPEEDLIM "SPEEDLIM" true false false 2 Short 0 5 ,First,#,Database Connections\vdev.Roadway.sde\Highways,SPEEDLIM,-1,-1;PRISURF "PRISURF" true true false 40 Text 0 0 ,First,#,Database Connections\vdev.Roadway.sde\Highways,PRISURF,-1,-1;THRULNQTY "THRULNQTY" true true false 8 Double 8 38 ,First,#,Database Connections\vdev.Roadway.sde\Highways,THRULNQTY,-1,-1;THRULNWD "THRULNWD" true false false 2 Short 0 5 ,First,#,Database Connections\vdev.Roadway.sde\Highways,THRULNWD,-1,-1;ISDIVIDED "ISDIVIDED" true true false 3 Text 0 0 ,First,#,Database Connections\vdev.Roadway.sde\Highways,ISDIVIDED,-1,-1;PRIOUTSHD "PRIOUTSHD" true true false 20 Text 0 0 ,First,#,Database Connections\vdev.Roadway.sde\Highways,PRIOUTSHD,-1,-1;PRIOUTSHDWD "PRIOUTSHDWD" true true false 2 Short 0 5 ,First,#,Database Connections\vdev.Roadway.sde\Highways,PRIOUTSHDWD,-1,-1;MEDIAN "MEDIAN" true true false 40 Text 0 0 ,First,#,Database Connections\vdev.Roadway.sde\Highways,MEDIAN,-1,-1;MEDIANWD "MEDIANWD" true false false 2 Short 0 5 ,First,#,Database Connections\vdev.Roadway.sde\Highways,MEDIANWD,-1,-1;TERRAIN "TERRAIN" true true false 1 Text 0 0 ,First,#,Database Connections\vdev.Roadway.sde\Highways,TERRAIN,-1,-1;ALIAS "ALIAS" true true false 75 Text 0 0 ,First,#,Database Connections\vdev.Roadway.sde\Highways,ALIAS,-1,-1;DESCRIPTION "DESCRIPTION" true true false 130 Text 0 0 ,First,#,Database Connections\vdev.Roadway.sde\Highways,DESCRIPTION,-1,-1;Shape_STLength__ "Shape.STLength()" true false false 8 Double 8 38 ,First,#;Shape.STLength() "Shape.STLength()" false false true 0 Double 0 0 ,First,#,Database Connections\vdev.Roadway.sde\Highways,Shape.STLength(),-1,-1" #</Process><Process ToolSource="c:\program files (x86)\arcgis\desktop10.2\ArcToolbox\Toolboxes\Data Management Tools.tbx\DeleteFeatures" Date="20141030" Time="153447" Name="" export="">DeleteFeatures "Database Connections\Prod.Roadway.sde\\Highways"</Process><Process ToolSource="c:\program files (x86)\arcgis\desktop10.2\ArcToolbox\Toolboxes\Data Management Tools.tbx\Append" Date="20141030" Time="153848" Name="" export="">Append 'Database Connections\vdev.Roadway.sde\Highways' "Database Connections\Prod.Roadway.sde\\Highways" NO_TEST "ROUTE "ROUTE" true false false 4 Text 0 0 ,First,#,Database Connections\vdev.Roadway.sde\Highways,ROUTE,-1,-1;REFPT "REFPT" true true false 8 Double 8 38 ,First,#,Database Connections\vdev.Roadway.sde\Highways,REFPT,-1,-1;ENDREFPT "ENDREFPT" true true false 8 Double 8 38 ,First,#,Database Connections\vdev.Roadway.sde\Highways,ENDREFPT,-1,-1;SEG_LENGTH "SEG_LENGTH" true false false 8 Double 8 38 ,First,#,Database Connections\vdev.Roadway.sde\Highways,SEG_LENGTH,-1,-1;REGION "REGION" true false false 2 Text 0 0 ,First,#,Database Connections\vdev.Roadway.sde\Highways,REGION,-1,-1;TPRID "TPRID" true true false 2 Text 0 0 ,First,#,Database Connections\vdev.Roadway.sde\Highways,TPRID,-1,-1;COMMDISTID "COMMDISTID" true true false 2 Text 0 0 ,First,#,Database Connections\vdev.Roadway.sde\Highways,COMMDISTID,-1,-1;CITY "CITY" true true false 20 Text 0 0 ,First,#,Database Connections\vdev.Roadway.sde\Highways,CITY,-1,-1;FIPSCITY "FIPSCITY" true true false 5 Text 0 0 ,First,#,Database Connections\vdev.Roadway.sde\Highways,FIPSCITY,-1,-1;COUNTY "COUNTY" true true false 14 Text 0 0 ,First,#,Database Connections\vdev.Roadway.sde\Highways,COUNTY,-1,-1;FIPSCOUNTY "FIPSCOUNTY" true false false 3 Text 0 0 ,First,#,Database Connections\vdev.Roadway.sde\Highways,FIPSCOUNTY,-1,-1;POPULATION "POPULATION" true true false 18 Text 0 0 ,First,#,Database Connections\vdev.Roadway.sde\Highways,POPULATION,-1,-1;FUNCCLASS "FUNCCLASS" true true false 40 Text 0 0 ,First,#,Database Connections\vdev.Roadway.sde\Highways,FUNCCLASS,-1,-1;ROUTESIGN "ROUTESIGN" true true false 8 Text 0 0 ,First,#,Database Connections\vdev.Roadway.sde\Highways,ROUTESIGN,-1,-1;NHSDESIG "NHSDESIG" true true false 30 Text 0 0 ,First,#,Database Connections\vdev.Roadway.sde\Highways,NHSDESIG,-1,-1;ACCESS_ "ACCESS_" true true false 40 Text 0 0 ,First,#,Database Connections\vdev.Roadway.sde\Highways,ACCESS_,-1,-1;PRIRDL "PRIRDL" true true false 2 Short 0 5 ,First,#,Database Connections\vdev.Roadway.sde\Highways,PRIRDL,-1,-1;PRIDLCLASS "PRIDLCLASS" true true false 1 Text 0 0 ,First,#,Database Connections\vdev.Roadway.sde\Highways,PRIDLCLASS,-1,-1;PRIIRII "PRIIRII" true true false 4 Long 0 10 ,First,#,Database Connections\vdev.Roadway.sde\Highways,PRIIRII,-1,-1;PRIRUTI "PRIRUTI" true true false 4 Long 0 10 ,First,#,Database Connections\vdev.Roadway.sde\Highways,PRIRUTI,-1,-1;AADT "AADT" true false false 4 Long 0 10 ,First,#,Database Connections\vdev.Roadway.sde\Highways,AADT,-1,-1;AADT20 "AADT20" true true false 8 Double 8 38 ,First,#,Database Connections\vdev.Roadway.sde\Highways,AADT20,-1,-1;AADTYR "AADTYR" true false false 4 Text 0 0 ,First,#,Database Connections\vdev.Roadway.sde\Highways,AADTYR,-1,-1;AADTDERIV "AADTDERIV" true true false 40 Text 0 0 ,First,#,Database Connections\vdev.Roadway.sde\Highways,AADTDERIV,-1,-1;PKTRK "PKTRK" true true false 8 Double 8 38 ,First,#,Database Connections\vdev.Roadway.sde\Highways,PKTRK,-1,-1;OFFPKTRK "OFFPKTRK" true true false 8 Double 8 38 ,First,#,Database Connections\vdev.Roadway.sde\Highways,OFFPKTRK,-1,-1;AADTSINGLE "AADTSINGLE" true false false 4 Long 0 10 ,First,#,Database Connections\vdev.Roadway.sde\Highways,AADTSINGLE,-1,-1;AADTCOMB "AADTCOMB" true true false 4 Long 0 10 ,First,#,Database Connections\vdev.Roadway.sde\Highways,AADTCOMB,-1,-1;VCRATIO "VCRATIO" true true false 8 Double 8 38 ,First,#,Database Connections\vdev.Roadway.sde\Highways,VCRATIO,-1,-1;VCRATIO20 "VCRATIO20" true true false 8 Double 8 38 ,First,#,Database Connections\vdev.Roadway.sde\Highways,VCRATIO20,-1,-1;VMT "VMT" true true false 8 Double 8 38 ,First,#,Database Connections\vdev.Roadway.sde\Highways,VMT,-1,-1;SPEEDLIM "SPEEDLIM" true false false 2 Short 0 5 ,First,#,Database Connections\vdev.Roadway.sde\Highways,SPEEDLIM,-1,-1;PRISURF "PRISURF" true true false 40 Text 0 0 ,First,#,Database Connections\vdev.Roadway.sde\Highways,PRISURF,-1,-1;THRULNQTY "THRULNQTY" true true false 8 Double 8 38 ,First,#,Database Connections\vdev.Roadway.sde\Highways,THRULNQTY,-1,-1;THRULNWD "THRULNWD" true false false 2 Short 0 5 ,First,#,Database Connections\vdev.Roadway.sde\Highways,THRULNWD,-1,-1;ISDIVIDED "ISDIVIDED" true true false 3 Text 0 0 ,First,#,Database Connections\vdev.Roadway.sde\Highways,ISDIVIDED,-1,-1;PRIOUTSHD "PRIOUTSHD" true true false 20 Text 0 0 ,First,#,Database Connections\vdev.Roadway.sde\Highways,PRIOUTSHD,-1,-1;PRIOUTSHDWD "PRIOUTSHDWD" true true false 2 Short 0 5 ,First,#,Database Connections\vdev.Roadway.sde\Highways,PRIOUTSHDWD,-1,-1;MEDIAN "MEDIAN" true true false 40 Text 0 0 ,First,#,Database Connections\vdev.Roadway.sde\Highways,MEDIAN,-1,-1;MEDIANWD "MEDIANWD" true false false 2 Short 0 5 ,First,#,Database Connections\vdev.Roadway.sde\Highways,MEDIANWD,-1,-1;TERRAIN "TERRAIN" true true false 1 Text 0 0 ,First,#,Database Connections\vdev.Roadway.sde\Highways,TERRAIN,-1,-1;ALIAS "ALIAS" true true false 75 Text 0 0 ,First,#,Database Connections\vdev.Roadway.sde\Highways,ALIAS,-1,-1;DESCRIPTION "DESCRIPTION" true true false 130 Text 0 0 ,First,#,Database Connections\vdev.Roadway.sde\Highways,DESCRIPTION,-1,-1;Shape_STLength__ "Shape.STLength()" true false false 8 Double 8 38 ,First,#;Shape.STLength() "Shape.STLength()" false false true 0 Double 0 0 ,First,#,Database Connections\vdev.Roadway.sde\Highways,Shape.STLength(),-1,-1" #</Process><Process ToolSource="c:\program files (x86)\arcgis\desktop10.2\ArcToolbox\Toolboxes\Data Management Tools.tbx\DeleteFeatures" Date="20150218" Time="102103" Name="" export="">DeleteFeatures "Database Connections\Prod.Roadway.sde\\Highways"</Process><Process ToolSource="c:\program files (x86)\arcgis\desktop10.2\ArcToolbox\Toolboxes\Data Management Tools.tbx\Append" Date="20150218" Time="102615" Name="" export="">Append 'Database Connections\vdev.Roadway.sde\Highways' "Database Connections\Prod.Roadway.sde\\Highways" NO_TEST "ROUTE "ROUTE" true false false 4 Text 0 0 ,First,#,Database Connections\vdev.Roadway.sde\Highways,ROUTE,-1,-1;REFPT "REFPT" true true false 8 Double 8 38 ,First,#,Database Connections\vdev.Roadway.sde\Highways,REFPT,-1,-1;ENDREFPT "ENDREFPT" true true false 8 Double 8 38 ,First,#,Database Connections\vdev.Roadway.sde\Highways,ENDREFPT,-1,-1;SEG_LENGTH "SEG_LENGTH" true false false 8 Double 8 38 ,First,#,Database Connections\vdev.Roadway.sde\Highways,SEG_LENGTH,-1,-1;REGION "REGION" true false false 2 Text 0 0 ,First,#,Database Connections\vdev.Roadway.sde\Highways,REGION,-1,-1;TPRID "TPRID" true true false 2 Text 0 0 ,First,#,Database Connections\vdev.Roadway.sde\Highways,TPRID,-1,-1;COMMDISTID "COMMDISTID" true true false 2 Text 0 0 ,First,#,Database Connections\vdev.Roadway.sde\Highways,COMMDISTID,-1,-1;CITY "CITY" true true false 20 Text 0 0 ,First,#,Database Connections\vdev.Roadway.sde\Highways,CITY,-1,-1;FIPSCITY "FIPSCITY" true true false 5 Text 0 0 ,First,#,Database Connections\vdev.Roadway.sde\Highways,FIPSCITY,-1,-1;COUNTY "COUNTY" true true false 14 Text 0 0 ,First,#,Database Connections\vdev.Roadway.sde\Highways,COUNTY,-1,-1;FIPSCOUNTY "FIPSCOUNTY" true false false 3 Text 0 0 ,First,#,Database Connections\vdev.Roadway.sde\Highways,FIPSCOUNTY,-1,-1;POPULATION "POPULATION" true true false 18 Text 0 0 ,First,#,Database Connections\vdev.Roadway.sde\Highways,POPULATION,-1,-1;FUNCCLASS "FUNCCLASS" true true false 40 Text 0 0 ,First,#,Database Connections\vdev.Roadway.sde\Highways,FUNCCLASS,-1,-1;ROUTESIGN "ROUTESIGN" true true false 8 Text 0 0 ,First,#,Database Connections\vdev.Roadway.sde\Highways,ROUTESIGN,-1,-1;NHSDESIG "NHSDESIG" true true false 30 Text 0 0 ,First,#,Database Connections\vdev.Roadway.sde\Highways,NHSDESIG,-1,-1;ACCESS_ "ACCESS_" true true false 40 Text 0 0 ,First,#,Database Connections\vdev.Roadway.sde\Highways,ACCESS_,-1,-1;PRIRDL "PRIRDL" true true false 2 Short 0 5 ,First,#,Database Connections\vdev.Roadway.sde\Highways,PRIRDL,-1,-1;PRIDLCLASS "PRIDLCLASS" true true false 1 Text 0 0 ,First,#,Database Connections\vdev.Roadway.sde\Highways,PRIDLCLASS,-1,-1;PRIIRII "PRIIRII" true true false 4 Long 0 10 ,First,#,Database Connections\vdev.Roadway.sde\Highways,PRIIRII,-1,-1;PRIRUTI "PRIRUTI" true true false 4 Long 0 10 ,First,#,Database Connections\vdev.Roadway.sde\Highways,PRIRUTI,-1,-1;AADT "AADT" true false false 4 Long 0 10 ,First,#,Database Connections\vdev.Roadway.sde\Highways,AADT,-1,-1;AADT20 "AADT20" true true false 8 Double 8 38 ,First,#,Database Connections\vdev.Roadway.sde\Highways,AADT20,-1,-1;AADTYR "AADTYR" true false false 4 Text 0 0 ,First,#,Database Connections\vdev.Roadway.sde\Highways,AADTYR,-1,-1;AADTDERIV "AADTDERIV" true true false 40 Text 0 0 ,First,#,Database Connections\vdev.Roadway.sde\Highways,AADTDERIV,-1,-1;PKTRK "PKTRK" true true false 8 Double 8 38 ,First,#,Database Connections\vdev.Roadway.sde\Highways,PKTRK,-1,-1;OFFPKTRK "OFFPKTRK" true true false 8 Double 8 38 ,First,#,Database Connections\vdev.Roadway.sde\Highways,OFFPKTRK,-1,-1;AADTSINGLE "AADTSINGLE" true false false 4 Long 0 10 ,First,#,Database Connections\vdev.Roadway.sde\Highways,AADTSINGLE,-1,-1;AADTCOMB "AADTCOMB" true true false 4 Long 0 10 ,First,#,Database Connections\vdev.Roadway.sde\Highways,AADTCOMB,-1,-1;VCRATIO "VCRATIO" true true false 8 Double 8 38 ,First,#,Database Connections\vdev.Roadway.sde\Highways,VCRATIO,-1,-1;VCRATIO20 "VCRATIO20" true true false 8 Double 8 38 ,First,#,Database Connections\vdev.Roadway.sde\Highways,VCRATIO20,-1,-1;VMT "VMT" true true false 8 Double 8 38 ,First,#,Database Connections\vdev.Roadway.sde\Highways,VMT,-1,-1;SPEEDLIM "SPEEDLIM" true false false 2 Short 0 5 ,First,#,Database Connections\vdev.Roadway.sde\Highways,SPEEDLIM,-1,-1;PRISURF "PRISURF" true true false 40 Text 0 0 ,First,#,Database Connections\vdev.Roadway.sde\Highways,PRISURF,-1,-1;THRULNQTY "THRULNQTY" true true false 8 Double 8 38 ,First,#,Database Connections\vdev.Roadway.sde\Highways,THRULNQTY,-1,-1;THRULNWD "THRULNWD" true false false 2 Short 0 5 ,First,#,Database Connections\vdev.Roadway.sde\Highways,THRULNWD,-1,-1;ISDIVIDED "ISDIVIDED" true true false 3 Text 0 0 ,First,#,Database Connections\vdev.Roadway.sde\Highways,ISDIVIDED,-1,-1;PRIOUTSHD "PRIOUTSHD" true true false 20 Text 0 0 ,First,#,Database Connections\vdev.Roadway.sde\Highways,PRIOUTSHD,-1,-1;PRIOUTSHDWD "PRIOUTSHDWD" true true false 2 Short 0 5 ,First,#,Database Connections\vdev.Roadway.sde\Highways,PRIOUTSHDWD,-1,-1;MEDIAN "MEDIAN" true true false 40 Text 0 0 ,First,#,Database Connections\vdev.Roadway.sde\Highways,MEDIAN,-1,-1;MEDIANWD "MEDIANWD" true false false 2 Short 0 5 ,First,#,Database Connections\vdev.Roadway.sde\Highways,MEDIANWD,-1,-1;TERRAIN "TERRAIN" true true false 1 Text 0 0 ,First,#,Database Connections\vdev.Roadway.sde\Highways,TERRAIN,-1,-1;ALIAS "ALIAS" true true false 75 Text 0 0 ,First,#,Database Connections\vdev.Roadway.sde\Highways,ALIAS,-1,-1;DESCRIPTION "DESCRIPTION" true true false 130 Text 0 0 ,First,#,Database Connections\vdev.Roadway.sde\Highways,DESCRIPTION,-1,-1;Shape_STLength__ "Shape.STLength()" true false false 8 Double 8 38 ,First,#;Shape.STLength() "Shape.STLength()" false false true 0 Double 0 0 ,First,#,Database Connections\vdev.Roadway.sde\Highways,Shape.STLength(),-1,-1" #</Process><Process ToolSource="c:\program files (x86)\arcgis\desktop10.2\ArcToolbox\Toolboxes\Data Management Tools.tbx\DeleteFeatures" Date="20150227" Time="100122" Name="" export="">DeleteFeatures "Database Connections\Prod.Roadway.sde\\Highways"</Process><Process ToolSource="c:\program files (x86)\arcgis\desktop10.2\ArcToolbox\Toolboxes\Data Management Tools.tbx\Append" Date="20150227" Time="100633" Name="" export="">Append 'Database Connections\vdev.Roadway.sde\Highways' "Database Connections\Prod.Roadway.sde\\Highways" NO_TEST "ROUTE "ROUTE" true false false 4 Text 0 0 ,First,#,Database Connections\vdev.Roadway.sde\Highways,ROUTE,-1,-1;REFPT "REFPT" true true false 8 Double 8 38 ,First,#,Database Connections\vdev.Roadway.sde\Highways,REFPT,-1,-1;ENDREFPT "ENDREFPT" true true false 8 Double 8 38 ,First,#,Database Connections\vdev.Roadway.sde\Highways,ENDREFPT,-1,-1;SEG_LENGTH "SEG_LENGTH" true false false 8 Double 8 38 ,First,#,Database Connections\vdev.Roadway.sde\Highways,SEG_LENGTH,-1,-1;REGION "REGION" true false false 2 Text 0 0 ,First,#,Database Connections\vdev.Roadway.sde\Highways,REGION,-1,-1;TPRID "TPRID" true true false 2 Text 0 0 ,First,#,Database Connections\vdev.Roadway.sde\Highways,TPRID,-1,-1;COMMDISTID "COMMDISTID" true true false 2 Text 0 0 ,First,#,Database Connections\vdev.Roadway.sde\Highways,COMMDISTID,-1,-1;CITY "CITY" true true false 20 Text 0 0 ,First,#,Database Connections\vdev.Roadway.sde\Highways,CITY,-1,-1;FIPSCITY "FIPSCITY" true true false 5 Text 0 0 ,First,#,Database Connections\vdev.Roadway.sde\Highways,FIPSCITY,-1,-1;COUNTY "COUNTY" true true false 14 Text 0 0 ,First,#,Database Connections\vdev.Roadway.sde\Highways,COUNTY,-1,-1;FIPSCOUNTY "FIPSCOUNTY" true false false 3 Text 0 0 ,First,#,Database Connections\vdev.Roadway.sde\Highways,FIPSCOUNTY,-1,-1;POPULATION "POPULATION" true true false 18 Text 0 0 ,First,#,Database Connections\vdev.Roadway.sde\Highways,POPULATION,-1,-1;FUNCCLASS "FUNCCLASS" true true false 40 Text 0 0 ,First,#,Database Connections\vdev.Roadway.sde\Highways,FUNCCLASS,-1,-1;ROUTESIGN "ROUTESIGN" true true false 8 Text 0 0 ,First,#,Database Connections\vdev.Roadway.sde\Highways,ROUTESIGN,-1,-1;NHSDESIG "NHSDESIG" true true false 30 Text 0 0 ,First,#,Database Connections\vdev.Roadway.sde\Highways,NHSDESIG,-1,-1;ACCESS_ "ACCESS_" true true false 40 Text 0 0 ,First,#,Database Connections\vdev.Roadway.sde\Highways,ACCESS_,-1,-1;PRIRDL "PRIRDL" true true false 2 Short 0 5 ,First,#,Database Connections\vdev.Roadway.sde\Highways,PRIRDL,-1,-1;PRIDLCLASS "PRIDLCLASS" true true false 1 Text 0 0 ,First,#,Database Connections\vdev.Roadway.sde\Highways,PRIDLCLASS,-1,-1;PRIIRII "PRIIRII" true true false 4 Long 0 10 ,First,#,Database Connections\vdev.Roadway.sde\Highways,PRIIRII,-1,-1;PRIRUTI "PRIRUTI" true true false 4 Long 0 10 ,First,#,Database Connections\vdev.Roadway.sde\Highways,PRIRUTI,-1,-1;AADT "AADT" true false false 4 Long 0 10 ,First,#,Database Connections\vdev.Roadway.sde\Highways,AADT,-1,-1;AADT20 "AADT20" true true false 8 Double 8 38 ,First,#,Database Connections\vdev.Roadway.sde\Highways,AADT20,-1,-1;AADTYR "AADTYR" true false false 4 Text 0 0 ,First,#,Database Connections\vdev.Roadway.sde\Highways,AADTYR,-1,-1;AADTDERIV "AADTDERIV" true true false 40 Text 0 0 ,First,#,Database Connections\vdev.Roadway.sde\Highways,AADTDERIV,-1,-1;PKTRK "PKTRK" true true false 8 Double 8 38 ,First,#,Database Connections\vdev.Roadway.sde\Highways,PKTRK,-1,-1;OFFPKTRK "OFFPKTRK" true true false 8 Double 8 38 ,First,#,Database Connections\vdev.Roadway.sde\Highways,OFFPKTRK,-1,-1;AADTSINGLE "AADTSINGLE" true false false 4 Long 0 10 ,First,#,Database Connections\vdev.Roadway.sde\Highways,AADTSINGLE,-1,-1;AADTCOMB "AADTCOMB" true true false 4 Long 0 10 ,First,#,Database Connections\vdev.Roadway.sde\Highways,AADTCOMB,-1,-1;VCRATIO "VCRATIO" true true false 8 Double 8 38 ,First,#,Database Connections\vdev.Roadway.sde\Highways,VCRATIO,-1,-1;VCRATIO20 "VCRATIO20" true true false 8 Double 8 38 ,First,#,Database Connections\vdev.Roadway.sde\Highways,VCRATIO20,-1,-1;VMT "VMT" true true false 8 Double 8 38 ,First,#,Database Connections\vdev.Roadway.sde\Highways,VMT,-1,-1;SPEEDLIM "SPEEDLIM" true false false 2 Short 0 5 ,First,#,Database Connections\vdev.Roadway.sde\Highways,SPEEDLIM,-1,-1;PRISURF "PRISURF" true true false 40 Text 0 0 ,First,#,Database Connections\vdev.Roadway.sde\Highways,PRISURF,-1,-1;THRULNQTY "THRULNQTY" true true false 8 Double 8 38 ,First,#,Database Connections\vdev.Roadway.sde\Highways,THRULNQTY,-1,-1;THRULNWD "THRULNWD" true false false 2 Short 0 5 ,First,#,Database Connections\vdev.Roadway.sde\Highways,THRULNWD,-1,-1;ISDIVIDED "ISDIVIDED" true true false 3 Text 0 0 ,First,#,Database Connections\vdev.Roadway.sde\Highways,ISDIVIDED,-1,-1;PRIOUTSHD "PRIOUTSHD" true true false 20 Text 0 0 ,First,#,Database Connections\vdev.Roadway.sde\Highways,PRIOUTSHD,-1,-1;PRIOUTSHDWD "PRIOUTSHDWD" true true false 2 Short 0 5 ,First,#,Database Connections\vdev.Roadway.sde\Highways,PRIOUTSHDWD,-1,-1;MEDIAN "MEDIAN" true true false 40 Text 0 0 ,First,#,Database Connections\vdev.Roadway.sde\Highways,MEDIAN,-1,-1;MEDIANWD "MEDIANWD" true false false 2 Short 0 5 ,First,#,Database Connections\vdev.Roadway.sde\Highways,MEDIANWD,-1,-1;TERRAIN "TERRAIN" true true false 1 Text 0 0 ,First,#,Database Connections\vdev.Roadway.sde\Highways,TERRAIN,-1,-1;ALIAS "ALIAS" true true false 75 Text 0 0 ,First,#,Database Connections\vdev.Roadway.sde\Highways,ALIAS,-1,-1;DESCRIPTION "DESCRIPTION" true true false 130 Text 0 0 ,First,#,Database Connections\vdev.Roadway.sde\Highways,DESCRIPTION,-1,-1;Shape_STLength__ "Shape.STLength()" true false false 8 Double 8 38 ,First,#;Shape.STLength() "Shape.STLength()" false false true 0 Double 0 0 ,First,#,Database Connections\vdev.Roadway.sde\Highways,Shape.STLength(),-1,-1" #</Process><Process ToolSource="c:\program files (x86)\arcgis\desktop10.3\ArcToolbox\Toolboxes\Data Management Tools.tbx\DeleteFeatures" Date="20150916" Time="133556" Name="" export="">DeleteFeatures "Database Connections\Prod.Roadway.sde\\Highways"</Process><Process ToolSource="c:\program files (x86)\arcgis\desktop10.3\ArcToolbox\Toolboxes\Data Management Tools.tbx\Append" Date="20150916" Time="133759" Name="" export="">Append 'Database Connections\vdev2008.Roadway.sde\Highways' "Database Connections\Prod.Roadway.sde\\Highways" NO_TEST "ROUTE "ROUTE" true false false 4 Text 0 0 ,First,#,Database Connections\vdev2008.Roadway.sde\Highways,ROUTE,-1,-1;REFPT "REFPT" true true false 8 Double 8 38 ,First,#,Database Connections\vdev2008.Roadway.sde\Highways,REFPT,-1,-1;ENDREFPT "ENDREFPT" true true false 8 Double 8 38 ,First,#,Database Connections\vdev2008.Roadway.sde\Highways,ENDREFPT,-1,-1;SEG_LENGTH "SEG_LENGTH" true false false 8 Double 8 38 ,First,#,Database Connections\vdev2008.Roadway.sde\Highways,SEG_LENGTH,-1,-1;REGION "REGION" true false false 2 Text 0 0 ,First,#,Database Connections\vdev2008.Roadway.sde\Highways,REGION,-1,-1;TPRID "TPRID" true true false 2 Text 0 0 ,First,#,Database Connections\vdev2008.Roadway.sde\Highways,TPRID,-1,-1;COMMDISTID "COMMDISTID" true true false 2 Text 0 0 ,First,#,Database Connections\vdev2008.Roadway.sde\Highways,COMMDISTID,-1,-1;CITY "CITY" true true false 20 Text 0 0 ,First,#,Database Connections\vdev2008.Roadway.sde\Highways,CITY,-1,-1;FIPSCITY "FIPSCITY" true true false 5 Text 0 0 ,First,#,Database Connections\vdev2008.Roadway.sde\Highways,FIPSCITY,-1,-1;COUNTY "COUNTY" true true false 14 Text 0 0 ,First,#,Database Connections\vdev2008.Roadway.sde\Highways,COUNTY,-1,-1;FIPSCOUNTY "FIPSCOUNTY" true false false 3 Text 0 0 ,First,#,Database Connections\vdev2008.Roadway.sde\Highways,FIPSCOUNTY,-1,-1;POPULATION "POPULATION" true true false 18 Text 0 0 ,First,#,Database Connections\vdev2008.Roadway.sde\Highways,POPULATION,-1,-1;FUNCCLASS "FUNCCLASS" true true false 40 Text 0 0 ,First,#,Database Connections\vdev2008.Roadway.sde\Highways,FUNCCLASS,-1,-1;ROUTESIGN "ROUTESIGN" true true false 8 Text 0 0 ,First,#,Database Connections\vdev2008.Roadway.sde\Highways,ROUTESIGN,-1,-1;NHSDESIG "NHSDESIG" true true false 30 Text 0 0 ,First,#,Database Connections\vdev2008.Roadway.sde\Highways,NHSDESIG,-1,-1;ACCESS_ "ACCESS_" true true false 40 Text 0 0 ,First,#,Database Connections\vdev2008.Roadway.sde\Highways,ACCESS_,-1,-1;PRIRDL "PRIRDL" true true false 2 Short 0 5 ,First,#,Database Connections\vdev2008.Roadway.sde\Highways,PRIRDL,-1,-1;PRIDLCLASS "PRIDLCLASS" true true false 1 Text 0 0 ,First,#,Database Connections\vdev2008.Roadway.sde\Highways,PRIDLCLASS,-1,-1;PRIIRII "PRIIRII" true true false 4 Long 0 10 ,First,#,Database Connections\vdev2008.Roadway.sde\Highways,PRIIRII,-1,-1;PRIRUTI "PRIRUTI" true true false 4 Long 0 10 ,First,#,Database Connections\vdev2008.Roadway.sde\Highways,PRIRUTI,-1,-1;AADT "AADT" true false false 4 Long 0 10 ,First,#,Database Connections\vdev2008.Roadway.sde\Highways,AADT,-1,-1;AADT20 "AADT20" true true false 8 Double 8 38 ,First,#,Database Connections\vdev2008.Roadway.sde\Highways,AADT20,-1,-1;AADTYR "AADTYR" true false false 4 Text 0 0 ,First,#,Database Connections\vdev2008.Roadway.sde\Highways,AADTYR,-1,-1;AADTDERIV "AADTDERIV" true true false 40 Text 0 0 ,First,#,Database Connections\vdev2008.Roadway.sde\Highways,AADTDERIV,-1,-1;PKTRK "PKTRK" true true false 8 Double 8 38 ,First,#,Database Connections\vdev2008.Roadway.sde\Highways,PKTRK,-1,-1;OFFPKTRK "OFFPKTRK" true true false 8 Double 8 38 ,First,#,Database Connections\vdev2008.Roadway.sde\Highways,OFFPKTRK,-1,-1;AADTSINGLE "AADTSINGLE" true false false 4 Long 0 10 ,First,#,Database Connections\vdev2008.Roadway.sde\Highways,AADTSINGLE,-1,-1;AADTCOMB "AADTCOMB" true true false 4 Long 0 10 ,First,#,Database Connections\vdev2008.Roadway.sde\Highways,AADTCOMB,-1,-1;VCRATIO "VCRATIO" true true false 8 Double 8 38 ,First,#,Database Connections\vdev2008.Roadway.sde\Highways,VCRATIO,-1,-1;VCRATIO20 "VCRATIO20" true true false 8 Double 8 38 ,First,#,Database Connections\vdev2008.Roadway.sde\Highways,VCRATIO20,-1,-1;VMT "VMT" true true false 8 Double 8 38 ,First,#,Database Connections\vdev2008.Roadway.sde\Highways,VMT,-1,-1;SPEEDLIM "SPEEDLIM" true false false 2 Short 0 5 ,First,#,Database Connections\vdev2008.Roadway.sde\Highways,SPEEDLIM,-1,-1;PRISURF "PRISURF" true true false 40 Text 0 0 ,First,#,Database Connections\vdev2008.Roadway.sde\Highways,PRISURF,-1,-1;THRULNQTY "THRULNQTY" true true false 8 Double 8 38 ,First,#,Database Connections\vdev2008.Roadway.sde\Highways,THRULNQTY,-1,-1;THRULNWD "THRULNWD" true false false 2 Short 0 5 ,First,#,Database Connections\vdev2008.Roadway.sde\Highways,THRULNWD,-1,-1;ISDIVIDED "ISDIVIDED" true true false 3 Text 0 0 ,First,#,Database Connections\vdev2008.Roadway.sde\Highways,ISDIVIDED,-1,-1;PRIOUTSHD "PRIOUTSHD" true true false 20 Text 0 0 ,First,#,Database Connections\vdev2008.Roadway.sde\Highways,PRIOUTSHD,-1,-1;PRIOUTSHDWD "PRIOUTSHDWD" true true false 2 Short 0 5 ,First,#,Database Connections\vdev2008.Roadway.sde\Highways,PRIOUTSHDWD,-1,-1;MEDIAN "MEDIAN" true true false 40 Text 0 0 ,First,#,Database Connections\vdev2008.Roadway.sde\Highways,MEDIAN,-1,-1;MEDIANWD "MEDIANWD" true false false 2 Short 0 5 ,First,#,Database Connections\vdev2008.Roadway.sde\Highways,MEDIANWD,-1,-1;TERRAIN "TERRAIN" true true false 1 Text 0 0 ,First,#,Database Connections\vdev2008.Roadway.sde\Highways,TERRAIN,-1,-1;ALIAS "ALIAS" true true false 75 Text 0 0 ,First,#,Database Connections\vdev2008.Roadway.sde\Highways,ALIAS,-1,-1;DESCRIPTION "DESCRIPTION" true true false 130 Text 0 0 ,First,#,Database Connections\vdev2008.Roadway.sde\Highways,DESCRIPTION,-1,-1;Shape_STLength__ "Shape.STLength()" true false false 8 Double 8 38 ,First,#;Shape.STLength() "Shape.STLength()" false false true 0 Double 0 0 ,First,#,Database Connections\vdev2008.Roadway.sde\Highways,Shape.STLength(),-1,-1" #</Process><Process ToolSource="c:\program files (x86)\arcgis\desktop10.3\ArcToolbox\Toolboxes\Data Management Tools.tbx\CopyFeatures" Date="20150930" Time="110557">CopyFeatures input_lyr N:\GISExternalData\OTIS_Shapefiles\COUNTY\BOUL\HIGHWAYS.shp # 0 0 0</Process></lineage><copyHistory><copy source="N:\Science\GISData\TOS\TOS_Plot_Data\10_CentralPlains\REL2_RMNP\Site_Information\10_R_RMNP_Roads" dest="\\eco.neoninternal.org\neon\Science\GISData\TOS\TOS_Plot_Data\roads\10_R_RMNP_Roads" date="20191204" time="22013400"></copy></copyHistory></DataProperties><SyncDate>20160926</SyncDate><SyncTime>09080700</SyncTime><ModDate>20160926</ModDate><ModTime>09080700</ModTime><scaleRange><minScale>150000000</minScale><maxScale>5000</maxScale></scaleRange><ArcGISProfile>FGDC</ArcGISProfile></Esri><dataIdInfo><idCitation xmlns=""><date><pubDate>2015-09-16T01:00:00</pubDate><createDate>2015-09-01T00:00:00</createDate></date><citRespParty xmlns=""><rpIndName>Gary Aucott</rpIndName><rpOrgName>CDOT</rpOrgName><rpPosName>GIS Support Unit Manager</rpPosName><rpCntInfo><cntAddress><delPoint>4201 E. Arkansas Ave.</delPoint><city>Denver</city><adminArea>CO</adminArea><postCode>80222</postCode><eMailAdd>gary.aucott@state.co.us</eMailAdd><country>USA</country></cntAddress><cntPhone><voiceNum>303-512-4444</voiceNum></cntPhone></rpCntInfo><role><RoleCd value="005"/></role></citRespParty><resTitle Sync="TRUE">RMNP_boulderCounty_roads</resTitle><presForm xmlns=""><PresFormCd value="005" Sync="TRUE"/></presForm></idCitation><descKeys><thesaName uuidref="723f6998-058e-11dc-8314-0800200c9a66"/><keyword Sync="TRUE">002</keyword></descKeys><idPurp>Used for general reference, geoprocessing, and cartography.</idPurp><idAbs>&lt;DIV STYLE="text-align:Left;"&gt;&lt;DIV&gt;&lt;DIV&gt;&lt;P&gt;&lt;SPAN&gt;Features in this dataset represent segments of public highways that are maintained by and under the jurisdiction of the Colorado Department of Transportation. These highways consist of Interstates, US Highways, and State Highways. Features are represented by polyline (linear) geographic shapes.&lt;/SPAN&gt;&lt;/P&gt;&lt;/DIV&gt;&lt;/DIV&gt;&lt;/DIV&gt;</idAbs><searchKeys><keyword>highway</keyword><keyword>road</keyword><keyword>street</keyword><keyword>interstate</keyword><keyword>state</keyword><keyword>transportation</keyword></searchKeys><envirDesc Sync="TRUE">Microsoft Windows 7 Version 6.1 (Build 7601) Service Pack 1; Esri ArcGIS 10.2.2.3552</envirDesc><dataLang><languageCode value="eng" Sync="TRUE" country="USA"/><countryCode value="USA" Sync="TRUE"/></dataLang><spatRpType><SpatRepTypCd value="001" Sync="TRUE"/></spatRpType><dataExt><geoEle xmlns=""><GeoBndBox esriExtentType="search"><exTypeCode Sync="TRUE">1</exTypeCode><westBL Sync="TRUE">-109.269053</westBL><eastBL Sync="TRUE">-101.889789</eastBL><northBL Sync="TRUE">41.036305</northBL><southBL Sync="TRUE">36.926454</southBL></GeoBndBox></geoEle></dataExt></dataIdInfo><eainfo><detailed Name="RMNP_boulderCounty_roads"><attr><attrlabl Sync="TRUE">SHAPE</attrlabl><attalias Sync="TRUE">Shape</attalias><attrtype Sync="TRUE">Geometry</attrtype><attwidth Sync="TRUE">0</attwidth><atprecis Sync="TRUE">0</atprecis><attscale Sync="TRUE">0</attscale><attrdef Sync="TRUE">Feature geometry.</attrdef><attrdefs Sync="TRUE">ESRI</attrdefs><attrdomv><udom Sync="TRUE">Coordinates defining the features.</udom></attrdomv></attr><attr><attrlabl Sync="TRUE">FID</attrlabl><attalias Sync="TRUE">FID</attalias><attrtype Sync="TRUE">OID</attrtype><attwidth Sync="TRUE">4</attwidth><atprecis Sync="TRUE">0</atprecis><attscale Sync="TRUE">0</attscale><attrdef Sync="TRUE">Internal feature number.</attrdef><attrdefs Sync="TRUE">Esri</attrdefs><attrdomv><udom Sync="TRUE">Sequential unique whole numbers that are automatically generated.</udom></attrdomv></attr><attr><attrlabl>ROUTE</attrlabl><attrdef>The number designating the State Route, including a section (log) identifier designated by a letter for the State database.</attrdef><attalias Sync="TRUE">ROUTE</attalias><attrtype Sync="TRUE">String</attrtype><attwidth Sync="TRUE">4</attwidth><atprecis Sync="TRUE">0</atprecis><attscale Sync="TRUE">0</attscale></attr><attr><attrlabl>REFPT</attrlabl><attrdef>Beginning reference point for the highway segment, measured in miles.</attrdef><attalias Sync="TRUE">REFPT</attalias><attrtype Sync="TRUE">Double</attrtype><attwidth Sync="TRUE">19</attwidth><atprecis Sync="TRUE">0</atprecis><attscale Sync="TRUE">0</attscale></attr><attr><attrlabl>ENDREFPT</attrlabl><attrdef>Ending reference point for the highway segment, measured in miles.</attrdef><attalias Sync="TRUE">ENDREFPT</attalias><attrtype Sync="TRUE">Double</attrtype><attwidth Sync="TRUE">19</attwidth><atprecis Sync="TRUE">0</atprecis><attscale Sync="TRUE">0</attscale></attr><attr><attrlabl>SEG_LENGTH</attrlabl><attrdef>Length of the highway segment, in miles, carried to three decimal places.</attrdef><attalias Sync="TRUE">SEG_LENGTH</attalias><attrtype Sync="TRUE">Double</attrtype><attwidth Sync="TRUE">19</attwidth><atprecis Sync="TRUE">0</atprecis><attscale Sync="TRUE">0</attscale></attr><attr><attrlabl>REGION</attrlabl><attrdef>The engineering district number that contains the highway segment.</attrdef><attrdomv><rdom><rdommin>1</rdommin><rdommax>6</rdommax></rdom></attrdomv><attalias Sync="TRUE">REGION</attalias><attrtype Sync="TRUE">String</attrtype><attwidth Sync="TRUE">2</attwidth><atprecis Sync="TRUE">0</atprecis><attscale Sync="TRUE">0</attscale></attr><attr><attrlabl>TPRID</attrlabl><attrdef>CDOT Transportation Planning Region number that contains the highway segment.</attrdef><attrdomv><rdom><rdommin>1</rdommin><rdommax>15</rdommax></rdom></attrdomv><attalias Sync="TRUE">TPRID</attalias><attrtype Sync="TRUE">String</attrtype><attwidth Sync="TRUE">2</attwidth><atprecis Sync="TRUE">0</atprecis><attscale Sync="TRUE">0</attscale></attr><attr><attrlabl>MEDIANWD</attrlabl><attrdef>The predominant width of the median, in whole feet, measured between the inside edges of the shoulders, excluding the shoulders, on the highway segment</attrdef><attalias Sync="TRUE">MEDIANWD</attalias><attrtype Sync="TRUE">Integer</attrtype><attwidth Sync="TRUE">9</attwidth><atprecis Sync="TRUE">9</atprecis><attscale Sync="TRUE">0</attscale></attr><attr><attrlabl>COMMDISTID</attrlabl><attrdef>Colorado Transportation Commission District number that contains the highway segment</attrdef><attrdomv><rdom><rdommin>1</rdommin><rdommax>11</rdommax></rdom></attrdomv><attalias Sync="TRUE">COMMDISTID</attalias><attrtype Sync="TRUE">String</attrtype><attwidth Sync="TRUE">2</attwidth><atprecis Sync="TRUE">0</atprecis><attscale Sync="TRUE">0</attscale></attr><attr><attrlabl>CITY</attrlabl><attrdef>Name of the incorporated city that contains the highway segment</attrdef><attalias Sync="TRUE">CITY</attalias><attrtype Sync="TRUE">String</attrtype><attwidth Sync="TRUE">20</attwidth><atprecis Sync="TRUE">0</atprecis><attscale Sync="TRUE">0</attscale></attr><attr><attrlabl>FIPSCITY</attrlabl><attrdef>City FIPS code</attrdef><attalias Sync="TRUE">FIPSCITY</attalias><attrtype Sync="TRUE">String</attrtype><attwidth Sync="TRUE">5</attwidth><atprecis Sync="TRUE">0</atprecis><attscale Sync="TRUE">0</attscale></attr><attr><attrlabl>COUNTY</attrlabl><attrdef>Name of the county that contains the highway segment</attrdef><attalias Sync="TRUE">COUNTY</attalias><attrtype Sync="TRUE">String</attrtype><attwidth Sync="TRUE">14</attwidth><atprecis Sync="TRUE">0</atprecis><attscale Sync="TRUE">0</attscale></attr><attr><attrlabl>FIPSCOUNTY</attrlabl><attrdef>County FIPS code</attrdef><attalias Sync="TRUE">FIPSCOUNTY</attalias><attrtype Sync="TRUE">String</attrtype><attwidth Sync="TRUE">3</attwidth><atprecis Sync="TRUE">0</atprecis><attscale Sync="TRUE">0</attscale></attr><attr><attrlabl Sync="TRUE">POPULATION</attrlabl><attalias Sync="TRUE">POPULATION</attalias><attrtype Sync="TRUE">String</attrtype><attwidth Sync="TRUE">18</attwidth><atprecis Sync="TRUE">0</atprecis><attscale Sync="TRUE">0</attscale><attrdomv><edom><edomv>Rural</edomv></edom><edom><edomv>Small Urban</edomv></edom><edom><edomv>Urbanized</edomv></edom><edom><edomv>Large Urbanized</edomv></edom></attrdomv><attrdef>Urban/Rural area designation</attrdef></attr><attr><attrlabl>ROUTESIGN</attrlabl><attrdef>The classification of the highway signage.</attrdef><attrdomv><edom><edomv>I</edomv><edomvd>Interstate</edomvd></edom><edom><edomv>SH</edomv><edomvd>State Highway</edomvd></edom><edom><edomv>U.S.</edomv><edomvd>United States route</edomvd></edom><edom><edomv>Bus Rt</edomv><edomvd>Business Route</edomvd></edom></attrdomv><attalias Sync="TRUE">ROUTESIGN</attalias><attrtype Sync="TRUE">String</attrtype><attwidth Sync="TRUE">8</attwidth><atprecis Sync="TRUE">0</atprecis><attscale Sync="TRUE">0</attscale></attr><attr><attrlabl>NHSDESIG</attrlabl><attrdef>National Highway System designation, indicating if the highway segment is part of the National Highway System</attrdef><attalias Sync="TRUE">NHSDESIG</attalias><attrtype Sync="TRUE">String</attrtype><attwidth Sync="TRUE">30</attwidth><atprecis Sync="TRUE">0</atprecis><attscale Sync="TRUE">0</attscale><attrdomv><edom><edomv>0  Not on NHS</edomv></edom><edom><edomv>1  Mainline NHS</edomv></edom><edom><edomv>2  Airport</edomv></edom><edom><edomv>3  Port</edomv></edom><edom><edomv>4  Amtrak</edomv></edom><edom><edomv>5  Rail/Truck Terminal</edomv></edom><edom><edomv>6  Intercity Bus Terminal</edomv></edom><edom><edomv>7  Public Transit</edomv></edom><edom><edomv>8  Pipeline</edomv></edom></attrdomv></attr><attr><attrlabl>PRIIRII</attrlabl><attrdef>The indexed value of the International Roughness Index.  Lower values equal rougher roads.</attrdef><attrdomv><rdom><rdommin>1</rdommin><rdommax>100</rdommax></rdom></attrdomv><attalias Sync="TRUE">PRIIRII</attalias><attrtype Sync="TRUE">Double</attrtype><attwidth Sync="TRUE">19</attwidth><atprecis Sync="TRUE">0</atprecis><attscale Sync="TRUE">0</attscale></attr><attr><attrlabl Sync="TRUE">PRIRDL</attrlabl><attalias Sync="TRUE">PRIRDL</attalias><attrtype Sync="TRUE">Integer</attrtype><attwidth Sync="TRUE">9</attwidth><atprecis Sync="TRUE">9</atprecis><attscale Sync="TRUE">0</attscale><attrdef>Remaining Drivability Life.  An indication in years of how long a highway will have acceptable driving conditions based on an assessment of smoothness, pavement distress, and safety, in the primary direction of travel.</attrdef></attr><attr><attrlabl Sync="TRUE">PRIDLCLASS</attrlabl><attalias Sync="TRUE">PRIDLCLASS</attalias><attrtype Sync="TRUE">String</attrtype><attwidth Sync="TRUE">1</attwidth><atprecis Sync="TRUE">0</atprecis><attscale Sync="TRUE">0</attscale><attrdomv><edom><edomv>H</edomv><edomvd>High</edomvd></edom></attrdomv><attrdef>Drivability Life Classification of the pavement condition and acceptable driving condition based on an assessment of smoothness, pavement distress, and safety, in the primary direction of travel. </attrdef><attrdomv><edom><edomv>M</edomv><edomvd>Moderate</edomvd></edom></attrdomv><attrdomv><edom><edomv>L</edomv><edomvd>Low</edomvd></edom></attrdomv></attr><attr><attrlabl>PRIRUTI</attrlabl><attrdef>A value used to calculate Remaining Service Life for rutting.  A value of 100 indicates .15 inch or less rutting. A value of 50 is the threshold that indicates no more remaining service life. This occurs at an average rut depth of .55 inches.</attrdef><attrdomv><rdom><rdommin>1</rdommin><rdommax>100</rdommax></rdom></attrdomv><attalias Sync="TRUE">PRIRUTI</attalias><attrtype Sync="TRUE">Double</attrtype><attwidth Sync="TRUE">19</attwidth><atprecis Sync="TRUE">0</atprecis><attscale Sync="TRUE">0</attscale></attr><attr><attrlabl>AADT</attrlabl><attrdef>The annual average daily traffic count for the highway segment, in both directions, representing an average 24-hour day in a year. (Total of all vehicles counted divided by 365.)</attrdef><attalias Sync="TRUE">AADT</attalias><attrtype Sync="TRUE">Double</attrtype><attwidth Sync="TRUE">19</attwidth><atprecis Sync="TRUE">0</atprecis><attscale Sync="TRUE">0</attscale></attr><attr><attrlabl>AADT20</attrlabl><attrdef>Estimate of average annual daily traffic count in 20 years for the highway segment</attrdef><attalias Sync="TRUE">AADT20</attalias><attrtype Sync="TRUE">Double</attrtype><attwidth Sync="TRUE">19</attwidth><atprecis Sync="TRUE">0</atprecis><attscale Sync="TRUE">0</attscale></attr><attr><attrlabl>AADTYR</attrlabl><attrdef>The calendar year (YYYY) in which the average daily traffic count was taken for the highway segment</attrdef><attalias Sync="TRUE">AADTYR</attalias><attrtype Sync="TRUE">String</attrtype><attwidth Sync="TRUE">4</attwidth><atprecis Sync="TRUE">0</atprecis><attscale Sync="TRUE">0</attscale></attr><attr><attrlabl>AADTDERIV</attrlabl><attrdef>Method of how the AADT was determined.</attrdef><attalias Sync="TRUE">AADTDERIV</attalias><attrtype Sync="TRUE">String</attrtype><attwidth Sync="TRUE">40</attwidth><atprecis Sync="TRUE">0</atprecis><attscale Sync="TRUE">0</attscale><attrdomv><edom><edomv>Current Yr</edomv></edom><edom><edomv>Factor 1 Yr</edomv></edom><edom><edomv>Factor 2 Yrs</edomv></edom><edom><edomv>Factor 3+ Yrs</edomv></edom><edom><edomv>Estimated AADT</edomv></edom><edom><edomv>Automated Traffic Recorder (ATR)</edomv></edom><edom><edomv>Estimated AADT based on TraffSegBreak</edomv><edomvd>Estimated AADT based on traffic segment break</edomvd></edom></attrdomv></attr><attr><attrlabl>PKTRK</attrlabl><attrdef>The Peak percent of AADT that is composed of trucks of all types, traveling along the highway segment.  Measured in percentage.</attrdef><attalias Sync="TRUE">PKTRK</attalias><attrtype Sync="TRUE">Double</attrtype><attwidth Sync="TRUE">19</attwidth><atprecis Sync="TRUE">0</atprecis><attscale Sync="TRUE">0</attscale></attr><attr><attrlabl>OFFPKTRK</attrlabl><attrdef>The Off-Peak percent of AADT that is composed of trucks of all types, traveling along the highway segment.  Measured in percentage.</attrdef><attalias Sync="TRUE">OFFPKTRK</attalias><attrtype Sync="TRUE">Double</attrtype><attwidth Sync="TRUE">19</attwidth><atprecis Sync="TRUE">0</atprecis><attscale Sync="TRUE">0</attscale></attr><attr><attrlabl>AADTSINGLE</attrlabl><attrdef>The Average Daily Traffic count that consists of trucks on a single chassis, excluding pickups and vans.  Measured as a count.</attrdef><attalias Sync="TRUE">AADTSINGLE</attalias><attrtype Sync="TRUE">Double</attrtype><attwidth Sync="TRUE">19</attwidth><atprecis Sync="TRUE">0</atprecis><attscale Sync="TRUE">0</attscale></attr><attr><attrlabl>AADTCOMB</attrlabl><attrdef>The Average Daily Traffic count that consists of trucks on multiple chassis (combined units), excluding pickups and vans.  Measured as a count</attrdef><attalias Sync="TRUE">AADTCOMB</attalias><attrtype Sync="TRUE">Double</attrtype><attwidth Sync="TRUE">19</attwidth><atprecis Sync="TRUE">0</atprecis><attscale Sync="TRUE">0</attscale></attr><attr><attrlabl>VCRATIO</attrlabl><attrdef>The hourly traffic volume divided by the capacity of the highway segment.</attrdef><attalias Sync="TRUE">VCRATIO</attalias><attrtype Sync="TRUE">Double</attrtype><attwidth Sync="TRUE">19</attwidth><atprecis Sync="TRUE">0</atprecis><attscale Sync="TRUE">0</attscale></attr><attr><attrlabl>VCRATIO20</attrlabl><attrdef>The estimate of the hourly V/C ratio for 20 years from the base year</attrdef><attalias Sync="TRUE">VCRATIO20</attalias><attrtype Sync="TRUE">Double</attrtype><attwidth Sync="TRUE">19</attwidth><atprecis Sync="TRUE">0</atprecis><attscale Sync="TRUE">0</attscale></attr><attr><attrlabl>VMT</attrlabl><attrdef>Vehicle miles traveled on this highway segment.  Calculated by multiplying the Seg_Length by the AADT</attrdef><attalias Sync="TRUE">VMT</attalias><attrtype Sync="TRUE">Double</attrtype><attwidth Sync="TRUE">19</attwidth><atprecis Sync="TRUE">0</atprecis><attscale Sync="TRUE">0</attscale></attr><attr><attrlabl>SPEEDLIM</attrlabl><attrdef>The speed limit posted for the highway segment.  Measured in miles per hour.</attrdef><attalias Sync="TRUE">SPEEDLIM</attalias><attrtype Sync="TRUE">Integer</attrtype><attwidth Sync="TRUE">9</attwidth><atprecis Sync="TRUE">9</atprecis><attscale Sync="TRUE">0</attscale></attr><attr><attrlabl>PRISURF</attrlabl><attrdef>Type of material used in the construction of the surface of the highway segment for the primary direction of traffic as defined by FWHA.</attrdef><attalias Sync="TRUE">PRISURF</attalias><attrtype Sync="TRUE">String</attrtype><attwidth Sync="TRUE">40</attwidth><atprecis Sync="TRUE">0</atprecis><attscale Sync="TRUE">0</attscale><attrdomv><edom><edomv>0  No Data</edomv></edom><edom><edomv>2   AC - Asphalt Concrete (Bituminous)</edomv></edom><edom><edomv>3   JPCP - Jointed Plain Concrete</edomv></edom><edom><edomv>4   JRCP - Jointed Reinforced Concrete</edomv></edom><edom><edomv>5   CRCP - Cont. Reinforced Concrete</edomv></edom><edom><edomv>6   AC Overlay over AC</edomv></edom><edom><edomv>7   AC Overlay over Jointed Concrete</edomv></edom><edom><edomv>8    AC Overlay over Cont. Reinforced</edomv></edom><edom><edomv>9    Unbonded JRCP Overlay on PCC</edomv></edom><edom><edomv>10  Bonded PCC Overlay on PCC</edomv></edom><edom><edomv>11  Other (includes whitetopping)</edomv></edom><edom><edomv>13  Primitive</edomv></edom><edom><edomv>14  Unimproved</edomv></edom><edom><edomv>15  Graded &amp; Drained</edomv></edom><edom><edomv>16  Soil, Gravel or Stone</edomv></edom></attrdomv></attr><attr><attrlabl>TERRAIN</attrlabl><attrdef>Dominant type of terrain through which the road passes</attrdef><attrdomv><edom><edomv>1</edomv><edomvd>Flat terrain</edomvd></edom><edom><edomv>2</edomv><edomvd>Rolling terrain</edomvd></edom><edom><edomv>3</edomv><edomvd>Mountainous terrain</edomvd></edom></attrdomv><attalias Sync="TRUE">TERRAIN</attalias><attrtype Sync="TRUE">String</attrtype><attwidth Sync="TRUE">1</attwidth><atprecis Sync="TRUE">0</atprecis><attscale Sync="TRUE">0</attscale></attr><attr><attrlabl>THRULNQTY</attrlabl><attrdef>Number of travel lanes.</attrdef><attalias Sync="TRUE">THRULNQTY</attalias><attrtype Sync="TRUE">Double</attrtype><attwidth Sync="TRUE">19</attwidth><atprecis Sync="TRUE">0</atprecis><attscale Sync="TRUE">0</attscale></attr><attr><attrlabl>THRULNWD</attrlabl><attrdef>Travel lane width.  Measured in feet.</attrdef><attalias Sync="TRUE">THRULNWD</attalias><attrtype Sync="TRUE">Integer</attrtype><attwidth Sync="TRUE">9</attwidth><atprecis Sync="TRUE">9</atprecis><attscale Sync="TRUE">0</attscale></attr><attr><attrlabl>ISDIVIDED</attrlabl><attrdef>Boolean value for a divided highway</attrdef><attalias Sync="TRUE">ISDIVIDED</attalias><attrtype Sync="TRUE">String</attrtype><attwidth Sync="TRUE">3</attwidth><atprecis Sync="TRUE">0</atprecis><attscale Sync="TRUE">0</attscale></attr><attr><attrlabl>PRIOUTSHD</attrlabl><attrdef>The surface type of the Right Outside Shoulder for the highway segment</attrdef><attalias Sync="TRUE">PRIOUTSHD</attalias><attrtype Sync="TRUE">String</attrtype><attwidth Sync="TRUE">20</attwidth><atprecis Sync="TRUE">0</atprecis><attscale Sync="TRUE">0</attscale><attrdomv><edom><edomv>0  No Data</edomv></edom><edom><edomv>1  No Shoulder</edomv></edom><edom><edomv>2  Bituminous</edomv></edom><edom><edomv>3  Portland</edomv></edom><edom><edomv>4  Stabilized</edomv></edom><edom><edomv>5  Combination</edomv></edom><edom><edomv>6  Earth</edomv></edom><edom><edomv>7  Curbed</edomv></edom></attrdomv></attr><attr><attrlabl>ALIAS</attrlabl><attrdef>Local name given to a segment of highway</attrdef><attalias Sync="TRUE">ALIAS</attalias><attrtype Sync="TRUE">String</attrtype><attwidth Sync="TRUE">75</attwidth><atprecis Sync="TRUE">0</atprecis><attscale Sync="TRUE">0</attscale></attr><attr><attrlabl Sync="TRUE">PRIOUTSHDW</attrlabl><attalias Sync="TRUE">PRIOUTSHDW</attalias><attrtype Sync="TRUE">Integer</attrtype><attwidth Sync="TRUE">9</attwidth><atprecis Sync="TRUE">9</atprecis><attscale Sync="TRUE">0</attscale></attr><attr><attrlabl Sync="TRUE">ACCESS_</attrlabl><attalias Sync="TRUE">ACCESS_</attalias><attrtype Sync="TRUE">String</attrtype><attwidth Sync="TRUE">40</attwidth><atprecis Sync="TRUE">0</atprecis><attscale Sync="TRUE">0</attscale><attrdef>An indication of the type of access control assigned to a segment of road by Staff Right of Way as defined by FHWA</attrdef><attrdomv><edom><edomv>E-X: Expressway, Major Bypass</edomv></edom><edom><edomv>F-W: Interstate System, Freeway Facils</edomv></edom><edom><edomv>NR-A: Non-Rural Principal Highway</edomv></edom><edom><edomv>NR-B: Non Rural Arterial</edomv></edom><edom><edomv>NR-C: Non Rural Arterial</edomv></edom><edom><edomv>No Access Control</edomv></edom><edom><edomv>R-A: Regional Highway</edomv></edom><edom><edomv>R-B: Rural Highway</edomv></edom><edom><edomv>F-R: Frontage Roads</edomv></edom><edom><edomv>Full Access Control</edomv></edom><edom><edomv>Partial Access Control</edomv></edom><edom><edomv>No Data</edomv></edom></attrdomv></attr><attr><attrlabl Sync="TRUE">FUNCCLASS</attrlabl><attalias Sync="TRUE">FUNCCLASS</attalias><attrtype Sync="TRUE">String</attrtype><attwidth Sync="TRUE">40</attwidth><atprecis Sync="TRUE">0</atprecis><attscale Sync="TRUE">0</attscale><attrdef>An indication of the category of the usage of the segment of road, as defined by FHWA, and is broken down between rural and urban areas</attrdef><attrdomv><edom><edomv>1  Interstate</edomv></edom><edom><edomv>2  Principal Arterial - Fwys and Expwys</edomv></edom><edom><edomv>3  Principal Arterial - Other</edomv></edom><edom><edomv>4  Minor Arterial</edomv></edom><edom><edomv>5  Major Collector</edomv></edom><edom><edomv>6  Minor Collector</edomv></edom><edom><edomv>7  Local</edomv></edom></attrdomv></attr><attr><attrlabl>MEDIAN</attrlabl><attrdef>A classification of the type of median on the highway segment</attrdef><attalias Sync="TRUE">MEDIAN</attalias><attrtype Sync="TRUE">String</attrtype><attwidth Sync="TRUE">40</attwidth><atprecis Sync="TRUE">0</atprecis><attscale Sync="TRUE">0</attscale><attrdomv><edom><edomv>0    No Data</edomv></edom><edom><edomv>1    None</edomv></edom><edom><edomv>10   Painted - Vehicles Allowed (TWLTL)</edomv></edom><edom><edomv>12   Painted - No Vehicles</edomv></edom><edom><edomv>13   Parking</edomv></edom><edom><edomv>14   Level</edomv></edom><edom><edomv>21   Depressed</edomv></edom><edom><edomv>31   Raised (no curb)</edomv></edom><edom><edomv>41   Raised Curb</edomv></edom><edom><edomv>52   Channelized - Raised Curb</edomv></edom><edom><edomv>54   Channelized - Painted</edomv></edom><edom><edomv>55   HOV Reversible</edomv></edom></attrdomv></attr><enttyp><enttypl Sync="TRUE">RMNP_boulderCounty_roads</enttypl><enttypt Sync="TRUE">Feature Class</enttypt><enttypc Sync="TRUE">0</enttypc></enttyp><attr><attrlabl Sync="TRUE">DESCRIPTIO</attrlabl><attalias Sync="TRUE">DESCRIPTIO</attalias><attrtype Sync="TRUE">String</attrtype><attwidth Sync="TRUE">130</attwidth><atprecis Sync="TRUE">0</atprecis><attscale Sync="TRUE">0</attscale></attr><attr><attrlabl Sync="TRUE">Shape_STLe</attrlabl><attalias Sync="TRUE">Shape_STLe</attalias><attrtype Sync="TRUE">Double</attrtype><attwidth Sync="TRUE">19</attwidth><atprecis Sync="TRUE">0</atprecis><attscale Sync="TRUE">0</attscale></attr><attr><attrlabl Sync="TRUE">Shape_ST_1</attrlabl><attalias Sync="TRUE">Shape_ST_1</attalias><attrtype Sync="TRUE">Double</attrtype><attwidth Sync="TRUE">19</attwidth><atprecis Sync="TRUE">0</atprecis><attscale Sync="TRUE">0</attscale></attr><attr><attrlabl Sync="TRUE">Shape_Leng</attrlabl><attalias Sync="TRUE">Shape_Leng</attalias><attrtype Sync="TRUE">Double</attrtype><attwidth Sync="TRUE">19</attwidth><atprecis Sync="TRUE">0</atprecis><attscale Sync="TRUE">0</attscale></attr><attr><attrlabl Sync="TRUE">GIS_ID</attrlabl><attalias Sync="TRUE">GIS_ID</attalias><attrtype Sync="TRUE">String</attrtype><attwidth Sync="TRUE">21</attwidth><atprecis Sync="TRUE">0</atprecis><attscale Sync="TRUE">0</attscale></attr><attr><attrlabl Sync="TRUE">FIPS</attrlabl><attalias Sync="TRUE">FIPS</attalias><attrtype Sync="TRUE">String</attrtype><attwidth Sync="TRUE">5</attwidth><atprecis Sync="TRUE">0</atprecis><attscale Sync="TRUE">0</attscale></attr><attr><attrlabl Sync="TRUE">SEGMID</attrlabl><attalias Sync="TRUE">SEGMID</attalias><attrtype Sync="TRUE">Double</attrtype><attwidth Sync="TRUE">19</attwidth><atprecis Sync="TRUE">0</atprecis><attscale Sync="TRUE">0</attscale></attr><attr><attrlabl Sync="TRUE">ROUTENAME</attrlabl><attalias Sync="TRUE">ROUTENAME</attalias><attrtype Sync="TRUE">String</attrtype><attwidth Sync="TRUE">30</attwidth><atprecis Sync="TRUE">0</atprecis><attscale Sync="TRUE">0</attscale></attr><attr><attrlabl Sync="TRUE">FROM_DESCR</attrlabl><attalias Sync="TRUE">FROM_DESCR</attalias><attrtype Sync="TRUE">String</attrtype><attwidth Sync="TRUE">30</attwidth><atprecis Sync="TRUE">0</atprecis><attscale Sync="TRUE">0</attscale></attr><attr><attrlabl Sync="TRUE">SEGMDIR</attrlabl><attalias Sync="TRUE">SEGMDIR</attalias><attrtype Sync="TRUE">String</attrtype><attwidth Sync="TRUE">2</attwidth><atprecis Sync="TRUE">0</atprecis><attscale Sync="TRUE">0</attscale></attr><attr><attrlabl Sync="TRUE">TO_DESCR</attrlabl><attalias Sync="TRUE">TO_DESCR</attalias><attrtype Sync="TRUE">String</attrtype><attwidth Sync="TRUE">30</attwidth><atprecis Sync="TRUE">0</atprecis><attscale Sync="TRUE">0</attscale></attr><attr><attrlabl Sync="TRUE">FUNCCLASSI</attrlabl><attalias Sync="TRUE">FUNCCLASSI</attalias><attrtype Sync="TRUE">String</attrtype><attwidth Sync="TRUE">1</attwidth><atprecis Sync="TRUE">0</atprecis><attscale Sync="TRUE">0</attscale></attr><attr><attrlabl Sync="TRUE">ADMINCLASS</attrlabl><attalias Sync="TRUE">ADMINCLASS</attalias><attrtype Sync="TRUE">String</attrtype><attwidth Sync="TRUE">1</attwidth><atprecis Sync="TRUE">0</atprecis><attscale Sync="TRUE">0</attscale></attr><attr><attrlabl Sync="TRUE">HPMSID</attrlabl><attalias Sync="TRUE">HPMSID</attalias><attrtype Sync="TRUE">String</attrtype><attwidth Sync="TRUE">12</attwidth><atprecis Sync="TRUE">0</atprecis><attscale Sync="TRUE">0</attscale></attr><attr><attrlabl Sync="TRUE">SURF_TYPE</attrlabl><attalias Sync="TRUE">SURF_TYPE</attalias><attrtype Sync="TRUE">String</attrtype><attwidth Sync="TRUE">6</attwidth><atprecis Sync="TRUE">0</atprecis><attscale Sync="TRUE">0</attscale></attr><attr><attrlabl Sync="TRUE">SURFNAME</attrlabl><attalias Sync="TRUE">SURFNAME</attalias><attrtype Sync="TRUE">String</attrtype><attwidth Sync="TRUE">70</attwidth><atprecis Sync="TRUE">0</atprecis><attscale Sync="TRUE">0</attscale></attr><attr><attrlabl Sync="TRUE">PRISURFWD</attrlabl><attalias Sync="TRUE">PRISURFWD</attalias><attrtype Sync="TRUE">Double</attrtype><attwidth Sync="TRUE">19</attwidth><atprecis Sync="TRUE">0</atprecis><attscale Sync="TRUE">0</attscale></attr><attr><attrlabl Sync="TRUE">PRIPSI</attrlabl><attalias Sync="TRUE">PRIPSI</attalias><attrtype Sync="TRUE">Double</attrtype><attwidth Sync="TRUE">19</attwidth><atprecis Sync="TRUE">0</atprecis><attscale Sync="TRUE">0</attscale></attr><attr><attrlabl Sync="TRUE">PRIIRI</attrlabl><attalias Sync="TRUE">PRIIRI</attalias><attrtype Sync="TRUE">Double</attrtype><attwidth Sync="TRUE">19</attwidth><atprecis Sync="TRUE">0</atprecis><attscale Sync="TRUE">0</attscale></attr><attr><attrlabl Sync="TRUE">PRITHRULNW</attrlabl><attalias Sync="TRUE">PRITHRULNW</attalias><attrtype Sync="TRUE">Double</attrtype><attwidth Sync="TRUE">19</attwidth><atprecis Sync="TRUE">0</atprecis><attscale Sync="TRUE">0</attscale></attr><attr><attrlabl Sync="TRUE">OPERATION</attrlabl><attalias Sync="TRUE">OPERATION</attalias><attrtype Sync="TRUE">String</attrtype><attwidth Sync="TRUE">1</attwidth><atprecis Sync="TRUE">0</atprecis><attscale Sync="TRUE">0</attscale></attr><attr><attrlabl Sync="TRUE">URBAN</attrlabl><attalias Sync="TRUE">URBAN</attalias><attrtype Sync="TRUE">String</attrtype><attwidth Sync="TRUE">5</attwidth><atprecis Sync="TRUE">0</atprecis><attscale Sync="TRUE">0</attscale></attr><attr><attrlabl Sync="TRUE">SPECIALSYS</attrlabl><attalias Sync="TRUE">SPECIALSYS</attalias><attrtype Sync="TRUE">String</attrtype><attwidth Sync="TRUE">1</attwidth><atprecis Sync="TRUE">0</atprecis><attscale Sync="TRUE">0</attscale></attr><attr><attrlabl Sync="TRUE">GOVLEVEL</attrlabl><attalias Sync="TRUE">GOVLEVEL</attalias><attrtype Sync="TRUE">String</attrtype><attwidth Sync="TRUE">2</attwidth><atprecis Sync="TRUE">0</atprecis><attscale Sync="TRUE">0</attscale></attr><attr><attrlabl Sync="TRUE">COUNTSTATI</attrlabl><attalias Sync="TRUE">COUNTSTATI</attalias><attrtype Sync="TRUE">String</attrtype><attwidth Sync="TRUE">6</attwidth><atprecis Sync="TRUE">0</atprecis><attscale Sync="TRUE">0</attscale></attr><attr><attrlabl Sync="TRUE">BUILTYR</attrlabl><attalias Sync="TRUE">BUILTYR</attalias><attrtype Sync="TRUE">String</attrtype><attwidth Sync="TRUE">4</attwidth><atprecis Sync="TRUE">0</atprecis><attscale Sync="TRUE">0</attscale></attr><attr><attrlabl Sync="TRUE">JURSPLIT</attrlabl><attalias Sync="TRUE">JURSPLIT</attalias><attrtype Sync="TRUE">String</attrtype><attwidth Sync="TRUE">1</attwidth><atprecis Sync="TRUE">0</atprecis><attscale Sync="TRUE">0</attscale></attr><attr><attrlabl Sync="TRUE">CR_ID</attrlabl><attalias Sync="TRUE">CR_ID</attalias><attrtype Sync="TRUE">String</attrtype><attwidth Sync="TRUE">11</attwidth><atprecis Sync="TRUE">0</atprecis><attscale Sync="TRUE">0</attscale></attr><attr><attrlabl Sync="TRUE">FORESTROUT</attrlabl><attalias Sync="TRUE">FORESTROUT</attalias><attrtype Sync="TRUE">String</attrtype><attwidth Sync="TRUE">10</attwidth><atprecis Sync="TRUE">0</atprecis><attscale Sync="TRUE">0</attscale></attr><attr><attrlabl Sync="TRUE">MAP_TEXT</attrlabl><attalias Sync="TRUE">MAP_TEXT</attalias><attrtype Sync="TRUE">String</attrtype><attwidth Sync="TRUE">30</attwidth><atprecis Sync="TRUE">0</atprecis><attscale Sync="TRUE">0</attscale></attr><attr><attrlabl Sync="TRUE">MAP_NUM</attrlabl><attalias Sync="TRUE">MAP_NUM</attalias><attrtype Sync="TRUE">Double</attrtype><attwidth Sync="TRUE">19</attwidth><atprecis Sync="TRUE">0</atprecis><attscale Sync="TRUE">0</attscale></attr><attr><attrlabl Sync="TRUE">CONGESTED</attrlabl><attalias Sync="TRUE">CONGESTED</attalias><attrtype Sync="TRUE">String</attrtype><attwidth Sync="TRUE">3</attwidth><atprecis Sync="TRUE">0</atprecis><attscale Sync="TRUE">0</attscale></attr><attr><attrlabl Sync="TRUE">LRSROUTE</attrlabl><attalias Sync="TRUE">LRSROUTE</attalias><attrtype Sync="TRUE">String</attrtype><attwidth Sync="TRUE">90</attwidth><atprecis Sync="TRUE">0</atprecis><attscale Sync="TRUE">0</attscale></attr><attr><attrlabl Sync="TRUE">FROMMEAS</attrlabl><attalias Sync="TRUE">FROMMEAS</attalias><attrtype Sync="TRUE">Double</attrtype><attwidth Sync="TRUE">19</attwidth><atprecis Sync="TRUE">0</atprecis><attscale Sync="TRUE">0</attscale></attr><attr><attrlabl Sync="TRUE">TOMEAS</attrlabl><attalias Sync="TRUE">TOMEAS</attalias><attrtype Sync="TRUE">Double</attrtype><attwidth Sync="TRUE">19</attwidth><atprecis Sync="TRUE">0</atprecis><attscale Sync="TRUE">0</attscale></attr><attr><attrlabl Sync="TRUE">FundID</attrlabl><attalias Sync="TRUE">FundID</attalias><attrtype Sync="TRUE">String</attrtype><attwidth Sync="TRUE">10</attwidth><atprecis Sync="TRUE">0</atprecis><attscale Sync="TRUE">0</attscale></attr></detailed></eainfo><mdLang><languageCode value="eng" Sync="TRUE"/><countryCode value="USA" Sync="TRUE"/></mdLang><distInfo><distFormat><formatName Sync="TRUE">Shapefile</formatName></distFormat><distTranOps><transSize Sync="TRUE">0.000</transSize></distTranOps></distInfo><mdHrLv><ScopeCd value="005" Sync="TRUE"/></mdHrLv><mdHrLvName Sync="TRUE">dataset</mdHrLvName><refSysInfo><RefSystem><refSysID><identCode code="26913" Sync="TRUE"/><idCodeSpace Sync="TRUE">EPSG</idCodeSpace><idVersion Sync="TRUE">8.2.6</idVersion></refSysID></RefSystem></refSysInfo><spatRepInfo><VectSpatRep><geometObjs Name="RMNP_boulderCounty_roads"><geoObjTyp><GeoObjTypCd value="002" Sync="TRUE"></GeoObjTypCd></geoObjTyp><geoObjCnt Sync="TRUE">0</geoObjCnt></geometObjs><topLvl><TopoLevCd value="001" Sync="TRUE"></TopoLevCd></topLvl></VectSpatRep></spatRepInfo><spdoinfo><ptvctinf><esriterm Name="RMNP_boulderCounty_roads"><efeatyp Sync="TRUE">Simple</efeatyp><efeageom code="3" Sync="TRUE"></efeageom><esritopo Sync="TRUE">FALSE</esritopo><efeacnt Sync="TRUE">0</efeacnt><spindex Sync="TRUE">FALSE</spindex><linrefer Sync="TRUE">TRUE</linrefer></esriterm></ptvctinf></spdoinfo><mdDateSt Sync="TRUE">20160926</mdDateSt><mdChar><CharSetCd value="004"/></mdChar></metadata>
