<?xml version="1.0"?>
<metadata><idinfo><citation><citeinfo><onlink Sync="TRUE">\\nascifs01\NEON_GIS\NEON_GIS\NEON_Internal_Data\Site_GIS_Data\11_SouthPlains\11_LBJ\11_RawData\Exclusions\AllRoads_Merge</onlink><origin>REQUIRED: The name of an organization or individual that developed the data set.</origin><pubdate>REQUIRED: The date when the data set is published or otherwise made available for release.</pubdate><ftname Sync="TRUE">AllRoads_Merge</ftname><geoform Sync="TRUE">vector digital data</geoform><title Sync="TRUE">AllRoads_Merge</title></citeinfo></citation><ptcontac><cntinfo><cntpos>NEON GIS contact</cntpos><cntemail>steve.hallgren@okstate.edu</cntemail><cntorgp><cntorg>Oaklahoma State University</cntorg><cntper>Steve Hallgren</cntper></cntorgp></cntinfo></ptcontac><descript><abstract>Geospatial data acquired for National Ecological Observation Network (NEON) Domain 11, Southern Plains, LBJ Grasslands (LBJ).  Data provided by contact did not include metadata to describe data creation, history, or attributes.  See contact details for more information.</abstract><purpose>Data used for core site maps of Domain 11, Southern Plains.</purpose><langdata Sync="TRUE">en</langdata></descript><timeperd><timeinfo><sngdate><caldate>July 29th 2008</caldate></sngdate></timeinfo><current>publication date</current></timeperd><keywords><theme><themekey>LBJ Grasslands</themekey><themekey>NEON</themekey><themekey>Core Site</themekey><themekey>Domain 11</themekey><themekt>REQUIRED: Reference to a formally registered thesaurus or a similar authoritative source of theme keywords.</themekt><themekey>Southern Plains</themekey></theme></keywords><accconst>Data to be used for NEON purposes only.</accconst><native Sync="TRUE">Microsoft Windows XP Version 5.1 (Build 2600) Service Pack 3; ESRI ArcCatalog 9.3.1.3000</native><status><progress>In work</progress><update>As needed</update></status><spdom><bounding><westbc Sync="TRUE">-97.821543</westbc><eastbc Sync="TRUE">-97.479789</eastbc><northbc Sync="TRUE">33.442693</northbc><southbc Sync="TRUE">33.219526</southbc></bounding><lboundng><leftbc Sync="TRUE">609811.643855</leftbc><rightbc Sync="TRUE">641310.891744</rightbc><bottombc Sync="TRUE">3676648.665936</bottombc><topbc Sync="TRUE">3700989.683013</topbc></lboundng></spdom><useconst>Data to be used for NEON purposes only.</useconst><natvform Sync="TRUE">Shapefile</natvform><secinfo><secclass>Confidential</secclass></secinfo></idinfo><distInfo><distributor><distorTran><onLineSrc><linkage Sync="TRUE">file://\\nascifs01\NEON_GIS\NEON_GIS\NEON_Internal_Data\Site_GIS_Data\11_SouthPlains\11_LBJ\11_RawData\Exclusions\AllRoads_Merge</linkage><protocol Sync="TRUE">Local Area Network</protocol><orDesc Sync="TRUE">002</orDesc></onLineSrc><transSize Sync="TRUE">0.000</transSize></distorTran><distorFormat><formatName Sync="TRUE">Shapefile</formatName></distorFormat></distributor><distFormat><formatName Sync="TRUE">Shapefile</formatName></distFormat><distTranOps><transSize Sync="TRUE">0.000</transSize></distTranOps></distInfo><dataqual><lineage><procstep><procdesc>Data projected from:
Projected coordinate system name: NAD_1983_StatePlane_Texas_North_Central_FIPS_4202_Feet
Geographic coordinate system name: GCS_North_American_1983</procdesc></procstep><procstep><procdesc Sync="TRUE">Metadata imported.</procdesc><srcused Sync="TRUE">H:\NEON\MetadataFinals\MetadataPrep\11\11_CoreMetadata.shp.xml</srcused><date Sync="TRUE">20080911</date><time Sync="TRUE">15275300</time></procstep><procstep><procdesc Sync="TRUE">Dataset moved.</procdesc><srcused Sync="TRUE">G:\NEON_GIS\NEON_Internal_Data\Site_GIS_Data\11_SouthPlains\11_LBJ\11_RawData\AllRoads_Merge</srcused><procdate Sync="TRUE">20110131</procdate><proctime Sync="TRUE">09354400</proctime></procstep></lineage></dataqual><Esri><ModDate>20140902</ModDate><ModTime>14271600</ModTime><CreaDate>20191204</CreaDate><CreaTime>22014500</CreaTime><SyncOnce>FALSE</SyncOnce><SyncDate>20140902</SyncDate><SyncTime>14271600</SyncTime><DataProperties><lineage><Process ToolSource="C:\Program Files\ArcGIS\ArcToolbox\Toolboxes\Data Management Tools.tbx\Merge" Date="20110131" Time="091110">Merge County_Roads;Oil_Gas_Roads;Paved_Roads;FS_Roads;Private_Roads G:\NEON_GIS\NEON_Internal_Data\Site_GIS_Data\11_SouthPlains\11_LBJ\11_RawData\AllRoads_Merge.shp "FRDS_ID 'FRDS_ID' true true false 19 Double 11 18 ,First,#,County_Roads,FRDS_ID,-1,-1,Paved_Roads,FRDS_ID,-1,-1;RTE_NO 'RTE_NO' true true false 30 Text 0 0 ,First,#,County_Roads,RTE_NO,-1,-1,Oil_Gas_Roads,RTE_NO,-1,-1,Paved_Roads,RTE_NO,-1,-1,FS_Roads,RTE_NO,-1,-1,Private_Roads,RTE_NO,-1,-1;Shape_Leng 'Shape_Leng' true true false 19 Double 11 18 ,First,#,County_Roads,Shape_Leng,-1,-1,Oil_Gas_Roads,Shape_Leng,-1,-1,Paved_Roads,Shape_Leng,-1,-1,FS_Roads,Shape_Leng,-1,-1,Private_Roads,Shape_Leng,-1,-1;DATE_ 'DATE_' true true false 8 Date 0 0 ,First,#,Oil_Gas_Roads,DATE_,-1,-1,Private_Roads,DATE_,-1,-1;SURFACE 'SURFACE' true true false 20 Text 0 0 ,First,#,Oil_Gas_Roads,SURFACE,-1,-1,Private_Roads,SURFACE,-1,-1;STATUS 'STATUS' true true false 20 Text 0 0 ,First,#,Oil_Gas_Roads,STATUS,-1,-1,Private_Roads,STATUS,-1,-1;CORR_TYPE 'CORR_TYPE' true true false 36 Text 0 0 ,First,#,Oil_Gas_Roads,CORR_TYPE,-1,-1,Private_Roads,CORR_TYPE,-1,-1;GPS_DATE 'GPS_DATE' true true false 8 Date 0 0 ,First,#,Oil_Gas_Roads,GPS_DATE,-1,-1,Private_Roads,GPS_DATE,-1,-1;GPS_TIME 'GPS_TIME' true true false 10 Text 0 0 ,First,#,Oil_Gas_Roads,GPS_TIME,-1,-1,Private_Roads,GPS_TIME,-1,-1;DATAFILE 'DATAFILE' true true false 20 Text 0 0 ,First,#,Oil_Gas_Roads,DATAFILE,-1,-1,Private_Roads,DATAFILE,-1,-1;GPS_LENGTH 'GPS_LENGTH' true true false 19 Double 11 18 ,First,#,Oil_Gas_Roads,GPS_LENGTH,-1,-1,Private_Roads,GPS_LENGTH,-1,-1;LENGTH 'LENGTH' true true false 19 Double 11 18 ,First,#,Oil_Gas_Roads,LENGTH,-1,-1;GIS_MILE 'GIS_MILE' true true false 19 Double 11 18 ,First,#,Oil_Gas_Roads,GIS_MILE,-1,-1,FS_Roads,GIS_MILE,-1,-1;BMP 'BMP' true true false 19 Double 11 18 ,First,#,FS_Roads,BMP,-1,-1;EMP 'EMP' true true false 19 Double 11 18 ,First,#,FS_Roads,EMP,-1,-1;ACTION_ 'ACTION_' true true false 10 Text 0 0 ,First,#,FS_Roads,ACTION_,-1,-1;ACTIONST_1 'ACTIONST_1' true true false 8 Date 0 0 ,First,#,FS_Roads,ACTIONST_1,-1,-1"</Process><Process ToolSource="C:\Program Files (x86)\ArcGIS\Desktop10.0\ArcToolbox\Toolboxes\Analysis Tools.tbx\Clip" Date="20140902" Time="142717">Clip 11_C_CLBJ_Roads 11_C_CLBJ_Boundary_V2 A:\TOS\TOS_Plot_Data\11_SouthPlains\CORE_CLBJ\Site_Information\11_C_CLBJ_Roads_V2.shp "25 Meters"</Process></lineage><itemProps><itemLocation><linkage Sync="TRUE">file://\\eco.neoninternal.org\neon\Science\GISData\TOS\TOS_Plot_Data\roads\11_C_CLBJ_Roads_V2</linkage><protocol Sync="TRUE">Local Area Network</protocol></itemLocation><itemName Sync="TRUE">11_C_CLBJ_Roads_V2</itemName><imsContentType Sync="TRUE">002</imsContentType><itemSize Sync="TRUE">0.000</itemSize></itemProps><copyHistory><copy source="N:\Science\GISData\TOS\TOS_Plot_Data\11_SouthPlains\CORE_CLBJ\Site_Information\11_C_CLBJ_Roads_V2" dest="\\eco.neoninternal.org\neon\Science\GISData\TOS\TOS_Plot_Data\roads\11_C_CLBJ_Roads_V2" date="20191204" time="22014500"></copy></copyHistory><coordRef><type Sync="TRUE">Projected</type><geogcsn Sync="TRUE">GCS_WGS_1984</geogcsn><projcsn Sync="TRUE">WGS_1984_UTM_Zone_14N</projcsn><peXml Sync="TRUE">&lt;ProjectedCoordinateSystem xsi:type='typens:ProjectedCoordinateSystem' xmlns:xsi='http://www.w3.org/2001/XMLSchema-instance' xmlns:xs='http://www.w3.org/2001/XMLSchema' xmlns:typens='http://www.esri.com/schemas/ArcGIS/10.0'&gt;&lt;WKT&gt;PROJCS[&amp;quot;WGS_1984_UTM_Zone_14N&amp;quot;,GEOGCS[&amp;quot;GCS_WGS_1984&amp;quot;,DATUM[&amp;quot;D_WGS_1984&amp;quot;,SPHEROID[&amp;quot;WGS_1984&amp;quot;,6378137.0,298.257223563]],PRIMEM[&amp;quot;Greenwich&amp;quot;,0.0],UNIT[&amp;quot;Degree&amp;quot;,0.0174532925199433]],PROJECTION[&amp;quot;Transverse_Mercator&amp;quot;],PARAMETER[&amp;quot;False_Easting&amp;quot;,500000.0],PARAMETER[&amp;quot;False_Northing&amp;quot;,0.0],PARAMETER[&amp;quot;Central_Meridian&amp;quot;,-99.0],PARAMETER[&amp;quot;Scale_Factor&amp;quot;,0.9996],PARAMETER[&amp;quot;Latitude_Of_Origin&amp;quot;,0.0],UNIT[&amp;quot;Meter&amp;quot;,1.0],AUTHORITY[&amp;quot;EPSG&amp;quot;,32614]]&lt;/WKT&gt;&lt;XOrigin&gt;-5120900&lt;/XOrigin&gt;&lt;YOrigin&gt;-9998100&lt;/YOrigin&gt;&lt;XYScale&gt;450445547.3910538&lt;/XYScale&gt;&lt;ZOrigin&gt;-100000&lt;/ZOrigin&gt;&lt;ZScale&gt;10000&lt;/ZScale&gt;&lt;MOrigin&gt;-100000&lt;/MOrigin&gt;&lt;MScale&gt;10000&lt;/MScale&gt;&lt;XYTolerance&gt;0.001&lt;/XYTolerance&gt;&lt;ZTolerance&gt;0.001&lt;/ZTolerance&gt;&lt;MTolerance&gt;0.001&lt;/MTolerance&gt;&lt;HighPrecision&gt;true&lt;/HighPrecision&gt;&lt;WKID&gt;32614&lt;/WKID&gt;&lt;/ProjectedCoordinateSystem&gt;</peXml></coordRef></DataProperties><ArcGISFormat>1.0</ArcGISFormat></Esri><metainfo><metd Sync="TRUE">20110131</metd><metc><cntinfo><cntperp><cntper>David Barnett</cntper><cntorg>Colorado State University Natural Resource Ecology Laboratory</cntorg></cntperp><cntemail>barnett@nrel.colostate.edu</cntemail><cntaddr><addrtype>REQUIRED: The mailing and/or physical address for the organization or individual.</addrtype><city>REQUIRED: The city of the address.</city><state>REQUIRED: The state or province of the address.</state><postal>REQUIRED: The ZIP or other postal code of the address.</postal></cntaddr><cntvoice>REQUIRED: The telephone number by which individuals can speak to the organization or individual.</cntvoice></cntinfo></metc><metsi><metsc>Confidential</metsc><metshd>Data to be used only with consent of NEON or NEON participating institutions</metshd></metsi><langmeta Sync="TRUE">en</langmeta><metstdn Sync="TRUE">FGDC Content Standards for Digital Geospatial Metadata</metstdn><metstdv Sync="TRUE">FGDC-STD-001-1998</metstdv><mettc Sync="TRUE">local time</mettc><metac>Metadata limited by data associated with original data.  Please see contact for more information and details, not the creator of this metadata document.  </metac></metainfo><mdDateSt Sync="TRUE">20140902</mdDateSt><spref><horizsys><cordsysn><geogcsn Sync="TRUE">GCS_WGS_1984</geogcsn><projcsn Sync="TRUE">WGS_1984_UTM_Zone_14N</projcsn></cordsysn><planar><planci><plance Sync="TRUE">coordinate pair</plance><plandu Sync="TRUE">meters</plandu><coordrep><absres Sync="TRUE">0.000000</absres><ordres Sync="TRUE">0.000000</ordres></coordrep></planci></planar><geodetic><horizdn Sync="TRUE">D_WGS_1984</horizdn><ellips Sync="TRUE">WGS_1984</ellips><semiaxis Sync="TRUE">6378137.000000</semiaxis><denflat Sync="TRUE">298.257224</denflat></geodetic></horizsys></spref><eainfo><overview><dsoverv>Attributes not defined by data provider.  See contact for clarification and details.  </dsoverv></overview><detailed Name="11_C_CLBJ_Roads_V2"><attr><attrlabl Sync="TRUE">FID</attrlabl><attalias Sync="TRUE">FID</attalias><attrtype Sync="TRUE">OID</attrtype><attwidth Sync="TRUE">4</attwidth><atprecis Sync="TRUE">0</atprecis><attscale Sync="TRUE">0</attscale><attrdef Sync="TRUE">Internal feature number.</attrdef><attrdefs Sync="TRUE">ESRI</attrdefs><attrdomv><udom Sync="TRUE">Sequential unique whole numbers that are automatically generated.</udom></attrdomv></attr><attr><attrlabl Sync="TRUE">Shape</attrlabl><attalias Sync="TRUE">Shape</attalias><attrtype Sync="TRUE">Geometry</attrtype><attwidth Sync="TRUE">0</attwidth><atprecis Sync="TRUE">0</atprecis><attscale Sync="TRUE">0</attscale><attrdef Sync="TRUE">Feature geometry.</attrdef><attrdefs Sync="TRUE">ESRI</attrdefs><attrdomv><udom Sync="TRUE">Coordinates defining the features.</udom></attrdomv></attr><enttyp><enttypt Sync="TRUE">Feature Class</enttypt><enttypc Sync="TRUE">0</enttypc><enttypl Sync="TRUE">11_C_CLBJ_Roads_V2</enttypl></enttyp><attr><attrlabl Sync="TRUE">FRDS_ID</attrlabl><attalias Sync="TRUE">FRDS_ID</attalias><attrtype Sync="TRUE">Double</attrtype><attwidth Sync="TRUE">19</attwidth><atprecis Sync="TRUE">18</atprecis><attscale Sync="TRUE">11</attscale></attr><attr><attrlabl Sync="TRUE">RTE_NO</attrlabl><attalias Sync="TRUE">RTE_NO</attalias><attrtype Sync="TRUE">String</attrtype><attwidth Sync="TRUE">30</attwidth><atprecis Sync="TRUE">0</atprecis><attscale Sync="TRUE">0</attscale></attr><attr><attrlabl Sync="TRUE">Shape_Leng</attrlabl><attalias Sync="TRUE">Shape_Leng</attalias><attrtype Sync="TRUE">Double</attrtype><attwidth Sync="TRUE">19</attwidth><atprecis Sync="TRUE">18</atprecis><attscale Sync="TRUE">11</attscale></attr><attr><attrlabl Sync="TRUE">DATE_</attrlabl><attalias Sync="TRUE">DATE_</attalias><attrtype Sync="TRUE">Date</attrtype><attwidth Sync="TRUE">8</attwidth><atprecis Sync="TRUE">0</atprecis><attscale Sync="TRUE">0</attscale></attr><attr><attrlabl Sync="TRUE">SURFACE</attrlabl><attalias Sync="TRUE">SURFACE</attalias><attrtype Sync="TRUE">String</attrtype><attwidth Sync="TRUE">20</attwidth><atprecis Sync="TRUE">0</atprecis><attscale Sync="TRUE">0</attscale></attr><attr><attrlabl Sync="TRUE">STATUS</attrlabl><attalias Sync="TRUE">STATUS</attalias><attrtype Sync="TRUE">String</attrtype><attwidth Sync="TRUE">20</attwidth><atprecis Sync="TRUE">0</atprecis><attscale Sync="TRUE">0</attscale></attr><attr><attrlabl Sync="TRUE">CORR_TYPE</attrlabl><attalias Sync="TRUE">CORR_TYPE</attalias><attrtype Sync="TRUE">String</attrtype><attwidth Sync="TRUE">36</attwidth><atprecis Sync="TRUE">0</atprecis><attscale Sync="TRUE">0</attscale></attr><attr><attrlabl Sync="TRUE">GPS_DATE</attrlabl><attalias Sync="TRUE">GPS_DATE</attalias><attrtype Sync="TRUE">Date</attrtype><attwidth Sync="TRUE">8</attwidth><atprecis Sync="TRUE">0</atprecis><attscale Sync="TRUE">0</attscale></attr><attr><attrlabl Sync="TRUE">GPS_TIME</attrlabl><attalias Sync="TRUE">GPS_TIME</attalias><attrtype Sync="TRUE">String</attrtype><attwidth Sync="TRUE">10</attwidth><atprecis Sync="TRUE">0</atprecis><attscale Sync="TRUE">0</attscale></attr><attr><attrlabl Sync="TRUE">DATAFILE</attrlabl><attalias Sync="TRUE">DATAFILE</attalias><attrtype Sync="TRUE">String</attrtype><attwidth Sync="TRUE">20</attwidth><atprecis Sync="TRUE">0</atprecis><attscale Sync="TRUE">0</attscale></attr><attr><attrlabl Sync="TRUE">GPS_LENGTH</attrlabl><attalias Sync="TRUE">GPS_LENGTH</attalias><attrtype Sync="TRUE">Double</attrtype><attwidth Sync="TRUE">19</attwidth><atprecis Sync="TRUE">18</atprecis><attscale Sync="TRUE">11</attscale></attr><attr><attrlabl Sync="TRUE">LENGTH</attrlabl><attalias Sync="TRUE">LENGTH</attalias><attrtype Sync="TRUE">Double</attrtype><attwidth Sync="TRUE">19</attwidth><atprecis Sync="TRUE">18</atprecis><attscale Sync="TRUE">11</attscale></attr><attr><attrlabl Sync="TRUE">GIS_MILE</attrlabl><attalias Sync="TRUE">GIS_MILE</attalias><attrtype Sync="TRUE">Double</attrtype><attwidth Sync="TRUE">19</attwidth><atprecis Sync="TRUE">18</atprecis><attscale Sync="TRUE">11</attscale></attr><attr><attrlabl Sync="TRUE">BMP</attrlabl><attalias Sync="TRUE">BMP</attalias><attrtype Sync="TRUE">Double</attrtype><attwidth Sync="TRUE">19</attwidth><atprecis Sync="TRUE">18</atprecis><attscale Sync="TRUE">11</attscale></attr><attr><attrlabl Sync="TRUE">EMP</attrlabl><attalias Sync="TRUE">EMP</attalias><attrtype Sync="TRUE">Double</attrtype><attwidth Sync="TRUE">19</attwidth><atprecis Sync="TRUE">18</atprecis><attscale Sync="TRUE">11</attscale></attr><attr><attrlabl Sync="TRUE">ACTION_</attrlabl><attalias Sync="TRUE">ACTION_</attalias><attrtype Sync="TRUE">String</attrtype><attwidth Sync="TRUE">10</attwidth><atprecis Sync="TRUE">0</atprecis><attscale Sync="TRUE">0</attscale></attr><attr><attrlabl Sync="TRUE">ACTIONST_1</attrlabl><attalias Sync="TRUE">ACTIONST_1</attalias><attrtype Sync="TRUE">Date</attrtype><attwidth Sync="TRUE">8</attwidth><atprecis Sync="TRUE">0</atprecis><attscale Sync="TRUE">0</attscale></attr></detailed></eainfo><dataIdInfo><envirDesc Sync="TRUE">Microsoft Windows Server 2008 R2 Version 6.1 (Build 7601) Service Pack 1; ESRI ArcGIS 10.0.2.3200</envirDesc><dataLang><languageCode Sync="TRUE" value="eng" country="USA"></languageCode></dataLang><idCitation><resTitle Sync="TRUE">11_C_CLBJ_Roads_V2</resTitle><presForm><PresFormCd Sync="TRUE" value="005"></PresFormCd></presForm></idCitation><spatRpType><SpatRepTypCd Sync="TRUE" value="001"></SpatRepTypCd></spatRpType><dataExt><geoEle><GeoBndBox esriExtentType="native"><westBL Sync="TRUE">609811.643855</westBL><eastBL Sync="TRUE">641310.891744</eastBL><northBL Sync="TRUE">3700989.683013</northBL><southBL Sync="TRUE">3676648.665936</southBL><exTypeCode Sync="TRUE">1</exTypeCode></GeoBndBox></geoEle></dataExt><geoBox esriExtentType="decdegrees"><westBL Sync="TRUE">-97.821543</westBL><eastBL Sync="TRUE">-97.479789</eastBL><northBL Sync="TRUE">33.442693</northBL><southBL Sync="TRUE">33.219526</southBL><exTypeCode Sync="TRUE">1</exTypeCode></geoBox><descKeys><thesaName uuidref="723f6998-058e-11dc-8314-0800200c9a66"></thesaName><keyword Sync="TRUE">002</keyword></descKeys></dataIdInfo><mdLang><languageCode Sync="TRUE" value="eng"></languageCode></mdLang><mdStanName Sync="TRUE">ISO 19115 Geographic Information - Metadata</mdStanName><mdStanVer Sync="TRUE">DIS_ESRI1.0</mdStanVer><mdChar><CharSetCd Sync="TRUE" value="004"></CharSetCd></mdChar><mdHrLv><ScopeCd Sync="TRUE" value="005"></ScopeCd></mdHrLv><mdHrLvName Sync="TRUE">dataset</mdHrLvName><distinfo><stdorder><digform><digtinfo><transize Sync="TRUE">0.000</transize><dssize Sync="TRUE">0.000</dssize></digtinfo></digform></stdorder><distrib><cntinfo><cntperp/></cntinfo></distrib><resdesc Sync="TRUE">Downloadable Data</resdesc></distinfo><spdoinfo><direct Sync="TRUE">Vector</direct><ptvctinf><esriterm Name="11_C_CLBJ_Roads_V2"><efeatyp Sync="TRUE">Simple</efeatyp><efeageom Sync="TRUE">3</efeageom><esritopo Sync="TRUE">FALSE</esritopo><efeacnt Sync="TRUE">0</efeacnt><spindex Sync="TRUE">FALSE</spindex><linrefer Sync="TRUE">FALSE</linrefer></esriterm></ptvctinf></spdoinfo><refSysInfo><RefSystem><refSysID><identCode Sync="TRUE" code="32614">WGS_1984_UTM_Zone_14N</identCode><idCodeSpace Sync="TRUE">EPSG</idCodeSpace><idVersion Sync="TRUE">7.4.1</idVersion></refSysID></RefSystem></refSysInfo><spatRepInfo><VectSpatRep><topLvl><TopoLevCd Sync="TRUE" value="001"></TopoLevCd></topLvl><geometObjs Name="AllRoads_Merge"><geoObjTyp><GeoObjTypCd Sync="TRUE" value="002"></GeoObjTypCd><geoObjCnt Sync="TRUE">0</geoObjCnt></geoObjTyp><geoObjCnt Sync="TRUE">0</geoObjCnt></geometObjs></VectSpatRep></spatRepInfo></metadata>
