<?xml version="1.0"?>
<!--<!DOCTYPE metadata SYSTEM "http://www.esri.com/metadata/esriprof80.dtd">-->
<metadata xml:lang="en"><Esri><CreaDate>20191204</CreaDate><CreaTime>22021000</CreaTime><SyncOnce>FALSE</SyncOnce><SyncDate>20110213</SyncDate><SyncTime>14503400</SyncTime><ModDate>20110213</ModDate><ModTime>14503400</ModTime><DataProperties><lineage><Process ToolSource="C:\Program Files\ArcGIS\ArcToolbox\Toolboxes\Data Management Tools.tbx\DefineProjection" Date="20110109" Time="232137">DefineProjection e:\yellowstone\yellwebgis\gyaroads\gya_roads_all PROJCS['NAD_1983_UTM_Zone_12N',GEOGCS['GCS_North_American_1983',DATUM['D_North_American_1983',SPHEROID['GRS_1980',6378137.0,298.257222101]],PRIMEM['Greenwich',0.0],UNIT['Degree',0.0174532925199433]],PROJECTION['Transverse_Mercator'],PARAMETER['False_Easting',500000.0],PARAMETER['False_Northing',0.0],PARAMETER['Central_Meridian',-111.0],PARAMETER['Scale_Factor',0.9996],PARAMETER['Latitude_Of_Origin',0.0],UNIT['Meter',1.0]] e:\yellowstone\yellwebgis\gyaroads\gya_roads_all</Process><Process ToolSource="C:\Program Files\ArcGIS\ArcToolbox\Toolboxes\Analysis Tools.tbx\Clip" Date="20110213" Time="145034">Clip "gya_roads_all arc" YellowstoneBoundary2 I:\better\yellowstone\12_StudyDesign\exclusions\roadclip.shp #</Process></lineage><itemProps><itemLocation><linkage Sync="TRUE">file://\\eco.neoninternal.org\neon\Science\GISData\TOS\TOS_Plot_Data\roads\12_C_Yell_Roads</linkage><protocol Sync="TRUE">Local Area Network</protocol></itemLocation></itemProps><copyHistory><copy source="N:\Science\GISData\TOS\TOS_Plot_Data\12_NorthernRockies\CORE_YELL\Site_Information\12_C_Yell_Roads" dest="\\eco.neoninternal.org\neon\Science\GISData\TOS\TOS_Plot_Data\roads\12_C_Yell_Roads" date="20191204" time="22021000"></copy></copyHistory></DataProperties></Esri><idinfo><native Sync="TRUE">Microsoft Windows XP Version 5.1 (Build 2600) Service Pack 3; ESRI ArcCatalog 9.3.0.1770</native><descript><langdata Sync="TRUE">en</langdata><abstract>REQUIRED: A brief narrative summary of the data set.</abstract><purpose>REQUIRED: A summary of the intentions with which the data set was developed.</purpose></descript><citation><citeinfo><origin>REQUIRED: The name of an organization or individual that developed the data set.</origin><pubdate>REQUIRED: The date when the data set is published or otherwise made available for release.</pubdate><title Sync="TRUE">roadclip</title><ftname Sync="TRUE">roadclip</ftname><geoform Sync="TRUE">vector digital data</geoform><onlink Sync="TRUE"></onlink></citeinfo></citation><timeperd><current>REQUIRED: The basis on which the time period of content information is determined.</current><timeinfo><sngdate><caldate>REQUIRED: The year (and optionally month, or month and day) for which the data set corresponds to the ground.</caldate></sngdate></timeinfo></timeperd><status><progress>REQUIRED: The state of the data set.</progress><update>REQUIRED: The frequency with which changes and additions are made to the data set after the initial data set is completed.</update></status><spdom><bounding><westbc Sync="TRUE">-113.173497</westbc><eastbc Sync="TRUE">-107.743457</eastbc><northbc Sync="TRUE">46.039093</northbc><southbc Sync="TRUE">40.960976</southbc></bounding><lboundng><leftbc Sync="TRUE">331758.312500</leftbc><rightbc Sync="TRUE">752190.375000</rightbc><bottombc Sync="TRUE">4538750.500000</bottombc><topbc Sync="TRUE">5098391.000000</topbc></lboundng></spdom><keywords><theme><themekt>REQUIRED: Reference to a formally registered thesaurus or a similar authoritative source of theme keywords.</themekt><themekey>REQUIRED: Common-use word or phrase used to describe the subject of the data set.</themekey></theme></keywords><accconst>REQUIRED: Restrictions and legal prerequisites for accessing the data set.</accconst><useconst>REQUIRED: Restrictions and legal prerequisites for using the data set after access is granted.</useconst><natvform Sync="TRUE">Shapefile</natvform></idinfo><dataIdInfo><envirDesc Sync="TRUE">Microsoft Windows XP Version 5.1 (Build 2600) Service Pack 3; ESRI ArcCatalog 9.3.0.1770</envirDesc><dataLang><languageCode Sync="TRUE" value="en"></languageCode></dataLang><idCitation><resTitle Sync="TRUE">roadclip</resTitle><presForm><PresFormCd Sync="TRUE" value="005"></PresFormCd></presForm></idCitation><spatRpType><SpatRepTypCd Sync="TRUE" value="001"></SpatRepTypCd></spatRpType><dataExt><geoEle><GeoBndBox esriExtentType="native"><westBL Sync="TRUE">331758.3125</westBL><eastBL Sync="TRUE">752190.375</eastBL><northBL Sync="TRUE">5098391</northBL><southBL Sync="TRUE">4538750.5</southBL><exTypeCode Sync="TRUE">1</exTypeCode></GeoBndBox></geoEle></dataExt><geoBox esriExtentType="decdegrees"><westBL Sync="TRUE">-113.173497</westBL><eastBL Sync="TRUE">-107.743457</eastBL><northBL Sync="TRUE">46.039093</northBL><southBL Sync="TRUE">40.960976</southBL><exTypeCode Sync="TRUE">1</exTypeCode></geoBox></dataIdInfo><metainfo><langmeta Sync="TRUE">en</langmeta><metstdn Sync="TRUE">FGDC Content Standards for Digital Geospatial Metadata</metstdn><metstdv Sync="TRUE">FGDC-STD-001-1998</metstdv><mettc Sync="TRUE">local time</mettc><metc><cntinfo><cntorgp><cntper>REQUIRED: The person responsible for the metadata information.</cntper><cntorg>REQUIRED: The organization responsible for the metadata information.</cntorg></cntorgp><cntaddr><addrtype>REQUIRED: The mailing and/or physical address for the organization or individual.</addrtype><city>REQUIRED: The city of the address.</city><state>REQUIRED: The state or province of the address.</state><postal>REQUIRED: The ZIP or other postal code of the address.</postal></cntaddr><cntvoice>REQUIRED: The telephone number by which individuals can speak to the organization or individual.</cntvoice></cntinfo></metc><metd Sync="TRUE">20110213</metd><metextns><onlink Sync="TRUE">http://www.esri.com/metadata/esriprof80.html</onlink><metprof Sync="TRUE">ESRI Metadata Profile</metprof></metextns></metainfo><mdLang><languageCode Sync="TRUE" value="en"></languageCode></mdLang><mdStanName Sync="TRUE">ISO 19115 Geographic Information - Metadata</mdStanName><mdStanVer Sync="TRUE">DIS_ESRI1.0</mdStanVer><mdChar><CharSetCd Sync="TRUE" value="004"></CharSetCd></mdChar><mdHrLv><ScopeCd Sync="TRUE" value="005"></ScopeCd></mdHrLv><mdHrLvName Sync="TRUE">dataset</mdHrLvName><distinfo><resdesc Sync="TRUE">Downloadable Data</resdesc><stdorder><digform><digtinfo><transize Sync="TRUE">0.000</transize><dssize Sync="TRUE">0.000</dssize></digtinfo></digform></stdorder></distinfo><distInfo><distributor><distorTran><onLineSrc><orDesc Sync="TRUE">002</orDesc><linkage Sync="TRUE">file://</linkage><protocol Sync="TRUE">Local Area Network</protocol></onLineSrc><transSize Sync="TRUE">0.000</transSize></distorTran><distorFormat><formatName Sync="TRUE">Shapefile</formatName></distorFormat></distributor></distInfo><spdoinfo><direct Sync="TRUE">Vector</direct><ptvctinf><esriterm Name="roadclip"><efeatyp Sync="TRUE">Simple</efeatyp><efeageom Sync="TRUE">Polyline</efeageom><esritopo Sync="TRUE">FALSE</esritopo><efeacnt Sync="TRUE">0</efeacnt><spindex Sync="TRUE">FALSE</spindex><linrefer Sync="TRUE">FALSE</linrefer></esriterm><sdtsterm Name="roadclip"><sdtstype Sync="TRUE">String</sdtstype><ptvctcnt Sync="TRUE">0</ptvctcnt></sdtsterm><esriterm Name="tic"><efeatyp Sync="TRUE">Simple</efeatyp><efeageom Sync="TRUE">Tic</efeageom><esritopo Sync="TRUE">FALSE</esritopo><efeacnt Sync="TRUE">4</efeacnt><spindex Sync="TRUE">FALSE</spindex><linrefer Sync="TRUE">FALSE</linrefer></esriterm><sdtsterm Name="tic"><sdtstype Sync="TRUE">Point</sdtstype><ptvctcnt Sync="TRUE">4</ptvctcnt></sdtsterm></ptvctinf></spdoinfo><spatRepInfo><VectSpatRep><topLvl><TopoLevCd Sync="TRUE" value="001"></TopoLevCd></topLvl><geometObjs Name="roadclip"><geoObjTyp><GeoObjTypCd Sync="TRUE" value="001"></GeoObjTypCd></geoObjTyp><geoObjCnt Sync="TRUE">0</geoObjCnt></geometObjs></VectSpatRep></spatRepInfo><eainfo><detailed Name="roadclip"><enttyp><enttypl Sync="TRUE">roadclip</enttypl><enttypt Sync="TRUE">Feature Class</enttypt><enttypc Sync="TRUE">0</enttypc></enttyp><attr><attrlabl Sync="TRUE">FID</attrlabl><attalias Sync="TRUE">FID</attalias><attrtype Sync="TRUE">OID</attrtype><attwidth Sync="TRUE">4</attwidth><atprecis Sync="TRUE">0</atprecis><attscale Sync="TRUE">0</attscale><attrdef Sync="TRUE">Internal feature number.</attrdef><attrdefs Sync="TRUE">ESRI</attrdefs><attrdomv><udom Sync="TRUE">Sequential unique whole numbers that are automatically generated.</udom></attrdomv></attr><attr><attrlabl Sync="TRUE">Shape</attrlabl><attalias Sync="TRUE">Shape</attalias><attrtype Sync="TRUE">Geometry</attrtype><attwidth Sync="TRUE">0</attwidth><atprecis Sync="TRUE">0</atprecis><attscale Sync="TRUE">0</attscale><attrdef Sync="TRUE">Feature geometry.</attrdef><attrdefs Sync="TRUE">ESRI</attrdefs><attrdomv><udom Sync="TRUE">Coordinates defining the features.</udom></attrdomv></attr><attr><attrlabl Sync="TRUE">FNODE_</attrlabl><attalias Sync="TRUE">FNODE_</attalias><attrtype Sync="TRUE">Number</attrtype><attwidth Sync="TRUE">9</attwidth></attr><attr><attrlabl Sync="TRUE">TNODE_</attrlabl><attalias Sync="TRUE">TNODE_</attalias><attrtype Sync="TRUE">Number</attrtype><attwidth Sync="TRUE">9</attwidth></attr><attr><attrlabl Sync="TRUE">LPOLY_</attrlabl><attalias Sync="TRUE">LPOLY_</attalias><attrtype Sync="TRUE">Number</attrtype><attwidth Sync="TRUE">9</attwidth></attr><attr><attrlabl Sync="TRUE">RPOLY_</attrlabl><attalias Sync="TRUE">RPOLY_</attalias><attrtype Sync="TRUE">Number</attrtype><attwidth Sync="TRUE">9</attwidth></attr><attr><attrlabl Sync="TRUE">LENGTH</attrlabl><attwidth Sync="TRUE">13</attwidth><atoutwid Sync="TRUE">12</atoutwid><attrtype Sync="TRUE">Float</attrtype><attrdef Sync="TRUE">Length of feature in internal units.</attrdef><attrdefs Sync="TRUE">ESRI</attrdefs><attrdomv><udom Sync="TRUE">Positive real numbers that are automatically generated.</udom></attrdomv><attalias Sync="TRUE">LENGTH</attalias><atnumdec Sync="TRUE">11</atnumdec></attr><attr><attrlabl Sync="TRUE">GYA_ROADS_</attrlabl><attalias Sync="TRUE">GYA_ROADS_</attalias><attrtype Sync="TRUE">Number</attrtype><attwidth Sync="TRUE">9</attwidth></attr><attr><attrlabl Sync="TRUE">GYA_ROADS1</attrlabl><attalias Sync="TRUE">GYA_ROADS1</attalias><attrtype Sync="TRUE">Number</attrtype><attwidth Sync="TRUE">9</attwidth></attr><attr><attrlabl Sync="TRUE">ENTITY_LAB</attrlabl><attwidth Sync="TRUE">7</attwidth><atoutwid Sync="TRUE">7</atoutwid><attrtype Sync="TRUE">String</attrtype><attalias Sync="TRUE">ENTITY_LAB</attalias></attr><attr><attrlabl Sync="TRUE">ENTITY_DEF</attrlabl><attwidth Sync="TRUE">60</attwidth><atoutwid Sync="TRUE">60</atoutwid><attrtype Sync="TRUE">String</attrtype><attalias Sync="TRUE">ENTITY_DEF</attalias></attr><attr><attrlabl Sync="TRUE">ROUTE_DESC</attrlabl><attwidth Sync="TRUE">25</attwidth><atoutwid Sync="TRUE">25</atoutwid><attrtype Sync="TRUE">String</attrtype><attalias Sync="TRUE">ROUTE_DESC</attalias></attr><attr><attrlabl Sync="TRUE">ROUTE_NUM1</attrlabl><attwidth Sync="TRUE">16</attwidth><atoutwid Sync="TRUE">16</atoutwid><attrtype Sync="TRUE">String</attrtype><attalias Sync="TRUE">ROUTE_NUM1</attalias></attr><attr><attrlabl Sync="TRUE">ROUTE_NUM2</attrlabl><attwidth Sync="TRUE">16</attwidth><atoutwid Sync="TRUE">16</atoutwid><attrtype Sync="TRUE">String</attrtype><attalias Sync="TRUE">ROUTE_NUM2</attalias></attr><attr><attrlabl Sync="TRUE">ROUTE_NUM3</attrlabl><attwidth Sync="TRUE">16</attwidth><atoutwid Sync="TRUE">16</atoutwid><attrtype Sync="TRUE">String</attrtype><attalias Sync="TRUE">ROUTE_NUM3</attalias></attr><attr><attrlabl Sync="TRUE">ROUTE_NUM4</attrlabl><attwidth Sync="TRUE">16</attwidth><atoutwid Sync="TRUE">16</atoutwid><attrtype Sync="TRUE">String</attrtype><attalias Sync="TRUE">ROUTE_NUM4</attalias></attr></detailed></eainfo><mdDateSt Sync="TRUE">20110213</mdDateSt><spref><horizsys><cordsysn><geogcsn Sync="TRUE">GCS_North_American_1983</geogcsn><projcsn Sync="TRUE">NAD_1983_UTM_Zone_12N</projcsn></cordsysn><planar><planci><plance Sync="TRUE">coordinate pair</plance><plandu Sync="TRUE">meters</plandu><coordrep><absres Sync="TRUE">0.000000</absres><ordres Sync="TRUE">0.000000</ordres></coordrep></planci><gridsys><gridsysn Sync="TRUE">Universal Transverse Mercator</gridsysn><utm><utmzone Sync="TRUE">12</utmzone><transmer><sfctrmer Sync="TRUE">0.999600</sfctrmer><longcm Sync="TRUE">-111.000000</longcm><latprjo Sync="TRUE">0.000000</latprjo><feast Sync="TRUE">500000.000000</feast><fnorth Sync="TRUE">0.000000</fnorth></transmer></utm></gridsys></planar><geodetic><horizdn Sync="TRUE">North American Datum of 1983</horizdn><ellips Sync="TRUE">Geodetic Reference System 80</ellips><semiaxis Sync="TRUE">6378137.000000</semiaxis><denflat Sync="TRUE">298.257222</denflat></geodetic></horizsys></spref><refSysInfo><RefSystem><refSysID><identCode Sync="TRUE">NAD_1983_UTM_Zone_12N</identCode></refSysID></RefSystem></refSysInfo><dataqual><lineage><procstep><procdesc Sync="TRUE">Dataset copied.</procdesc><srcused Sync="TRUE"></srcused><procdate Sync="TRUE">20110725</procdate><proctime Sync="TRUE">15402900</proctime></procstep></lineage></dataqual></metadata>
