<?xml version="1.0"?>
<metadata><idinfo><citation><citeinfo><onlink Sync="TRUE">\\nascifs01\NEON_GIS\NEON_GIS\NEON_Internal_Data\Site_GIS_Data\13_SouthernRockies\13_Niwot\13_RawData\13_NREL_Final\Roads.shp</onlink><origin>REQUIRED: The name of an organization or individual that developed the data set.</origin><pubdate>REQUIRED: The date when the data set is published or otherwise made available for release.</pubdate><ftname Sync="TRUE">Roads</ftname><geoform Sync="TRUE">vector digital data</geoform><title Sync="TRUE">Roads</title></citeinfo></citation><ptcontac><cntinfo><cntpos>NEON contact</cntpos><cntemail> todda@colorado.edu</cntemail><cntorgp><cntorg>University of Colorado</cntorg><cntper>Todd Ackerman</cntper></cntorgp></cntinfo></ptcontac><descript><abstract>Geospatial data acquired for National Ecological Observation Network (NEON) Domain 13, Southern Rockies, Niwot.  Data provided by contact did not include metadata to describe data creation, history, or attributes.  See contact details for more information.</abstract><purpose>Data used for core site maps of Domain 13, Southern Rockies.</purpose><langdata Sync="TRUE">en</langdata></descript><timeperd><timeinfo><sngdate><caldate>July 29th 2008</caldate></sngdate></timeinfo><current>publication date</current></timeperd><keywords><theme><themekey>Niwot</themekey><themekey>NEON</themekey><themekey>Core Site</themekey><themekey>Domain 13</themekey><themekt>REQUIRED: Reference to a formally registered thesaurus or a similar authoritative source of theme keywords.</themekt><themekey>Southern Rockies</themekey></theme></keywords><accconst>Data to be used for NEON purposes only.</accconst><native Sync="TRUE">Microsoft Windows XP Version 5.1 (Build 2600) Service Pack 3; ESRI ArcCatalog 9.3.1.3000</native><status><progress>In work</progress><update>As needed</update></status><spdom><bounding><westbc Sync="TRUE">-105.616308</westbc><eastbc Sync="TRUE">-105.530257</eastbc><northbc Sync="TRUE">40.060224</northbc><southbc Sync="TRUE">40.031245</southbc></bounding><lboundng><leftbc Sync="TRUE">447437.896572</leftbc><rightbc Sync="TRUE">454758.248711</rightbc><bottombc Sync="TRUE">4431406.841060</bottombc><topbc Sync="TRUE">4434576.325308</topbc></lboundng></spdom><useconst>Data to be used for NEON purposes only.</useconst><natvform Sync="TRUE">Shapefile</natvform><secinfo><secclass>Confidential</secclass></secinfo></idinfo><distInfo><distributor><distorTran><onLineSrc><linkage Sync="TRUE">file://\\nascifs01\NEON_GIS\NEON_GIS\NEON_Internal_Data\Site_GIS_Data\13_SouthernRockies\13_Niwot\13_RawData\13_NREL_Final\Roads.shp</linkage><protocol Sync="TRUE">Local Area Network</protocol><orDesc Sync="TRUE">002</orDesc></onLineSrc><transSize Sync="TRUE">0.008</transSize></distorTran><distorFormat><formatName Sync="TRUE">Shapefile</formatName></distorFormat></distributor><distFormat><formatName Sync="TRUE">Shapefile</formatName></distFormat><distTranOps><transSize Sync="TRUE">0.008</transSize></distTranOps></distInfo><dataqual><lineage><procstep><procdesc>Data projected from:
Projected coordinate system name: NAD_1983_UTM_Zone_13N
Geographic coordinate system name: GCS_North_American_1983</procdesc></procstep><procstep><procdesc Sync="TRUE">Metadata imported.</procdesc><srcused Sync="TRUE">H:\NEON\MetadataFinals\MetadataPrep\13\13_CoreMetadata.shp.xml</srcused><date Sync="TRUE">20080912</date><time Sync="TRUE">10573400</time></procstep><procstep><procdesc>from file: nwt_roads_trails_streams.shp</procdesc></procstep></lineage></dataqual><Esri><ModDate>20140710</ModDate><ModTime>14481100</ModTime><CreaDate>20191204</CreaDate><CreaTime>22022200</CreaTime><SyncOnce>FALSE</SyncOnce><SyncDate>20140710</SyncDate><SyncTime>14481100</SyncTime><ArcGISFormat>1.0</ArcGISFormat><DataProperties><itemProps><itemLocation><linkage Sync="TRUE">file://\\eco.neoninternal.org\neon\Science\GISData\TOS\TOS_Plot_Data\roads\13_C_NIWO_Roads</linkage><protocol Sync="TRUE">Local Area Network</protocol></itemLocation><itemName Sync="TRUE">13_C_NIWO_Roads</itemName><imsContentType Sync="TRUE">002</imsContentType><nativeExtBox><westBL Sync="TRUE">447437.896572</westBL><eastBL Sync="TRUE">454758.248711</eastBL><southBL Sync="TRUE">4431406.841060</southBL><northBL Sync="TRUE">4434576.325308</northBL><exTypeCode Sync="TRUE">1</exTypeCode></nativeExtBox><itemSize Sync="TRUE">0.008</itemSize></itemProps><copyHistory><copy source="N:\Science\GISData\TOS\TOS_Plot_Data\13_SouthernRockies\CORE_NIWO\Site_Information\13_C_NIWO_Roads" dest="\\eco.neoninternal.org\neon\Science\GISData\TOS\TOS_Plot_Data\roads\13_C_NIWO_Roads" date="20191204" time="22022200"></copy></copyHistory><coordRef><type Sync="TRUE">Projected</type><geogcsn Sync="TRUE">GCS_WGS_1984</geogcsn><csUnits Sync="TRUE">Linear Unit: Meter (1.000000)</csUnits><projcsn Sync="TRUE">WGS_1984_UTM_Zone_13N</projcsn><peXml Sync="TRUE">&lt;ProjectedCoordinateSystem xsi:type='typens:ProjectedCoordinateSystem' xmlns:xsi='http://www.w3.org/2001/XMLSchema-instance' xmlns:xs='http://www.w3.org/2001/XMLSchema' xmlns:typens='http://www.esri.com/schemas/ArcGIS/10.0'&gt;&lt;WKT&gt;PROJCS[&amp;quot;WGS_1984_UTM_Zone_13N&amp;quot;,GEOGCS[&amp;quot;GCS_WGS_1984&amp;quot;,DATUM[&amp;quot;D_WGS_1984&amp;quot;,SPHEROID[&amp;quot;WGS_1984&amp;quot;,6378137.0,298.257223563]],PRIMEM[&amp;quot;Greenwich&amp;quot;,0.0],UNIT[&amp;quot;Degree&amp;quot;,0.0174532925199433]],PROJECTION[&amp;quot;Transverse_Mercator&amp;quot;],PARAMETER[&amp;quot;False_Easting&amp;quot;,500000.0],PARAMETER[&amp;quot;False_Northing&amp;quot;,0.0],PARAMETER[&amp;quot;Central_Meridian&amp;quot;,-105.0],PARAMETER[&amp;quot;Scale_Factor&amp;quot;,0.9996],PARAMETER[&amp;quot;Latitude_Of_Origin&amp;quot;,0.0],UNIT[&amp;quot;Meter&amp;quot;,1.0],AUTHORITY[&amp;quot;EPSG&amp;quot;,32613]]&lt;/WKT&gt;&lt;XOrigin&gt;-5120900&lt;/XOrigin&gt;&lt;YOrigin&gt;-9998100&lt;/YOrigin&gt;&lt;XYScale&gt;450445547.3910538&lt;/XYScale&gt;&lt;ZOrigin&gt;-100000&lt;/ZOrigin&gt;&lt;ZScale&gt;10000&lt;/ZScale&gt;&lt;MOrigin&gt;-100000&lt;/MOrigin&gt;&lt;MScale&gt;10000&lt;/MScale&gt;&lt;XYTolerance&gt;0.001&lt;/XYTolerance&gt;&lt;ZTolerance&gt;0.001&lt;/ZTolerance&gt;&lt;MTolerance&gt;0.001&lt;/MTolerance&gt;&lt;HighPrecision&gt;true&lt;/HighPrecision&gt;&lt;WKID&gt;32613&lt;/WKID&gt;&lt;/ProjectedCoordinateSystem&gt;</peXml></coordRef></DataProperties></Esri><metainfo><metd Sync="TRUE">20110124</metd><metc><cntinfo><cntperp><cntper>David Barnett</cntper><cntorg>Colorado State University Natural Resource Ecology Laboratory</cntorg></cntperp><cntemail>barnett@nrel.colostate.edu</cntemail><cntaddr><addrtype>REQUIRED: The mailing and/or physical address for the organization or individual.</addrtype><city>REQUIRED: The city of the address.</city><state>REQUIRED: The state or province of the address.</state><postal>REQUIRED: The ZIP or other postal code of the address.</postal></cntaddr><cntvoice>REQUIRED: The telephone number by which individuals can speak to the organization or individual.</cntvoice></cntinfo></metc><metsi><metsc>Confidential</metsc><metshd>Data to be used only with consent of NEON or NEON participating institutions</metshd></metsi><langmeta Sync="TRUE">en</langmeta><metstdn Sync="TRUE">FGDC Content Standards for Digital Geospatial Metadata</metstdn><metstdv Sync="TRUE">FGDC-STD-001-1998</metstdv><mettc Sync="TRUE">local time</mettc><metac>Metadata limited by data associated with original data.  Please see contact for more information and details, not the creator of this metadata document.  </metac></metainfo><mdDateSt Sync="TRUE">20140710</mdDateSt><spref><horizsys><cordsysn><geogcsn Sync="TRUE">GCS_WGS_1984</geogcsn><projcsn Sync="TRUE">WGS_1984_UTM_Zone_13N</projcsn></cordsysn><planar><planci><plance Sync="TRUE">coordinate pair</plance><plandu Sync="TRUE">meters</plandu><coordrep><absres Sync="TRUE">0.000000</absres><ordres Sync="TRUE">0.000000</ordres></coordrep></planci></planar><geodetic><horizdn Sync="TRUE">D_WGS_1984</horizdn><ellips Sync="TRUE">WGS_1984</ellips><semiaxis Sync="TRUE">6378137.000000</semiaxis><denflat Sync="TRUE">298.257224</denflat></geodetic></horizsys></spref><eainfo><overview><dsoverv>Attributes not defined by data provider.  See contact for clarification and details.  </dsoverv></overview><detailed Name="13_C_NIWO_Roads"><attr><attrlabl Sync="TRUE">FID</attrlabl><attalias Sync="TRUE">FID</attalias><attrtype Sync="TRUE">OID</attrtype><attwidth Sync="TRUE">4</attwidth><atprecis Sync="TRUE">0</atprecis><attscale Sync="TRUE">0</attscale><attrdef Sync="TRUE">Internal feature number.</attrdef><attrdefs Sync="TRUE">ESRI</attrdefs><attrdomv><udom Sync="TRUE">Sequential unique whole numbers that are automatically generated.</udom></attrdomv></attr><attr><attrlabl Sync="TRUE">Shape</attrlabl><attalias Sync="TRUE">Shape</attalias><attrtype Sync="TRUE">Geometry</attrtype><attwidth Sync="TRUE">0</attwidth><atprecis Sync="TRUE">0</atprecis><attscale Sync="TRUE">0</attscale><attrdef Sync="TRUE">Feature geometry.</attrdef><attrdefs Sync="TRUE">ESRI</attrdefs><attrdomv><udom Sync="TRUE">Coordinates defining the features.</udom></attrdomv></attr><attr><attrlabl Sync="TRUE">Name</attrlabl><attalias Sync="TRUE">Id</attalias><attrtype Sync="TRUE">Integer</attrtype><attwidth Sync="TRUE">6</attwidth><atprecis Sync="TRUE">6</atprecis><attscale Sync="TRUE">0</attscale></attr><enttyp><enttypt Sync="TRUE">Feature Class</enttypt><enttypc Sync="TRUE">4</enttypc><enttypl Sync="TRUE">13_C_NIWO_Roads</enttypl></enttyp><attr><attrlabl Sync="TRUE">Id</attrlabl><attalias Sync="TRUE">name</attalias><attrtype Sync="TRUE">String</attrtype><attwidth Sync="TRUE">50</attwidth><atprecis Sync="TRUE">0</atprecis><attscale Sync="TRUE">0</attscale></attr><attr><attrlabl Sync="TRUE">name</attrlabl><attalias Sync="TRUE">desc_</attalias><attrtype Sync="TRUE">String</attrtype><attwidth Sync="TRUE">20</attwidth><atprecis Sync="TRUE">0</atprecis><attscale Sync="TRUE">0</attscale></attr><attr><attrlabl Sync="TRUE">desc_</attrlabl><attalias Sync="TRUE">desc_</attalias><attrtype Sync="TRUE">String</attrtype><attwidth Sync="TRUE">20</attwidth></attr></detailed></eainfo><dataIdInfo><envirDesc Sync="TRUE">Microsoft Windows 7 Version 6.1 (Build 7601) Service Pack 1; ESRI ArcGIS 10.0.3.3600</envirDesc><dataLang><languageCode Sync="TRUE" value="eng"></languageCode><countryCode value="USA" Sync="TRUE"></countryCode></dataLang><idCitation><resTitle Sync="TRUE">13_C_NIWO_Roads</resTitle><presForm><PresFormCd Sync="TRUE" value="005"></PresFormCd></presForm></idCitation><spatRpType><SpatRepTypCd Sync="TRUE" value="001"></SpatRepTypCd></spatRpType><dataExt><geoEle><GeoBndBox esriExtentType="native"><westBL Sync="TRUE">447437.896572</westBL><eastBL Sync="TRUE">454758.248711</eastBL><northBL Sync="TRUE">4434576.325308</northBL><southBL Sync="TRUE">4431406.84106</southBL><exTypeCode Sync="TRUE">1</exTypeCode></GeoBndBox></geoEle></dataExt><geoBox esriExtentType="decdegrees"><westBL Sync="TRUE">-105.616308</westBL><eastBL Sync="TRUE">-105.530257</eastBL><northBL Sync="TRUE">40.060224</northBL><southBL Sync="TRUE">40.031245</southBL><exTypeCode Sync="TRUE">1</exTypeCode></geoBox><dataExt><geoEle><GeoBndBox esriExtentType="search"><exTypeCode Sync="TRUE">1</exTypeCode><westBL Sync="TRUE">-105.616308</westBL><eastBL Sync="TRUE">-105.530257</eastBL><northBL Sync="TRUE">40.060224</northBL><southBL Sync="TRUE">40.031245</southBL></GeoBndBox></geoEle></dataExt></dataIdInfo><mdLang><languageCode Sync="TRUE" value="eng"></languageCode><countryCode value="USA" Sync="TRUE"></countryCode></mdLang><mdStanName Sync="TRUE">ISO 19115 Geographic Information - Metadata</mdStanName><mdStanVer Sync="TRUE">DIS_ESRI1.0</mdStanVer><mdChar><CharSetCd Sync="TRUE" value="004"></CharSetCd></mdChar><mdHrLv><ScopeCd Sync="TRUE" value="005"></ScopeCd></mdHrLv><mdHrLvName Sync="TRUE">dataset</mdHrLvName><distinfo><stdorder><digform><digtinfo><transize Sync="TRUE">0.008</transize><dssize Sync="TRUE">0.008</dssize></digtinfo></digform></stdorder><distrib><cntinfo><cntperp/></cntinfo></distrib><resdesc Sync="TRUE">Downloadable Data</resdesc></distinfo><spdoinfo><direct Sync="TRUE">Vector</direct><ptvctinf><esriterm><efeatyp Sync="TRUE">Simple</efeatyp><efeageom code="3" Sync="TRUE"></efeageom><esritopo Sync="TRUE">FALSE</esritopo><efeacnt Sync="TRUE">4</efeacnt><spindex Sync="TRUE">TRUE</spindex><linrefer Sync="TRUE">FALSE</linrefer></esriterm></ptvctinf></spdoinfo><refSysInfo><RefSystem><refSysID><identCode Sync="TRUE" value="32613">WGS_1984_UTM_Zone_13N</identCode><idCodeSpace Sync="TRUE">EPSG</idCodeSpace><idVersion Sync="TRUE">7.4.1</idVersion></refSysID></RefSystem></refSysInfo><spatRepInfo><VectSpatRep><geometObjs Name="13_C_NIWO_Roads"><geoObjTyp><GeoObjTypCd value="002" Sync="TRUE"></GeoObjTypCd></geoObjTyp><geoObjCnt Sync="TRUE">4</geoObjCnt></geometObjs><topLvl><TopoLevCd value="001" Sync="TRUE"></TopoLevCd></topLvl></VectSpatRep></spatRepInfo></metadata>
