<?xml version="1.0" encoding="ISO-8859-1"?>
<!DOCTYPE metadata SYSTEM "http://www.fgdc.gov/metadata/fgdc-std-001-1998.dtd">
<metadata>
	<idinfo>
		<citation>
			<citeinfo>
				<origin>REQUIRED: The name of an organization or individual that developed the data set.</origin>
				<pubdate>REQUIRED: The date when the data set is published or otherwise made available for release.</pubdate>
				<title Sync="TRUE">roads</title>
				<geoform Sync="TRUE">vector digital data</geoform>
				<onlink Sync="TRUE">\\nascifs01\neon_gis\NEON_GIS\GIS_PROJECT_LIBRARY\Domain16_Pacific_Northwest\Wind_River_Experimental_Forest\FSU\workdir\roads.shp</onlink>
				<ftname Sync="TRUE">roads</ftname></citeinfo>
		</citation>
		<descript>
			<abstract>A route system depicting all roads within or in close proximity to an administrative unit.</abstract>
			<purpose>A road is a motor vehicle travel way over 50 inches wide, unless classified and managed as a trail.  A road may be classified or unclassified.  Classified roads are roads within National Forest System lands planned and managed for motor vehicle access including State roads, county roads, private roads, permitted roads, and Forest Service roads.  Unclassified roads are roads not intended to be a part of  nor  managed as a part of the forest transportation system, such as temporary roads, and unplanned, unengineered, unauthorized off-road vehicle tracks and abandoned travel ways.  Route measurements and route directions must correspond to those stored in the Infra Oracle table RTE_BASICS.</purpose>
			<supplinf>Last edited 4/10/2009.</supplinf>
			<langdata Sync="TRUE">en</langdata></descript>
		<timeperd>
			<timeinfo>
				<sngdate>
					<caldate>REQUIRED: The year (and optionally month, or month and day) for which the data set corresponds to the ground.</caldate>
				</sngdate>
			</timeinfo>
			<current>REQUIRED: The basis on which the time period of content information is determined.</current>
		</timeperd>
		<status>
			<progress>REQUIRED: The state of the data set.</progress>
			<update>As needed</update>
		</status>
		<spdom>
			<bounding>
				<westbc Sync="TRUE">-123.025723</westbc>
				<eastbc Sync="TRUE">-121.226134</eastbc>
				<northbc Sync="TRUE">47.101122</northbc>
				<southbc Sync="TRUE">45.490820</southbc>
			</bounding>
			<lboundng><leftbc Sync="TRUE">370362.315100</leftbc><rightbc Sync="TRUE">504299.662700</rightbc><bottombc Sync="TRUE">1273692.210900</bottombc><topbc Sync="TRUE">1449387.839900</topbc></lboundng></spdom>
		<keywords>
			<theme>
				<themekt>REQUIRED: Reference to a formally registered thesaurus or a similar authoritative source of theme keywords.</themekt>
				<themekey>Road</themekey>
			</theme>
		</keywords>
		<accconst>none</accconst>
		<useconst>The Forest Service uses the most current and complete data available. GIS data and product accuracy may vary.  They may be developed from sources of differing accuracy; accurate only at certain scales; based on modeling or interpretation; incomplete while being created or revised; etc. Using GIS products for purposes other than those for which they were created, may yield inaccurate or misleading results. The Forest Service reserves the right to correct, update, modify or replace GIS products without notification.</useconst>
		<ptcontac>
			<cntinfo>
				<cntorgp>
					<cntorg>USDA Forest Service / I-Web</cntorg>
				</cntorgp>
			</cntinfo>
		</ptcontac>
		<native Sync="TRUE">Microsoft Windows XP Version 5.1 (Build 2600) Service Pack 3; ESRI ArcCatalog 9.3.1.3000</native>
		<crossref>
			<citeinfo>
				<title>I-Web intranet site</title>
				<onlink>http://i-web.wo.fs.fed.us/index.shtml</onlink>
			</citeinfo>
		</crossref>
		<crossref>
			<citeinfo>
				<title>Travel Routes Data Dictionary</title>
				<onlink>http://fsweb.r6.fs.fed.us/eng/travel_routes/user_board</onlink>
			</citeinfo>
		</crossref>
		<natvform Sync="TRUE">Shapefile</natvform></idinfo>
	<dataqual>
		<posacc>
			<horizpa>
				<horizpar>Accuracy testing must use NSSDA testing guidelines or be reported based on compiled, published test reports appropriate for the data collection method and equipment. The method of determining accuracy should be documented in the process step of the dataset metadata record.  If published accuracy results are used, use the statement 'Compiled to meet ___ (meters, feet) horizontal accuracy at 95% confidence interval' in the metadata record, and identify the testing source used. If accuracy is locally tested to NSSDA standards, the statement 'Tested to meet ___ (meters, feet) horizontal accuracy at 95% confidence interval' should be added to the metadata record. 
Accuracy for legacy data may be reported according to the accuracy standard in place at the time of data collection (typically National Map Accuracy Standards).  Document the standard used in the metadata record.
(For more information, see: http://www.fgdc.gov/standards/documents/standards/accuracy/chapter3.pdf)</horizpar>
			</horizpa>
		</posacc>
		<lineage>
			<srcinfo>
				<srcscale>Best available source with a target scale of 1:24000 for Continental U.S., Puerto Rico, and Hawaii and 1:63360 for Alaska.</srcscale>
			</srcinfo>
			<procstep>
				<procdesc>Road feature loaded and metadata imported from ..r06_gip Reference; metadata updated.</procdesc>
				<proccont><cntinfo><cntperp><cntper>Irene Ward</cntper></cntperp></cntinfo></proccont><procdate>20100430</procdate></procstep>
			<procstep>
				<procdesc>Imported from T:\FS\NFS\GiffordPinchot\Program\ResourceInfoMgmt\GIS\DataMaintTransportation\Data\Transporation_MasterEditCopy.mdb</procdesc>
				<procdate>20091211</procdate>
				<proccont>
					<cntinfo>
						<cntperp>
							<cntper>Irene Ward</cntper>
						</cntperp>
					</cntinfo>
				</proccont>
			</procstep>
			<procstep><procdesc Sync="TRUE">Metadata imported.</procdesc><srcused Sync="TRUE">T:\FS\NFS\R06\Program\ResourceInfoMgmt\GIS\CSA1\Workspace\iward\TransportationDataPackage\Metadata\gip\Road.xml</srcused><procdate Sync="TRUE">20100430</procdate><proctime Sync="TRUE">14112100</proctime></procstep></lineage>
	</dataqual>
	<spdoinfo>
		<direct Sync="TRUE">Vector</direct>
		<ptvctinf>
			<sdtsterm Name="roads">
				<sdtstype Sync="TRUE">String</sdtstype>
				<ptvctcnt Sync="TRUE">0</ptvctcnt>
			</sdtsterm>
			<sdtsterm>
				<sdtstype>G-polygon</sdtstype>
				<ptvctcnt>0</ptvctcnt>
			</sdtsterm>
			<sdtsterm>
				<sdtstype>G-polygon</sdtstype>
				<ptvctcnt>0</ptvctcnt>
			</sdtsterm>
			<esriterm Name="roads"><efeatyp Sync="TRUE">Simple</efeatyp><efeageom Sync="TRUE">Polyline</efeageom><esritopo Sync="TRUE">FALSE</esritopo><efeacnt Sync="TRUE">0</efeacnt><spindex Sync="TRUE">FALSE</spindex><linrefer Sync="TRUE">FALSE</linrefer></esriterm></ptvctinf>
	</spdoinfo>
	<spref>
		<horizsys>
			<planar>
				<planci>
					<plance Sync="TRUE">coordinate pair</plance>
					<coordrep>
						<absres Sync="TRUE">0.000000</absres>
						<ordres Sync="TRUE">0.000000</ordres>
					</coordrep>
					<plandu Sync="TRUE">meters</plandu>
				</planci>
				<mapproj><mapprojn Sync="TRUE">Albers Conical Equal Area</mapprojn><albers><stdparll Sync="TRUE">43.000000</stdparll><stdparll Sync="TRUE">48.000000</stdparll><longcm Sync="TRUE">-120.000000</longcm><latprjo Sync="TRUE">34.000000</latprjo><feast Sync="TRUE">600000.000000</feast><fnorth Sync="TRUE">0.000000</fnorth></albers></mapproj></planar>
			<geodetic>
				<horizdn Sync="TRUE">North American Datum of 1983</horizdn>
				<ellips Sync="TRUE">Geodetic Reference System 80</ellips>
				<semiaxis Sync="TRUE">6378137.000000</semiaxis>
				<denflat Sync="TRUE">298.257222</denflat>
			</geodetic>
			<cordsysn><geogcsn Sync="TRUE">GCS_North_American_1983</geogcsn><projcsn Sync="TRUE">NAD_1983_Oregon_Washington_Albers</projcsn></cordsysn></horizsys>
		<vertdef>
			<altsys>
				<altres Sync="TRUE">0.000100</altres>
				<altenc Sync="TRUE">Explicit elevation coordinate included with horizontal coordinates</altenc>
			</altsys>
		</vertdef>
	</spref>
	<eainfo>
		<detailed Name="roads">
			<enttyp>
				<enttypl Sync="TRUE">roads</enttypl>
				<enttypd>A route system depicting all roads within or in close proximity to an administrative unit.</enttypd>
				<enttypt Sync="TRUE">Feature Class</enttypt><enttypc Sync="TRUE">0</enttypc></enttyp>
			<attr><attrlabl Sync="TRUE">FID</attrlabl><attalias Sync="TRUE">FID</attalias><attrtype Sync="TRUE">OID</attrtype><attwidth Sync="TRUE">4</attwidth><atprecis Sync="TRUE">0</atprecis><attscale Sync="TRUE">0</attscale><attrdef Sync="TRUE">Internal feature number.</attrdef><attrdefs Sync="TRUE">ESRI</attrdefs><attrdomv><udom Sync="TRUE">Sequential unique whole numbers that are automatically generated.</udom></attrdomv></attr><attr>
				<attrlabl>Shape</attrlabl>
				<attrdef>Feature geometry.</attrdef>
				<attrdefs>ESRI</attrdefs>
				<attrdomv>
					<udom>Coordinates defining the features.</udom>
				</attrdomv>
				<attalias Sync="TRUE">Shape</attalias><attrtype Sync="TRUE">Geometry</attrtype><attwidth Sync="TRUE">0</attwidth><atprecis Sync="TRUE">0</atprecis><attscale Sync="TRUE">0</attscale></attr>
			<attr>
				<attrlabl>REV_DATE</attrlabl>
				<attrdef>Date of feature creation or latest update.</attrdef>
				<attrdefs>FS Feature Level Metadata standard column.  http://www.fs.fed.us/gac/metadata/feature_level.html</attrdefs>
				<attrdomv>
					<udom>The revision date field is populated with the compilation date for the feature. Tasks associated with each revision should be documented in the process steps of theme-based metadata.</udom>
				</attrdomv>
				<attalias Sync="TRUE">REV_DATE</attalias><attrtype Sync="TRUE">Date</attrtype><attwidth Sync="TRUE">8</attwidth></attr>
			<attr>
				<attrlabl>RTE_NO</attrlabl>
				<attrdef>The local route number for a route.  This item identifies routes within a Forest Service unit.</attrdef>
				<attrdomv>
					<udom>The local route number for a route.  This item identifies routes within a Forest Service unit.</udom>
				</attrdomv>
				<attalias Sync="TRUE">RTE_NO</attalias><attrtype Sync="TRUE">String</attrtype><attwidth Sync="TRUE">30</attwidth></attr>
			<attr>
				<attrlabl>RTE_CN</attrlabl>
				<attrdef>Control number generated in Oracle to uniquely identify each route across all Forest Service units.  The value is brought from Oracle and used as a unique identifier for each spatial feature.  It is used to join each route to the corresponding rows in the views GC_RTE_BASICS_V, GC_ROADS_V, and GC_TRAILS_V by matching with the column RTE_CN.</attrdef>
				<attalias Sync="TRUE">RTE_CN</attalias><attrtype Sync="TRUE">String</attrtype><attwidth Sync="TRUE">34</attwidth></attr>
			<attr>
				<attrlabl>BMP</attrlabl>
				<attrdef>Beginning measure point of the route. The value is copied from Oracle (RTE_BASICS) and used as an aid in calibration.</attrdef>
				<attalias Sync="TRUE">BMP</attalias><attrtype Sync="TRUE">Float</attrtype><attwidth Sync="TRUE">19</attwidth><atnumdec Sync="TRUE">11</atnumdec></attr>
			<attr>
				<attrlabl>EMP</attrlabl>
				<attrdef>Ending measure point of the route. The value is copied from Oracle (RTE_BASICS) and used as an aid in calibration.</attrdef>
				<attalias Sync="TRUE">EMP</attalias><attrtype Sync="TRUE">Float</attrtype><attwidth Sync="TRUE">19</attwidth><atnumdec Sync="TRUE">11</atnumdec></attr>
			<attr>
				<attrlabl>RT_ACTION</attrlabl>
				<attrdef>Identifies the status of the calibration of the route.</attrdef>
				<attrdomv>
					<edom>
						<edomv>CALIBRATED</edomv>
						<edomvd>The route is properly calibrated to the bmp/emp values in RTE_BASICS.</edomvd>
					</edom>
					<edom>
						<edomv>REMEASURE</edomv>
						<edomvd>The route needs to be re-calibrated to the bmp/emp values in RTE_BASICS.</edomvd>
					</edom>
					<edom>
						<edomv>MCALIBRATE</edomv>
						<edomvd>The route is properly calibrated to the BMP/EMP values in RTE_BASICS and has had mid-point calibration performed with internal calibration points at road.</edomvd>
					</edom>
					<edom>
						<edomv>MANUAL</edomv>
						<edomvd>User will calibrate the route manually.</edomvd>
					</edom>
				</attrdomv>
				<attalias Sync="TRUE">RT_ACTION</attalias><attrtype Sync="TRUE">String</attrtype><attwidth Sync="TRUE">10</attwidth></attr>
			<attr><attrlabl Sync="TRUE">ACTIONSTAM</attrlabl><attalias Sync="TRUE">ACTIONSTAM</attalias><attrtype Sync="TRUE">Date</attrtype><attwidth Sync="TRUE">8</attwidth></attr><attr>
				<attrlabl>ACCURACY</attrlabl>
				<attrdef>Distance (+/-), in dataset distance units, of expected difference between feature and real world object locations.</attrdef>
				<attrdefs>FS Feature Level Metadata standard column.  http://www.fs.fed.us/gac/metadata/feature_level.htm</attrdefs>
				<attalias Sync="TRUE">ACCURACY</attalias><attrtype Sync="TRUE">Float</attrtype><attwidth Sync="TRUE">13</attwidth><atnumdec Sync="TRUE">11</atnumdec></attr>
			<attr><attrlabl Sync="TRUE">DATA_SOURC</attrlabl><attalias Sync="TRUE">DATA_SOURC</attalias><attrtype Sync="TRUE">String</attrtype><attwidth Sync="TRUE">2</attwidth></attr><attr>
				<attrlabl>Name</attrlabl>
				<attrdef>Name of the road.  This information is maintained in the Infra Roads application.</attrdef>
				<attalias Sync="TRUE">Name</attalias><attrtype Sync="TRUE">String</attrtype><attwidth Sync="TRUE">30</attwidth></attr>
			<attr><attrlabl Sync="TRUE">Shape_Leng</attrlabl><attalias Sync="TRUE">Shape_Leng</attalias><attrtype Sync="TRUE">Float</attrtype><attwidth Sync="TRUE">19</attwidth><atnumdec Sync="TRUE">11</atnumdec></attr></detailed>
		<overview>
		</overview>
	</eainfo>
	<distinfo>
		<resdesc>Downloadable Data</resdesc>
		<stdorder><digform><digtinfo><transize Sync="TRUE">0.000</transize><dssize Sync="TRUE">0.000</dssize></digtinfo></digform></stdorder></distinfo>
	<metainfo>
		<metd Sync="TRUE">20110119</metd>
		<metc>
			<cntinfo>
				<cntorgp>
					<cntorg>REQUIRED: The organization responsible for the metadata information.</cntorg>
					<cntper>REQUIRED: The person responsible for the metadata information.</cntper>
				</cntorgp>
				<cntaddr>
					<addrtype>REQUIRED: The mailing and/or physical address for the organization or individual.</addrtype>
					<city>REQUIRED: The city of the address.</city>
					<state>REQUIRED: The state or province of the address.</state>
					<postal>REQUIRED: The ZIP or other postal code of the address.</postal>
				</cntaddr>
				<cntvoice>REQUIRED: The telephone number by which individuals can speak to the organization or individual.</cntvoice>
			</cntinfo>
		</metc>
		<metstdn Sync="TRUE">FGDC Content Standards for Digital Geospatial Metadata</metstdn>
		<metstdv Sync="TRUE">FGDC-STD-001-1998</metstdv>
		<mettc Sync="TRUE">local time</mettc>
		<metextns>
			<onlink>http://www.esri.com/metadata/esriprof80.html</onlink>
			<metprof>ESRI Metadata Profile</metprof>
		</metextns>
		<langmeta Sync="TRUE">en</langmeta><metextns><onlink Sync="TRUE">http://www.esri.com/metadata/esriprof80.html</onlink><metprof Sync="TRUE">ESRI Metadata Profile</metprof></metextns></metainfo>
	<Esri><CreaDate>20191204</CreaDate><CreaTime>22041200</CreaTime><SyncOnce>FALSE</SyncOnce><SyncDate>20110119</SyncDate><SyncTime>12224000</SyncTime><ModDate>20110119</ModDate><ModTime>12224000</ModTime><DataProperties><lineage><Process ToolSource="C:\Program Files\ArcGIS\ArcToolbox\Toolboxes\Conversion Tools.tbx\FeatureClassToFeatureClass" Date="20110119" Time="122444">FeatureClassToFeatureClass G:\NEON_GIS\GIS_PROJECT_LIBRARY\Domain16_Pacific_Northwest\Wind_River_Experimental_Forest\FSU\workdir\Transportation_Pack_gip.mdb\Transportation\Road G:\NEON_GIS\GIS_PROJECT_LIBRARY\Domain16_Pacific_Northwest\Wind_River_Experimental_Forest\FSU\workdir roads.shp # "RTE_CN 'CN#' true true false 34 Text 0 0 ,First,#,G:\NEON_GIS\GIS_PROJECT_LIBRARY\Domain16_Pacific_Northwest\Wind_River_Experimental_Forest\FSU\workdir\Transportation_Pack_gip.mdb\Transportation\Road,RTE_CN,-1,-1;RTE_NO 'RTE_NO' true true false 30 Text 0 0 ,First,#,G:\NEON_GIS\GIS_PROJECT_LIBRARY\Domain16_Pacific_Northwest\Wind_River_Experimental_Forest\FSU\workdir\Transportation_Pack_gip.mdb\Transportation\Road,RTE_NO,-1,-1;Name 'Name' true true false 30 Text 0 0 ,First,#,G:\NEON_GIS\GIS_PROJECT_LIBRARY\Domain16_Pacific_Northwest\Wind_River_Experimental_Forest\FSU\workdir\Transportation_Pack_gip.mdb\Transportation\Road,Name,-1,-1;BMP 'BMP' true true false 8 Double 0 0 ,First,#,G:\NEON_GIS\GIS_PROJECT_LIBRARY\Domain16_Pacific_Northwest\Wind_River_Experimental_Forest\FSU\workdir\Transportation_Pack_gip.mdb\Transportation\Road,BMP,-1,-1;EMP 'EMP' true true false 8 Double 0 0 ,First,#,G:\NEON_GIS\GIS_PROJECT_LIBRARY\Domain16_Pacific_Northwest\Wind_River_Experimental_Forest\FSU\workdir\Transportation_Pack_gip.mdb\Transportation\Road,EMP,-1,-1;RT_ACTION 'RT_ACTION' true true false 10 Text 0 0 ,First,#,G:\NEON_GIS\GIS_PROJECT_LIBRARY\Domain16_Pacific_Northwest\Wind_River_Experimental_Forest\FSU\workdir\Transportation_Pack_gip.mdb\Transportation\Road,RT_ACTION,-1,-1;ACTIONSTAM 'ACTIONSTAM' true true false 8 Date 0 0 ,First,#,G:\NEON_GIS\GIS_PROJECT_LIBRARY\Domain16_Pacific_Northwest\Wind_River_Experimental_Forest\FSU\workdir\Transportation_Pack_gip.mdb\Transportation\Road,ACTIONSTAMP,-1,-1;REV_DATE 'REV_DATE' true true false 8 Date 0 0 ,First,#,G:\NEON_GIS\GIS_PROJECT_LIBRARY\Domain16_Pacific_Northwest\Wind_River_Experimental_Forest\FSU\workdir\Transportation_Pack_gip.mdb\Transportation\Road,REV_DATE,-1,-1;DATA_SOURC 'DATA_SOURCE' true true false 2 Text 0 0 ,First,#,G:\NEON_GIS\GIS_PROJECT_LIBRARY\Domain16_Pacific_Northwest\Wind_River_Experimental_Forest\FSU\workdir\Transportation_Pack_gip.mdb\Transportation\Road,DATA_SOURCE,-1,-1;ACCURACY 'ACCURACY' true true false 4 Float 0 0 ,First,#,G:\NEON_GIS\GIS_PROJECT_LIBRARY\Domain16_Pacific_Northwest\Wind_River_Experimental_Forest\FSU\workdir\Transportation_Pack_gip.mdb\Transportation\Road,ACCURACY,-1,-1;Shape_Leng 'Shape_Length' false true true 8 Double 0 0 ,First,#,G:\NEON_GIS\GIS_PROJECT_LIBRARY\Domain16_Pacific_Northwest\Wind_River_Experimental_Forest\FSU\workdir\Transportation_Pack_gip.mdb\Transportation\Road,Shape_Length,-1,-1" # G:\NEON_GIS\GIS_PROJECT_LIBRARY\Domain16_Pacific_Northwest\Wind_River_Experimental_Forest\FSU\workdir\roads.shp</Process></lineage><itemProps><itemLocation><linkage Sync="TRUE">file://\\eco.neoninternal.org\neon\Science\GISData\TOS\TOS_Plot_Data\roads\16_C_WREF_Roads</linkage><protocol Sync="TRUE">Local Area Network</protocol></itemLocation></itemProps><copyHistory><copy source="N:\Science\GISData\TOS\TOS_Plot_Data\16_PacificNW\CORE_WREF\Site_Information\16_C_WREF_Roads" dest="\\eco.neoninternal.org\neon\Science\GISData\TOS\TOS_Plot_Data\roads\16_C_WREF_Roads" date="20191204" time="22041200"></copy></copyHistory></DataProperties><ArcGISFormat>1.0</ArcGISFormat></Esri><dataIdInfo><envirDesc Sync="TRUE">Microsoft Windows XP Version 5.1 (Build 2600) Service Pack 3; ESRI ArcCatalog 9.3.1.3000</envirDesc><dataLang><languageCode Sync="TRUE" value="en"></languageCode></dataLang><idCitation><resTitle Sync="TRUE">roads</resTitle><presForm><PresFormCd Sync="TRUE" value="005"></PresFormCd></presForm></idCitation><spatRpType><SpatRepTypCd Sync="TRUE" value="001"></SpatRepTypCd></spatRpType><dataExt><geoEle><GeoBndBox esriExtentType="native"><westBL Sync="TRUE">370362.3151</westBL><eastBL Sync="TRUE">504299.6627</eastBL><northBL Sync="TRUE">1449387.8399</northBL><southBL Sync="TRUE">1273692.2109</southBL><exTypeCode Sync="TRUE">1</exTypeCode></GeoBndBox></geoEle></dataExt><geoBox esriExtentType="decdegrees"><westBL Sync="TRUE">-123.025723</westBL><eastBL Sync="TRUE">-121.226134</eastBL><northBL Sync="TRUE">47.101122</northBL><southBL Sync="TRUE">45.49082</southBL><exTypeCode Sync="TRUE">1</exTypeCode></geoBox></dataIdInfo><mdLang><languageCode Sync="TRUE" value="en"></languageCode></mdLang><mdStanName Sync="TRUE">ISO 19115 Geographic Information - Metadata</mdStanName><mdStanVer Sync="TRUE">DIS_ESRI1.0</mdStanVer><mdChar><CharSetCd Sync="TRUE" value="004"></CharSetCd></mdChar><mdHrLv><ScopeCd Sync="TRUE" value="005"></ScopeCd></mdHrLv><mdHrLvName Sync="TRUE">dataset</mdHrLvName><distInfo><distributor><distorTran><onLineSrc><orDesc Sync="TRUE">002</orDesc><linkage Sync="TRUE">file://\\nascifs01\neon_gis\NEON_GIS\GIS_PROJECT_LIBRARY\Domain16_Pacific_Northwest\Wind_River_Experimental_Forest\FSU\workdir\roads.shp</linkage><protocol Sync="TRUE">Local Area Network</protocol></onLineSrc><transSize Sync="TRUE">0.000</transSize></distorTran><distorFormat><formatName Sync="TRUE">Shapefile</formatName></distorFormat></distributor></distInfo><refSysInfo><RefSystem><refSysID><identCode Sync="TRUE">NAD_1983_Oregon_Washington_Albers</identCode></refSysID></RefSystem></refSysInfo><spatRepInfo><VectSpatRep><topLvl><TopoLevCd Sync="TRUE" value="001"></TopoLevCd></topLvl><geometObjs Name="roads"><geoObjTyp><GeoObjTypCd Sync="TRUE" value="001"></GeoObjTypCd></geoObjTyp><geoObjCnt Sync="TRUE">0</geoObjCnt></geometObjs></VectSpatRep></spatRepInfo><mdDateSt Sync="TRUE">20110119</mdDateSt></metadata>
