<?xml version="1.0" encoding="UTF-8"?>
<metadata>
	<idinfo>
		<citation>
			<citeinfo>
				<origin>Sierra National Forest</origin>
				<pubdate>December 2007</pubdate>
				<title Sync="TRUE">Road</title>
				<geoform Sync="TRUE">vector digital data</geoform>
				<onlink Sync="TRUE">\\PCHP8230L4M\gis_library\sierra\SNFLibrary.gdb</onlink>
				<ftname Sync="TRUE">Road</ftname></citeinfo>
		</citation>
		<descript>
			<abstract>Roads in and within the vicinity of Sierra National Forest. All roads are associated with a routed m-value which designates spatial distances along the road. Route distance is determined by linking each polyline-m road to INFRA in order to obtain the corresponding BMP (Beginning Milepost) and EMP (Ending Milepost). ArcView can then calibrate each feature to according to its geometric length.</abstract>
			<purpose>To provide analysis for U.S. Forest Service GIS and engineering applications. This feature class provides tools to retrieve information pertaining to road status within the Sierra National Forest boundary.</purpose>
			<langdata Sync="TRUE">en</langdata><supplinf>Last update 2/2011</supplinf></descript>
		<timeperd>
			<timeinfo>
				<sngdate>
					<caldate>December 2007</caldate>
				</sngdate>
			</timeinfo>
			<current>publication date</current>
		</timeperd>
		<status>
			<progress>In work</progress>
			<update>Continually</update>
		</status>
		<spdom>
			<bounding>
				<westbc Sync="TRUE">-120.059937</westbc>
				<eastbc Sync="TRUE">-118.583199</eastbc>
				<northbc Sync="TRUE">37.764283</northbc>
				<southbc Sync="TRUE">36.690687</southbc>
			</bounding>
			<lboundng><leftbc Sync="TRUE">230351.103300</leftbc><rightbc Sync="TRUE">358610.263100</rightbc><bottombc Sync="TRUE">4064805.708000</bottombc><topbc Sync="TRUE">4180875.358300</topbc></lboundng></spdom>
		<keywords>
			<theme>
				<themekt>REQUIRED: Reference to a formally registered thesaurus or a similar authoritative source of theme keywords.</themekt>
				<themekey>Route</themekey>
				<themekey>Road</themekey>
				<themekey>Highway</themekey>
				<themekey>Transportation</themekey>
			</theme>
			<place>
				<placekey>Sierra National Forest</placekey>
				<placekey>Region 5</placekey>
				<placekey>California</placekey>
				<placekey>Pacific Southwest Region</placekey>
			</place>
		</keywords>
		<accconst>No limits to access. Public information.</accconst>
		<useconst>This data is supplied with no warranties, expressed or implied, concerning the accuracy, completeness, reliability, or suitability. The Government shall be under no liability whatsoever resulting from the recipient's use of this data. The entire risk as to the quality of the data is with the end user.</useconst>
		<ptcontac>
			<cntinfo>
				<cntorgp>
					<cntorg>Sierra  National Forest</cntorg>
					<cntper>Carlos Cabrera</cntper>
				</cntorgp>
				<cntpos>GIS Coordinator</cntpos>
				<cntaddr>
					<addrtype>mailing and physical address</addrtype>
					<address>1600 Tollhouse Road</address>
					<city>Clovis</city>
					<state>CA</state>
					<postal>93611</postal>
				</cntaddr>
				<cntvoice>559-297-0706 x 4882</cntvoice>
				<cntemail>ccabrera@fs.fed.us</cntemail>
			</cntinfo>
		</ptcontac>
		<native Sync="TRUE">Microsoft Windows XP Version 5.1 (Build 2600) Service Pack 3; ESRI ArcCatalog 9.3.1.4000</native>
		<natvform Sync="TRUE">File Geodatabase Feature Class</natvform></idinfo>
	<dataqual>
		<lineage>
			<procstep>
			</procstep>
			<procstep>
				<procdesc>Metadata imported.</procdesc>
				<srcused>C:\Forestdata\metadata\snf_road.xml</srcused>
			</procstep>
			<procstep>
				<procdesc>Dataset copied.</procdesc>
				<srcused>Server=oracle-idb.r5; Service=5151/tcp; User=ekhan; Version=S_R05_SNF.R05_SNF_LIB</srcused>
			</procstep>
			<procstep>
				<procdesc>Dataset copied.</procdesc>
				<srcused>\\PCDE50PGV91\C\Documents and Settings\tthao\My Documents\ebrahim\rp\rp.mdb</srcused>
			</procstep>
			<procstep>
				<procdesc>Dataset copied.</procdesc>
				<srcused>\\pcdedlm0j41\gis_library\ebrahim\rp\rp.mdb</srcused>
			</procstep>
			<procstep>
				<procdesc>Dataset copied.</procdesc>
				<srcused>\\PCDE50PGV91\C\WorkSpace\ebrahim\rp\rp.mdb</srcused>
			</procstep>
			<procstep>
				<procdesc>Dataset copied.</procdesc>
				<srcused>\\pcdedlm0j41\gis_library\ebrahim\rp\rp.mdb</srcused>
			</procstep>
			<procstep>
				<procdesc>Dataset copied.</procdesc>
				<srcused>\\PCDE50PGV91\C$\WorkSpace\ebrahim\rp\rp.mdb</srcused>
			</procstep>
			<procstep>
				<procdesc>Dataset copied.</procdesc>
				<srcused>\\PCDE50PGV91\C\WorkSpace\ebrahim\rp\rp.mdb</srcused>
			</procstep>
			<procstep>
				<procdesc>Dataset copied.</procdesc>
				<srcused>\\pcdedlm0j41\gis_library\ebrahim\rp\rp.mdb</srcused>
			</procstep>
			<procstep>
				<procdesc>Dataset copied.</procdesc>
				<srcused>\\LTDE1CGKR61\C\WorkSpace\ebrahim\rp\rp.mdb</srcused>
			</procstep>
			<procstep>
				<procdesc>Dataset copied.</procdesc>
				<srcused>\\pcdedlm0j41\gis_library\ebrahim\rp\rp.mdb</srcused>
			</procstep>
			<procstep>
				<procdesc>Dataset copied.</procdesc>
				<srcused>\\pcdedlm0j41\gis_library\ebrahim\rp\rp.mdb</srcused>
			</procstep>
			<procstep>
				<procdesc>Dataset copied.</procdesc>
				<srcused>\\PCDE50PGV91\E\ebrahim\rp\rp.mdb</srcused>
			</procstep>
			<procstep>
				<procdesc>Dataset copied.</procdesc>
				<srcused>\\PCDE50PGV91\C$\WorkSpace\ebrahim\rp\rp.mdb</srcused>
			</procstep>
			<procstep>
				<procdesc>Dataset copied.</procdesc>
				<srcused>\\pcdedlm0j41\gis_library\ebrahim\rp\rp.mdb</srcused>
			</procstep>
			<procstep>
				<procdesc>Dataset copied.</procdesc>
				<srcused>\\PCDE50PGV91\C\WorkSpace\ebrahim\rp\rp.mdb</srcused>
			</procstep>
			<procstep><procdesc Sync="TRUE">Metadata imported.</procdesc><srcused Sync="TRUE">E:\Transportation\SNF\metadata_Road.xml</srcused><procdate Sync="TRUE">20090909</procdate><proctime Sync="TRUE">10364400</proctime></procstep><procstep><procdesc Sync="TRUE">Dataset copied.</procdesc><srcused Sync="TRUE">Server=oracle-idb.r5; Service=esri_sde; User=s_r05_snf; Version=SDE.DEFAULT</srcused><date Sync="TRUE">20091001</date><time Sync="TRUE">12244300</time></procstep><procstep><procdesc Sync="TRUE">Dataset copied.</procdesc><srcused Sync="TRUE">\\PCHP8230L4M\F\GeospatialInterface\NewTransSchema_USE_THIS.mdb</srcused><date Sync="TRUE">20091014</date><time Sync="TRUE">10161400</time></procstep><procstep><procdesc Sync="TRUE">Metadata imported.</procdesc><srcused Sync="TRUE">C:\Documents and Settings\hmtaylor\Desktop\Roadsmetadata.xml</srcused><procdate Sync="TRUE">20110214</procdate><proctime Sync="TRUE">08222900</proctime></procstep></lineage>
	</dataqual>
	<spdoinfo>
		<direct Sync="TRUE">Vector</direct>
		<ptvctinf><esriterm Name="Roads"><efeatyp Sync="TRUE">Simple</efeatyp><efeageom Sync="TRUE">3</efeageom><esritopo Sync="TRUE">FALSE</esritopo><efeacnt Sync="TRUE">0</efeacnt><spindex Sync="TRUE">FALSE</spindex><linrefer Sync="TRUE">TRUE</linrefer></esriterm></ptvctinf></spdoinfo>
	<spref>
		<horizsys>
			<planar>
				<planci>
					<plance Sync="TRUE">coordinate pair</plance>
					<coordrep>
						<absres Sync="TRUE">0.000100</absres>
						<ordres Sync="TRUE">0.000100</ordres>
					</coordrep>
					<plandu Sync="TRUE">meters</plandu>
				</planci>
			</planar>
			<geodetic>
				<horizdn Sync="TRUE">North American Datum of 1983</horizdn>
				<ellips Sync="TRUE">Geodetic Reference System 80</ellips>
				<semiaxis Sync="TRUE">6378137.000000</semiaxis>
				<denflat Sync="TRUE">298.257222</denflat>
			</geodetic>
			<cordsysn><geogcsn Sync="TRUE">GCS_North_American_1983</geogcsn><projcsn Sync="TRUE">NAD_1983_UTM_Zone_11N</projcsn></cordsysn></horizsys>
		<vertdef>
			<altsys>
				<altres Sync="TRUE">0.000100</altres>
				<altenc Sync="TRUE">Explicit elevation coordinate included with horizontal coordinates</altenc>
			</altsys>
		</vertdef>
	</spref>
	<eainfo>
		<detailed Name="Roads">
			<enttyp>
				<enttypl Sync="TRUE">Roads</enttypl>
				<enttypt Sync="TRUE">Feature Class</enttypt><enttypc Sync="TRUE">0</enttypc></enttyp>
			<attr>
				<attrlabl>EMP</attrlabl>
				<attrdef>Designated ending milepost measurement</attrdef>
				<attrdefs>INFRA</attrdefs>
				<attalias Sync="TRUE">FID</attalias><attrtype Sync="TRUE">OID</attrtype><attwidth Sync="TRUE">4</attwidth><atprecis Sync="TRUE">0</atprecis><attscale Sync="TRUE">0</attscale><attrdomv><udom Sync="TRUE">Positive real numbers that are automatically generated.</udom></attrdomv></attr>
			<attr>
				<attrlabl>SHAPE</attrlabl>
				<attrdef>Feature geometry.</attrdef>
				<attrdefs>ESRI</attrdefs>
				<attrdomv>
					<udom>Sequential unique whole numbers that are automatically generated.</udom>
				</attrdomv>
				<attalias Sync="TRUE">SYSTEM</attalias><attrtype Sync="TRUE">String</attrtype><attwidth Sync="TRUE">254</attwidth><atprecis Sync="TRUE">0</atprecis><attscale Sync="TRUE">0</attscale></attr>
			<attr><attrlabl Sync="TRUE">ID</attrlabl><attalias Sync="TRUE">ID</attalias><attrtype Sync="TRUE">String</attrtype><attwidth Sync="TRUE">254</attwidth><atprecis Sync="TRUE">0</atprecis><attscale Sync="TRUE">0</attscale></attr><attr><attrlabl Sync="TRUE">SYSTEM</attrlabl><attalias Sync="TRUE">Shape</attalias><attrtype Sync="TRUE">Geometry</attrtype><attwidth Sync="TRUE">0</attwidth><atprecis Sync="TRUE">0</atprecis><attscale Sync="TRUE">0</attscale><attrdef Sync="TRUE">Length of feature in internal units.</attrdef><attrdefs Sync="TRUE">ESRI</attrdefs><attrdomv><udom Sync="TRUE">Positive real numbers that are automatically generated.</udom></attrdomv></attr><attr>
				<attrlabl>Shape</attrlabl>
				<attrdef>Feature geometry.</attrdef>
				<attrdefs>ESRI</attrdefs>
				<attrdomv>
					<udom>Coordinates defining the features.</udom>
				</attrdomv>
				<attalias Sync="TRUE">NAME</attalias><attrtype Sync="TRUE">String</attrtype><attwidth Sync="TRUE">254</attwidth><atprecis Sync="TRUE">0</atprecis><attscale Sync="TRUE">0</attscale></attr>
			<attr><attrlabl Sync="TRUE">NAME</attrlabl><attalias Sync="TRUE">BMP</attalias><attrtype Sync="TRUE">Double</attrtype><attwidth Sync="TRUE">19</attwidth><atprecis Sync="TRUE">0</atprecis><attscale Sync="TRUE">0</attscale></attr><attr><attrlabl Sync="TRUE">ROUTE_STAT</attrlabl><attalias Sync="TRUE">ROUTE_STAT</attalias><attrtype Sync="TRUE">String</attrtype><attwidth Sync="TRUE">254</attwidth><atprecis Sync="TRUE">0</atprecis><attscale Sync="TRUE">0</attscale></attr><attr><attrlabl Sync="TRUE">JURISDICTI</attrlabl><attalias Sync="TRUE">JURISDICTI</attalias><attrtype Sync="TRUE">String</attrtype><attwidth Sync="TRUE">254</attwidth><atprecis Sync="TRUE">0</atprecis><attscale Sync="TRUE">0</attscale></attr><attr><attrlabl Sync="TRUE">OPER_MAINT</attrlabl><attalias Sync="TRUE">OPER_MAINT</attalias><attrtype Sync="TRUE">String</attrtype><attwidth Sync="TRUE">254</attwidth><atprecis Sync="TRUE">0</atprecis><attscale Sync="TRUE">0</attscale></attr><attr><attrlabl Sync="TRUE">SURFACE_TY</attrlabl><attalias Sync="TRUE">SURFACE_TY</attalias><attrtype Sync="TRUE">String</attrtype><attwidth Sync="TRUE">254</attwidth><atprecis Sync="TRUE">0</atprecis><attscale Sync="TRUE">0</attscale></attr><attr>
				<attrlabl>BMP</attrlabl>
				<attrdef>Designated beginning milepost measurement</attrdef>
				<attrdefs>INFRA</attrdefs>
				<attalias Sync="TRUE">EMP</attalias><attrtype Sync="TRUE">Double</attrtype><attwidth Sync="TRUE">19</attwidth><atprecis Sync="TRUE">0</atprecis><attscale Sync="TRUE">0</attscale></attr>
			<attr><attrlabl Sync="TRUE">Shape_Leng</attrlabl><attalias Sync="TRUE">Shape_Leng</attalias><attrtype Sync="TRUE">Double</attrtype><attwidth Sync="TRUE">19</attwidth><atprecis Sync="TRUE">0</atprecis><attscale Sync="TRUE">0</attscale></attr></detailed>
		<detailed Name="Anno_215_257"><enttyp><enttypl Sync="TRUE">Anno_215_257</enttypl><enttypt Sync="TRUE">Relationship</enttypt></enttyp></detailed><detailed Name="Anno_215_261"><enttyp><enttypl Sync="TRUE">Anno_215_261</enttypl><enttypt Sync="TRUE">Relationship</enttypt></enttyp></detailed></eainfo>
	<distinfo>
		<resdesc>Downloadable Data</resdesc>
		<distliab>This product is reproduced from geospatial information prepared by the U.S. Department of Agriculture, Forest Service. By removing the contents of this package or taking receipt of these files via electronic file transfer methods, you understand that the data stored on this media is in draft condition. Represented features may not be in an accurate geographic location. The Forest Service makes no expressed or implied warranty, including warranty of merchantability and fitness, with respect to the character, function, or capabilities of the data or their appropriateness for any user's purposes. The Forest Service reserves the right to correct, update, modify, or replace this geospatial information without notification.</distliab>
	</distinfo>
	<metainfo>
		<metd Sync="TRUE">20110601</metd>
		<metc>
			<cntinfo>
				<cntorgp>
					<cntorg>Sierra National Forest</cntorg>
					<cntper>Tom Lowe</cntper>
				</cntorgp>
				<cntpos>Civil Engineer</cntpos>
				<cntaddr>
					<addrtype>mailing and physical address</addrtype>
					<address>1600 Tollhouse Road</address>
					<city>Clovis</city>
					<state>CA</state>
					<postal>93611</postal>
					<country>USA</country>
				</cntaddr>
				<cntvoice>559-297-0706 ext 4860</cntvoice>
				<cntemail>tlowe@fs.fed.us</cntemail>
			</cntinfo>
		</metc>
		<metstdn Sync="TRUE">FGDC Content Standards for Digital Geospatial Metadata</metstdn>
		<metstdv Sync="TRUE">FGDC-STD-001-1998</metstdv>
		<mettc Sync="TRUE">local time</mettc>
		<metextns>
			<onlink>http://www.esri.com/metadata/esriprof80.html</onlink>
			<metprof>ESRI Metadata Profile</metprof>
		</metextns>
		<langmeta Sync="TRUE">en</langmeta></metainfo>
	<Esri><CreaDate>20191204</CreaDate><CreaTime>22045200</CreaTime><SyncOnce>FALSE</SyncOnce><SyncDate>20111215</SyncDate><SyncTime>12334500</SyncTime><ModDate>20111215</ModDate><ModTime>12334500</ModTime><DataProperties><lineage><Process ToolSource="C:\Program Files\ArcGIS\ArcToolbox\Toolboxes\Data Management Tools.tbx\CopyFeatures" Date="20091231" Time="123247">CopyFeatures F:\GeospatialInterface\SNFLibrary.gdb\Transportation\Road F:\projects\NewSNF_Library\Sierra.gdb\Transportation\Road # 0 0 0</Process><Process ToolSource="C:\Program Files\ArcGIS\ArcToolbox\Toolboxes\Data Management Tools.tbx\CopyFeatures" Date="20110601" Time="073606">CopyFeatures F:\sierra\SNFLibrary.gdb\Transportation\Road C:\gis_library\sierra\SNFLibrary.gdb\Transportation\Road # 0 0 0</Process><Process ToolSource="C:\Program Files\ArcGIS\Desktop10.0\ArcToolbox\Toolboxes\Analysis Tools.tbx\Clip" Date="20111215" Time="123424">Clip Road BasicOwnership F:\projects\NEON\Roads.shp #</Process></lineage><itemProps><itemName Sync="TRUE">Roads</itemName><imsContentType Sync="TRUE">002</imsContentType><itemSize Sync="TRUE">0.000</itemSize><itemLocation><linkage Sync="TRUE">file://\\eco.neoninternal.org\neon\Science\GISData\TOS\TOS_Plot_Data\roads\17_R_TEAK_Roads</linkage><protocol Sync="TRUE">Local Area Network</protocol></itemLocation></itemProps><coordRef><type Sync="TRUE">Projected</type><geogcsn Sync="TRUE">GCS_North_American_1983</geogcsn><projcsn Sync="TRUE">NAD_1983_UTM_Zone_11N</projcsn><peXml Sync="TRUE">&lt;ProjectedCoordinateSystem xsi:type='typens:ProjectedCoordinateSystem' xmlns:xsi='http://www.w3.org/2001/XMLSchema-instance' xmlns:xs='http://www.w3.org/2001/XMLSchema' xmlns:typens='http://www.esri.com/schemas/ArcGIS/10.0'&gt;&lt;WKT&gt;PROJCS[&amp;quot;NAD_1983_UTM_Zone_11N&amp;quot;,GEOGCS[&amp;quot;GCS_North_American_1983&amp;quot;,DATUM[&amp;quot;D_North_American_1983&amp;quot;,SPHEROID[&amp;quot;GRS_1980&amp;quot;,6378137.0,298.257222101]],PRIMEM[&amp;quot;Greenwich&amp;quot;,0.0],UNIT[&amp;quot;Degree&amp;quot;,0.0174532925199433]],PROJECTION[&amp;quot;Transverse_Mercator&amp;quot;],PARAMETER[&amp;quot;False_Easting&amp;quot;,500000.0],PARAMETER[&amp;quot;False_Northing&amp;quot;,0.0],PARAMETER[&amp;quot;Central_Meridian&amp;quot;,-117.0],PARAMETER[&amp;quot;Scale_Factor&amp;quot;,0.9996],PARAMETER[&amp;quot;Latitude_Of_Origin&amp;quot;,0.0],UNIT[&amp;quot;Meter&amp;quot;,1.0],AUTHORITY[&amp;quot;EPSG&amp;quot;,26911]]&lt;/WKT&gt;&lt;XOrigin&gt;-5120900&lt;/XOrigin&gt;&lt;YOrigin&gt;-9998100&lt;/YOrigin&gt;&lt;XYScale&gt;450445547.3910538&lt;/XYScale&gt;&lt;ZOrigin&gt;-100000&lt;/ZOrigin&gt;&lt;ZScale&gt;10000&lt;/ZScale&gt;&lt;MOrigin&gt;-100000&lt;/MOrigin&gt;&lt;MScale&gt;10000&lt;/MScale&gt;&lt;XYTolerance&gt;0.001&lt;/XYTolerance&gt;&lt;ZTolerance&gt;0.001&lt;/ZTolerance&gt;&lt;MTolerance&gt;0.001&lt;/MTolerance&gt;&lt;HighPrecision&gt;true&lt;/HighPrecision&gt;&lt;WKID&gt;26911&lt;/WKID&gt;&lt;/ProjectedCoordinateSystem&gt;</peXml></coordRef><copyHistory><copy source="N:\Science\GISData\TOS\TOS_Plot_Data\17_PacificSW\REL1_TEAK\Site_Information\17_R_TEAK_Roads" dest="\\eco.neoninternal.org\neon\Science\GISData\TOS\TOS_Plot_Data\roads\17_R_TEAK_Roads" date="20191204" time="22045200"></copy></copyHistory></DataProperties></Esri><dataIdInfo><envirDesc Sync="TRUE">Microsoft Windows XP Version 5.1 (Build 2600) Service Pack 3; ESRI ArcGIS 10.0.2.3200</envirDesc><dataLang><languageCode Sync="TRUE" value="en" country="US"></languageCode></dataLang><idCitation><resTitle Sync="TRUE">Roads</resTitle><presForm><PresFormCd Sync="TRUE" value="005"></PresFormCd></presForm></idCitation><spatRpType><SpatRepTypCd Sync="TRUE" value="001"></SpatRepTypCd></spatRpType><dataExt><geoEle><GeoBndBox esriExtentType="native"><westBL Sync="TRUE">230351.1033</westBL><eastBL Sync="TRUE">358610.2631</eastBL><northBL Sync="TRUE">4180875.3583</northBL><southBL Sync="TRUE">4064805.708</southBL><exTypeCode Sync="TRUE">1</exTypeCode></GeoBndBox></geoEle></dataExt><geoBox esriExtentType="decdegrees"><westBL Sync="TRUE">-120.059937</westBL><eastBL Sync="TRUE">-118.583199</eastBL><northBL Sync="TRUE">37.764283</northBL><southBL Sync="TRUE">36.690687</southBL><exTypeCode Sync="TRUE">1</exTypeCode></geoBox><descKeys><thesaName uuidref="723f6998-058e-11dc-8314-0800200c9a66"></thesaName><keyword Sync="TRUE">002</keyword></descKeys></dataIdInfo><mdLang><languageCode Sync="TRUE" value="en"></languageCode></mdLang><mdStanName Sync="TRUE">ISO 19115 Geographic Information - Metadata</mdStanName><mdStanVer Sync="TRUE">DIS_ESRI1.0</mdStanVer><mdChar><CharSetCd Sync="TRUE" value="004"></CharSetCd></mdChar><mdHrLv><ScopeCd Sync="TRUE" value="005"></ScopeCd></mdHrLv><mdHrLvName Sync="TRUE">dataset</mdHrLvName><distInfo><distributor><distorTran><onLineSrc><orDesc Sync="TRUE">002</orDesc><linkage Sync="TRUE">file://\\PCHP8230L4M\gis_library\sierra\SNFLibrary.gdb</linkage><protocol Sync="TRUE">Local Area Network</protocol></onLineSrc></distorTran><distorFormat><formatName Sync="TRUE">File Geodatabase Feature Class</formatName></distorFormat></distributor><distFormat><formatName Sync="TRUE">Shapefile</formatName></distFormat><distTranOps><transSize Sync="TRUE">0.000</transSize></distTranOps></distInfo><refSysInfo><RefSystem><refSysID><identCode Sync="TRUE" code="26911">NAD_1983_UTM_Zone_11N</identCode><idCodeSpace Sync="TRUE">EPSG</idCodeSpace><idVersion Sync="TRUE">7.4.1</idVersion></refSysID></RefSystem></refSysInfo><spatRepInfo><VectSpatRep><topLvl><TopoLevCd Sync="TRUE" value="001"></TopoLevCd></topLvl><geometObjs Name="Road"><geoObjTyp><GeoObjTypCd Sync="TRUE" value="002"></GeoObjTypCd><geoObjCnt Sync="TRUE">0</geoObjCnt></geoObjTyp><geoObjCnt Sync="TRUE">0</geoObjCnt></geometObjs></VectSpatRep></spatRepInfo><mdDateSt Sync="TRUE">20111215</mdDateSt></metadata>
