<?xml version="1.0" encoding="UTF-8"?>
<metadata xml:lang="en"><Esri><CreaDate>20191204</CreaDate><CreaTime>22073200</CreaTime><ArcGISFormat>1.0</ArcGISFormat><SyncOnce>TRUE</SyncOnce><DataProperties><itemProps><itemLocation><linkage Sync="TRUE">file://\\eco.neoninternal.org\neon\Science\GISData\TOS\TOS_Plot_Data\roads\19_R_DEJU_Roads_V2</linkage><protocol Sync="TRUE">Local Area Network</protocol></itemLocation></itemProps><copyHistory><copy source="N:\Science\GISData\TOS\TOS_Plot_Data\19_Taiga\REL1_DEJU\Site_Information\19_R_DEJU_Roads_V2" dest="\\eco.neoninternal.org\neon\Science\GISData\TOS\TOS_Plot_Data\roads\19_R_DEJU_Roads_V2" date="20191204" time="22073200"></copy></copyHistory></DataProperties></Esri></metadata>
